"","year","region","crime_rate","pop_density","pol_officer_rate","pov_rate","unemp_rate","med_age"
"1",1995,"alabama",4215.7,83.8029556650246,2.13,20.1,5.6,34
"2",1995,"alaska",4982.9,1.05895430016095,1.88,7.1,7.9,31
"3",1995,"arizona",7500.1,37.1165590186727,2.05,16.1,4.4,33
"4",1995,"arkansas",4137.7,47.7004320691311,1.87,14.9,4.5,34
"5",1995,"california",4865.1,202.528642777917,1.98,16.7,7.7,32
"6",1995,"colorado",4956.1,36.1229742887717,2.24,8.8,3.9,34
"7",1995,"connecticut",4097.3,675.954592363261,2.21,9.7,5.1,35
"8",1995,"delaware",4433.8,366.751918158568,2.86,10.3,4.7,34
"9",1995,"district of columbia",9512.1,9081.96721311475,6.66,22.2,8.6,33
"10",1995,"florida",6630.6,262.347908217123,2.56,16.2,6.2,37
"11",1995,"georgia",5346.5,124.328804019406,4.34,12.1,4.6,32
"12",1995,"hawaii",6902.9,184.804608438424,2.26,10.3,5.5,34
"13",1995,"idaho",4079.4,14.0542108252468,1.83,14.5,5.4,32
"14",1995,"illinois",4459.6,212.796575108377,2.72,12.4,5.7,33
"15",1995,"indiana",4106.8,161.778645107332,1.62,9.6,4.2,34
"16",1995,"iowa",3747.5,50.8635346756152,1.63,12.2,3.3,35
"17",1995,"kansas",4466.2,31.3481539420456,2.45,10.8,3.7,34
"18",1995,"kentucky",2987,97.1509111043995,1.87,14.7,4.9,34
"19",1995,"louisiana",5668.6,99.6648762796676,3.19,19.7,6.5,32
"20",1995,"maine",3153.3,40.2073546087802,1.6,11.2,5.1,36
"21",1995,"maryland",5307.9,515.805626598465,2.61,10.1,4.8,34
"22",1995,"massachusetts",3654.4,774.942587394744,2.57,11,5.2,34
"23",1995,"michigan",4495,168.089563273425,2.05,12.2,5.3,34
"24",1995,"minnesota",4141.2,57.9022068151274,1.65,9.2,3.4,34
"25",1995,"mississippi",4011.7,57.4881698426909,1.83,23.5,5.8,32
"26",1995,"missouri",4456.8,77.2736509042352,2.07,9.4,3.6,34
"27",1995,"montana",5134.4,5.97708098601226,1.65,15.3,5.7,35
"28",1995,"nebraska",4162.5,21.2934779780952,1.78,9.6,2.6,34
"29",1995,"nevada",5634.2,13.9336648270586,2.45,11.1,5,34
"30",1995,"new hampshire",NA,127.996432155201,1.59,5.3,3.2,35
"31",1995,"new jersey",4103.9,1070.89904299771,3.51,7.8,7.3,35
"32",1995,"new mexico",5608.8,13.883853531525,2.18,25.3,6.2,32
"33",1995,"new york",3718.3,384.042012535999,3.49,16.5,6.4,34
"34",1995,"north carolina",4993.1,147.686686645593,2.58,12.6,5.1,34
"35",1995,"north dakota",2779.6,9.29066295619909,1.54,12,2.9,34
"36",1995,"ohio",3922.7,272.287744487583,1.88,11.5,5.1,34
"37",1995,"oklahoma",4932.7,47.7292913408757,2,17.1,4.4,34
"38",1995,"oregon",6041.5,32.7180683735755,1.96,11.2,4.9,35
"39",1995,"pennsylvania",2937.6,269.344042838019,1.94,12.2,6.3,36
"40",1995,"rhode island",3876.6,947.368421052632,2.35,10.6,6.4,35
"41",1995,"south carolina",5081.8,121.981999933579,2.36,19.9,5.4,33
"42",1995,"south dakota",2853.1,9.60524928850005,1.52,14.5,2.9,34
"43",1995,"tennessee",4591.2,127.514010529125,2.01,15.5,5.1,34
"44",1995,"texas",5020.5,71.4891147475889,2.25,17.4,6.4,31
"45",1995,"utah",5762,23.7440366079252,1.97,8.4,2.8,27
"46",1995,"vermont",3315.4,63.2500810898475,1.54,10.3,4.1,35
"47",1995,"virginia",3627.7,167.129653012778,2.09,10.2,4.3,34
"48",1995,"washington",5785.5,81.5698172151214,1.61,12.5,5.8,34
"49",1995,"west virginia",2248,75.8915597625275,1.59,16.7,7.6,37
"50",1995,"wisconsin",3604.6,94.3219059542659,2.3,8.5,3.7,34
"51",1995,"wyoming",4066,4.94310282683693,2.41,12.2,4,34
"52",1996,"alabama",4254.7,84.1970443349754,2.19,16.8,5,34
"53",1996,"alaska",4722.7,1.06421400694983,1.9,8.5,7.5,32
"54",1996,"arizona",6435.5,38.9644673624188,2.03,17.5,5.2,33
"55",1996,"arkansas",4174.9,48.1997119539126,1.95,15.8,5.2,35
"56",1996,"california",4345.1,204.38152757208,2.06,17.2,6.9,32
"57",1996,"colorado",4714,36.8556527104281,2.29,9.5,3.7,34
"58",1996,"connecticut",3815.6,675.748194014448,2.52,10.7,5.1,36
"59",1996,"delaware",4226.6,370.843989769821,2.83,9.1,5.4,34
"60",1996,"district of columbia",9426.9,8901.6393442623,6.69,22.5,7.3,33
"61",1996,"florida",6446.3,266.681482304572,2.53,15.1,4.9,37
"62",1996,"georgia",5671,126.953158721663,4.22,13.6,4.5,32
"63",1996,"hawaii",6304,184.337536976491,2.32,10.4,6,34
"64",1996,"idaho",3745.3,14.3684064240916,2.05,12.8,5,33
"65",1996,"illinois",4429.6,213.102369003292,2.72,12.3,5,34
"66",1996,"indiana",3961.2,162.838026205743,1.66,10.3,3.6,34
"67",1996,"iowa",3376.4,51.0425055928412,1.63,10.8,3.4,35
"68",1996,"kansas",4268,31.4337044596263,2.46,12.3,4,34
"69",1996,"kentucky",2845.8,97.7549582200745,1.85,16.7,5,34
"70",1996,"louisiana",5909.7,99.871459394941,3.23,22,6.1,32
"71",1996,"maine",3269.2,40.272152924024,1.61,10.6,4.2,36
"72",1996,"maryland",5130.7,518.874680306905,2.62,10.4,4.4,34
"73",1996,"massachusetts",3194.9,777.239091605001,2.64,10.3,3.9,35
"74",1996,"michigan",4482.2,168.881691281311,1.97,12.5,4.7,34
"75",1996,"minnesota",4124.3,58.505093133376,1.68,10.2,3.7,34
"76",1996,"mississippi",4034.6,57.8931662190391,1.92,21.3,5.5,32
"77",1996,"missouri",4493,77.7816482336207,2.09,11.5,4.5,35
"78",1996,"montana",4332.7,6.03891285828135,1.67,14.6,4.6,36
"79",1996,"nebraska",4001.8,21.4885923150966,1.81,9.5,2.7,34
"80",1996,"nevada",5180.7,14.5984736717484,2.45,10.1,5,34
"81",1996,"new hampshire",2705.3,129.557364254655,1.63,6.5,3.9,35
"82",1996,"new jersey",3801.4,1076.69497236824,3.54,8.7,6.2,35
"83",1996,"new mexico",5761.7,14.1145644507432,2.2,24,7.1,33
"84",1996,"new york",3405.3,385.079620531933,3.46,16.7,6,34
"85",1996,"north carolina",4938.1,150.314052300998,2.61,13,4,34
"86",1996,"north dakota",2585.1,9.33414499811578,1.56,11.1,2.7,34
"87",1996,"ohio",4027,272.824945669426,1.91,12.8,5,35
"88",1996,"oklahoma",5055.8,48.0641826468062,2,16.8,4.3,34
"89",1996,"oregon",5533.6,33.3743047019854,1.64,11.6,5.5,35
"90",1996,"pennsylvania",2960.1,268.987059348505,1.96,12.1,4.7,36
"91",1996,"rhode island",3646.4,947.368421052632,2.36,10.6,4.9,35
"92",1996,"south carolina",5217.2,122.845471754508,2.29,15.6,6.1,34
"93",1996,"south dakota",2792.8,9.64477706334985,1.54,13.6,2.9,34
"94",1996,"tennessee",4675.4,129.0666925447,2.11,15.3,5.1,35
"95",1996,"texas",5064.5,73.0316057942683,2.24,17.7,5.5,32
"96",1996,"utah",5654,24.3403758154026,1.69,8,3,27
"97",1996,"vermont",2881.7,63.6825602767867,1.42,10.2,4.5,35
"98",1996,"virginia",3627,168.569119652508,2.13,11.1,4,34
"99",1996,"washington",5478.2,83.1017857947462,1.54,12,5.8,34
"100",1996,"west virginia",2273.3,75.8085274214307,1.63,17.9,7.2,37
"101",1996,"wisconsin",3568.7,95.0031299480797,2.31,8.8,3.1,35
"102",1996,"wyoming",4004.4,4.95340095772617,2.62,11.1,4.6,34
"103",1997,"alabama",4325.3,85.1034482758621,2.04,16.6,5.1,35
"104",1997,"alaska",4571.4,1.06772047814241,1.41,8,7.9,32
"105",1997,"arizona",6571.3,40.0820119322082,1.82,17.9,4.6,34
"106",1997,"arkansas",4191.8,48.4493518963034,1.78,17.2,5.3,35
"107",1997,"california",4067.1,206.881960339289,1.87,16.7,6.3,32
"108",1997,"colorado",4287.2,37.5304880987959,2.4,9.2,3.3,34
"109",1997,"connecticut",3593.4,674.922600619195,1.98,10,5.1,36
"110",1997,"delaware",4460.4,374.424552429668,2.05,9.5,4,35
"111",1997,"district of columbia",7814.9,8672.13114754098,7.98,22.7,7.9,33
"112",1997,"florida",6248.2,271.385447339667,2.53,14.9,4.8,37
"113",1997,"georgia",5185.1,129.249469086138,4.1,13.8,4.5,33
"114",1997,"hawaii",5745,184.804608438424,2.47,12.1,6.4,35
"115",1997,"idaho",3668.4,14.6221797923892,1.76,13.7,5.3,33
"116",1997,"illinois",4279.7,213.983774935693,2.6,11.9,4.7,34
"117",1997,"indiana",3951.6,163.479230554781,1.71,8.6,3.5,34
"118",1997,"iowa",3505.8,51.0425055928412,1.65,10.5,3.3,36
"119",1997,"kansas",4154.3,31.7147990173912,2.52,10.5,3.8,34
"120",1997,"kentucky",2810.1,98.3590053357495,1.85,15.9,5.4,35
"121",1997,"louisiana",5593.4,99.8944130744158,3.5,18.8,6.1,33
"122",1997,"maine",3011,40.2397537664021,1.63,10.9,5.4,37
"123",1997,"maryland",4806.5,521.125319693095,2.71,9.6,5.1,35
"124",1997,"massachusetts",3031,780.556264353151,2.66,11.1,4,35
"125",1997,"michigan",4326.9,172.050203312855,2.04,11.2,4.2,34
"126",1997,"minnesota",4076.1,58.8567768190211,1.71,9.5,3.3,34
"127",1997,"mississippi",4161.3,58.2129002003666,1.96,20.2,5.7,33
"128",1997,"missouri",4237.1,78.4057592382943,2.13,10.2,4.2,35
"129",1997,"montana",4276.7,6.03891285828135,1.69,16,5.4,36
"130",1997,"nebraska",3845.3,21.5536304274305,1.81,9.9,2.6,34
"131",1997,"nevada",5265.8,15.2723894869133,2.45,10.1,4.1,34
"132",1997,"new hampshire",2526.4,130.783810904226,1.63,6.9,3.1,36
"133",1997,"new jersey",3564.4,1085.45626095161,3.65,8.8,5.1,36
"134",1997,"new mexico",6053.2,14.2546389374114,2.21,24,6.2,33
"135",1997,"new york",3222.4,384.063188209385,3.56,16.6,6.4,35
"136",1997,"north carolina",4884.5,152.407734307648,2.64,12.1,3.6,34
"137",1997,"north dakota",2624.2,9.29066295619909,1.64,12.2,2.5,35
"138",1997,"ohio",4079.2,273.142382731424,1.98,11.7,4.6,35
"139",1997,"oklahoma",4935.1,48.2971505118013,2.02,15.8,4.1,34
"140",1997,"oregon",5825.3,33.78054623862,1.64,11.5,5.8,36
"141",1997,"pennsylvania",2989.4,268.1838464971,1.99,11.7,5.2,37
"142",1997,"rhode island",3320.9,944.497607655502,2.4,11.5,5.3,36
"143",1997,"south carolina",5143.7,124.871309488227,2.38,15.4,4.5,34
"144",1997,"south dakota",3047.6,9.72383261304944,1.54,14.2,3.1,34
"145",1997,"tennessee",4722.1,130.231204056382,2.28,15.2,5.4,35
"146",1997,"texas",4878,74.2190184564399,2.22,16.9,5.4,32
"147",1997,"utah",5661.4,25.058416901957,1.76,8.3,3.1,27
"148",1997,"vermont",2708.5,63.6825602767867,1.44,10.7,4,36
"149",1997,"virginia",3530.9,170.059093893631,2.11,11.7,4,34
"150",1997,"washington",5485.6,84.258271879365,1.56,11.2,4.8,34
"151",1997,"west virginia",2250.4,75.3933657159464,1.66,17.2,6.9,37
"152",1997,"wisconsin",3407.1,95.1872445410023,2.34,8.5,3.7,35
"153",1997,"wyoming",3925.6,4.94310282683693,2.43,12.5,5.1,35
"154",1998,"alabama",4085,85.7536945812808,2.29,14.7,4.2,35
"155",1998,"alaska",4123.1,1.07648665612388,1.81,8.8,5.8,32
"156",1998,"arizona",5997,41.0851621759561,2.09,18.1,4.1,34
"157",1998,"arkansas",3793.2,48.7373979836774,2.05,17.2,5.5,35
"158",1998,"california",3639.1,209.440095401127,2.1,16.3,5.9,32
"159",1998,"colorado",4109.5,38.2824475315486,2.55,9.3,3.8,34
"160",1998,"connecticut",3420.2,675.748194014448,2.6,9.9,3.4,36
"161",1998,"delaware",4600.8,380.562659846547,2.96,9.5,3.8,35
"162",1998,"district of columbia",7117,8573.77049180328,7.9,22.7,8.8,34
"163",1998,"florida",5947.4,276.23756875382,2.53,13.9,4.3,38
"164",1998,"georgia",4890.3,131.942885754243,4.18,14.3,4.2,33
"165",1998,"hawaii",5086.1,185.738751362292,2.33,12.3,6.2,35
"166",1998,"idaho",3432.5,14.8517842684681,1.98,13.2,5,33
"167",1998,"illinois",4065,216.663968485241,2.78,11.1,4.5,34
"168",1998,"indiana",3738.4,164.454976303318,1.83,8.6,3.1,34
"169",1998,"iowa",3189.1,51.2214765100671,1.73,9.4,2.8,36
"170",1998,"kansas",4461.7,32.1303301027828,2.55,10.1,3.8,34
"171",1998,"kentucky",2605.3,99.0637269707037,1.97,15.5,4.6,35
"172",1998,"louisiana",5318.8,100.284625625488,3.58,18.6,5.7,33
"173",1998,"maine",2914.9,40.3045520816459,1.68,10.6,4.4,37
"174",1998,"maryland",4569.1,525.319693094629,2.77,8.6,4.6,35
"175",1998,"massachusetts",2814.6,784.256187803011,2.69,10.3,3.3,35
"176",1998,"michigan",4062.1,172.807125631502,2.06,10.8,3.9,35
"177",1998,"minnesota",3736.3,59.3466219525981,1.72,9.9,2.5,34
"178",1998,"mississippi",3973.3,58.6605277742252,2,18.3,5.4,33
"179",1998,"missouri",4270.7,78.9427849865018,2.17,10.4,4.2,35
"180",1998,"montana",3931.9,6.04578306631125,1.71,16.4,5.6,36
"181",1998,"nebraska",3953.8,21.6316761622311,1.85,10.8,2.7,35
"182",1998,"nevada",4636.9,15.9098774201774,2.22,9.9,4.3,34
"183",1998,"new hampshire",2312.7,132.121752703757,1.67,8.4,2.9,36
"184",1998,"new jersey",3213.9,1093.81318236959,3.66,9,4.6,36
"185",1998,"new mexico",5757.7,14.312316667216,2.26,22.4,6.2,33
"186",1998,"new york",2950.7,384.867863798069,3.33,16.6,5.6,35
"187",1998,"north carolina",4742.8,154.891415903773,2.57,12.5,3.5,35
"188",1998,"north dakota",2591.7,9.2471809142824,1.67,13.2,3.2,35
"189",1998,"ohio",3965,273.704002148805,1.95,11.6,4.3,35
"190",1998,"oklahoma",4464.5,48.7339652586671,2.04,14.8,4.5,35
"191",1998,"oregon",5226.8,34.1867877752547,1.65,12.8,5.6,36
"192",1998,"pennsylvania",2852.4,267.759928603302,2.02,11.3,4.6,37
"193",1998,"rhode island",3205.7,945.454545454545,2.41,11.8,4.9,36
"194",1998,"south carolina",4873.8,127.395304041712,2.48,13.3,3.8,34
"195",1998,"south dakota",2469.8,9.72383261304944,1.57,13,2.9,35
"196",1998,"tennessee",4319.4,131.759625415464,2.32,14.5,4.2,35
"197",1998,"texas",4547,75.4446115900639,2.3,16.1,4.8,32
"198",1998,"utah",5191.7,25.5573946061727,1.86,8.5,3.8,27
"199",1998,"vermont",3032.8,63.8987998702562,1.58,10.6,3.4,36
"200",1998,"virginia",3334.7,171.49856053336,2.22,11.3,2.9,35
"201",1998,"washington",5438.9,85.4447965635842,1.58,10,4.8,35
"202",1998,"west virginia",2298.6,75.1857848632042,1.67,17.6,6.6,38
"203",1998,"wisconsin",3294.1,96.1814633427846,2.32,8.6,3.4,35
"204",1998,"wyoming",3560.1,4.95340095772617,2.46,12,4.8,35
"205",1999,"alabama",3922.2,86.1083743842365,2.32,15.1,4.8,35
"206",1999,"alaska",3731.7,1.08525283410534,1.89,8.6,6.4,32
"207",1999,"arizona",5345.4,42.0443146019957,2.15,15.2,4.4,34
"208",1999,"arkansas",3617.5,48.9870379260682,2.19,16.4,4.5,35
"209",1999,"california",3177.8,212.504728382476,2.23,15.3,5.2,33
"210",1999,"colorado",3722.9,39.101890503138,2.54,8.6,2.9,34
"211",1999,"connecticut",3043.7,677.399380804954,2.36,8.4,3.2,37
"212",1999,"delaware",4101.1,385.677749360614,3.13,10.1,3.5,35
"213",1999,"district of columbia",6439.3,8508.19672131147,7.91,19.7,6.3,34
"214",1999,"florida",5351.6,279.848880493361,2.6,13.3,3.9,38
"215",1999,"georgia",4614.6,134.463647507726,3.05,13.7,4,33
"216",1999,"hawaii",4602.4,184.493227463802,2.46,11.9,5.6,36
"217",1999,"idaho",2904.4,15.1297265289845,1.99,13.9,5.2,33
"218",1999,"illinois",3774.1,218.156962207472,2.78,10.4,4.3,34
"219",1999,"indiana",3391.3,165.681628101478,1.83,8.3,3,35
"220",1999,"iowa",2944,51.3467561521253,1.72,8.7,2.5,36
"221",1999,"kansas",4055.9,32.4358676655708,2.55,10.5,3,35
"222",1999,"kentucky",2577.5,99.6929427161985,1.98,13.8,4.5,35
"223",1999,"louisiana",5014.2,100.353486663912,3.86,18.2,5.1,33
"224",1999,"maine",2762.8,40.596144500243,1.7,10.4,4.1,38
"225",1999,"maryland",4175.8,529.104859335038,2.75,7.6,3.5,35
"226",1999,"massachusetts",2711.5,787.828527685634,2.71,10.9,3.2,36
"227",1999,"michigan",3749.9,173.634459328628,2.05,10.3,3.8,35
"228",1999,"minnesota",3323.2,59.9871886657372,1.74,9.1,2.8,35
"229",1999,"mississippi",3920.5,59.022892953063,2.08,16.8,5.1,33
"230",1999,"missouri",4078.5,79.3636970594212,2.2,11.1,3.4,35
"231",1999,"montana",3863.4,6.06639369040095,1.71,15.9,5.2,37
"232",1999,"nebraska",3678.1,21.6706990296314,1.85,11,2.9,35
"233",1999,"nevada",4083.7,16.4745095896399,2.49,11,4.4,35
"234",1999,"new hampshire",2185.4,133.905675103133,1.83,8.9,2.7,36
"235",1999,"new jersey",2988.2,1097.5872759132,3.71,8.5,4.6,36
"236",1999,"new mexico",5127.6,14.3370356942751,2.33,20.8,5.6,34
"237",1999,"new york",2690.5,385.33372861257,3.33,15.7,5.2,35
"238",1999,"north carolina",4633.3,157.046676792972,2.65,13,3.2,35
"239",1999,"north dakota",2326.2,9.18920485839348,1.7,13.9,3.4,35
"240",1999,"ohio",3680.1,274.876077454643,1.97,11.4,4.3,36
"241",1999,"oklahoma",4175.7,48.8941306658513,2.04,13.5,3.4,35
"242",1999,"oregon",4627.1,34.5409470636028,1.68,13.1,5.7,36
"243",1999,"pennsylvania",2693.2,267.60374832664,2.08,10.6,4.4,37
"244",1999,"rhode island",3295.4,948.325358851675,2.41,11.4,4.1,36
"245",1999,"south carolina",4477.3,129.055826774269,2.52,12.8,4.5,35
"246",1999,"south dakota",2477.4,9.65795298829978,1.64,11.7,2.9,35
"247",1999,"tennessee",3998.9,133.045440209612,2.55,13.2,4,35
"248",1999,"texas",4471.5,76.5289369793138,2.27,15.6,4.6,32
"249",1999,"utah",4700.9,25.9225002434038,2.3,7.9,3.7,27
"250",1999,"vermont",2703.5,64.2231592604606,1.61,9.6,3,37
"251",1999,"virginia",3059.2,173.569372190515,2.27,9.8,2.8,35
"252",1999,"washington",4878.3,86.4510896502005,1.6,9.2,4.7,35
"253",1999,"west virginia",2370,75.0197201810105,1.65,16.7,6.6,38
"254",1999,"wisconsin",3050.6,96.6601612843834,2.48,8.5,3,35
"255",1999,"wyoming",3222.5,4.94310282683693,2.55,11.9,4.9,35
"256",2000,"alabama",4059.7,87.6275862068966,2.29,14.6,4.6,35
"257",2000,"alaska",3682.5,1.09915949885514,1.85,8.3,6.6,32
"258",2000,"arizona",5297.8,45.1473222928143,2.03,13.6,3.9,34
"259",2000,"arkansas",3670,51.3374939990398,2.11,15.8,4.4,36
"260",2000,"california",3118.2,217.163534714342,2.15,14,4.9,33
"261",2000,"colorado",3648.6,41.4663305343732,2.4,8.5,2.7,34
"262",2000,"connecticut",NA,702.902992776058,2.2,7.6,2.3,37
"263",2000,"delaware",3793.6,400.818414322251,3.28,9.8,4,36
"264",2000,"district of columbia",5768.6,9378.01639344262,7.42,17.3,5.8,34
"265",2000,"florida",4882.7,296.31566457163,2.57,12.1,3.6,38
"266",2000,"georgia",4246.4,141.34313437732,3.03,12.6,3.7,33
"267",2000,"hawaii",4955.1,188.62478592558,2.5,10.5,4.3,36
"268",2000,"idaho",2933.7,15.6367052966127,1.94,13.3,4.9,33
"269",2000,"illinois",3629.4,223.396704621085,2.93,10.5,4.4,34
"270",2000,"indiana",3402.8,169.514496793978,1.83,8.2,3.2,35
"271",2000,"iowa",2967.3,52.3726890380313,1.68,7.9,2.6,36
"272",2000,"kansas",4019.4,32.8565073390123,2.44,10.4,3.7,35
"273",2000,"kentucky",2665.2,101.725787778113,1.97,12.5,4.1,35
"274",2000,"louisiana",4741.7,102.579442684662,3.81,18.6,5.5,34
"275",2000,"maine",2510.2,41.306431232788,1.69,9.8,3.5,38
"276",2000,"maryland",4029.5,541.84,2.74,7.3,3.9,36
"277",2000,"massachusetts",2550,810.040443990814,2.62,10.2,2.6,36
"278",2000,"michigan",3554.9,174.944885493496,2.14,10.2,3.6,35
"279",2000,"minnesota",3207.6,61.7893037919037,1.7,7.8,3.3,35
"280",2000,"mississippi",3643.5,60.6355885236816,2.07,15.5,5.7,33
"281",2000,"missouri",4037.7,81.2100641528056,2.14,9.7,3.5,36
"282",2000,"montana",3292.7,6.19826733353486,1.58,16,4.9,37
"283",2000,"nebraska",3767.9,22.2594630453446,1.88,10.6,3,35
"284",2000,"nevada",3744.4,18.1980675008652,2.41,10,4.1,35
"285",2000,"new hampshire",2257.8,137.784145389676,1.83,7.4,2.8,37
"286",2000,"new jersey",2776.6,1134.16228602237,3.63,8.1,3.8,36
"287",2000,"new mexico",4761,14.9883490985795,2.29,19.3,4.9,34
"288",2000,"new york",2545.7,401.839255463324,3.26,14.7,4.6,35
"289",2000,"north carolina",4421.8,165.222566607825,2.56,13.2,3.6,35
"290",2000,"north dakota",2206.6,9.30805577296577,1.7,12.7,3,36
"291",2000,"ohio",3707.7,277.223646619295,2.02,11.1,4.1,36
"292",2000,"oklahoma",4060.8,50.2432184510549,2.02,14.1,3,35
"293",2000,"oregon",4494.7,35.6388304410325,1.64,12.8,4.9,36
"294",2000,"pennsylvania",2575.3,274.008344489067,2.02,9.9,4.2,38
"295",2000,"rhode island",3178.7,1003.17607655502,2.33,10,4.1,36
"296",2000,"south carolina",4416.5,133.240742585766,2.77,11.9,3.9,35
"297",2000,"south dakota",2153,9.94576789290608,1.56,9.3,2.3,35
"298",2000,"tennessee",4183,138.025740556539,2.76,13.3,3.9,35
"299",2000,"texas",4410.4,79.6132318241866,2.24,14.9,4.2,32
"300",2000,"utah",4220.3,27.1780863596534,1.92,8.1,3.2,27
"301",2000,"vermont",2873.4,65.8262514866472,1.58,10.1,2.9,37
"302",2000,"virginia",2746.4,178.75940704076,2.34,8.1,2.2,35
"303",2000,"washington",4736,88.5255703579099,1.59,9.4,5.2,35
"304",2000,"west virginia",2286.3,75.0755179142276,1.67,15.8,5.5,39
"305",2000,"wisconsin",2972.3,98.7530839194315,2.38,8.8,3.5,36
"306",2000,"wyoming",3031.5,5.08503166675248,2.44,11,3.9,36
"307",2001,"alabama",3880.8,87.9676059113301,2.27,14.8,5.3,36
"308",2001,"alaska",3647.9,1.11311525420163,1.9,7.9,6.3,32
"309",2001,"arizona",5537.1,46.70219637106,2.03,12.9,4.7,34
"310",2001,"arkansas",3681.4,51.6963994239078,2.12,16.3,5.1,36
"311",2001,"california",3286,221.199374250672,2.12,13.1,5.3,33
"312",2001,"colorado",3868.2,42.5889963269674,2.42,9,3.7,34
"313",2001,"connecticut",2782.4,706.929618163055,2.28,7.4,3.3,37
"314",2001,"delaware",3441.4,407.245524296675,3.4,8.5,3.5,36
"315",2001,"district of columbia",5972.8,9374.13114754098,7.99,16.1,6.5,34
"316",2001,"florida",4772.5,303.993826130486,2.55,12,4.8,38
"317",2001,"georgia",4149.3,144.752412852432,4.13,12.6,4,33
"318",2001,"hawaii",5131.5,190.62712128289,2.39,10.4,4.6,36
"319",2001,"idaho",2890.3,15.9636258172107,1.94,12.7,5,33
"320",2001,"illinois",3460.8,224.530084722897,2.92,10.2,5.4,34
"321",2001,"indiana",3459.6,170.469612489546,1.82,7.9,4.4,35
"322",2001,"iowa",3032.1,52.3164026845638,1.7,7.7,3.3,36
"323",2001,"kansas",3916.6,32.9325617491414,2.57,10.1,4.3,35
"324",2001,"kentucky",2681.1,102.324473975637,1.97,12.4,5.5,36
"325",2001,"louisiana",4651.1,102.498048937245,3.72,17.5,6,34
"326",2001,"maine",2576.7,41.6870241373724,1.7,10.3,4,39
"327",2001,"maryland",4083.8,549.888081841432,2.74,7.3,4.1,36
"328",2001,"massachusetts",2619.1,813.894360806328,2.63,10.2,3.7,36
"329",2001,"michigan",3526.8,175.866799274763,2.1,9.7,5.3,35
"330",2001,"minnesota",3319.3,62.4526671439517,1.7,6.8,3.7,35
"331",2001,"mississippi",3835.1,60.920599394637,2.04,16.8,5.5,34
"332",2001,"missouri",4234.9,81.7107463206479,2.15,10.2,4.7,36
"333",2001,"montana",3336.3,6.21364285910577,1.7,14.4,4.6,38
"334",2001,"nebraska",4025.3,22.285114076849,1.89,9.7,3.1,35
"335",2001,"nevada",3679.2,19.17995373659,2.14,9,5.3,35
"336",2001,"new hampshire",2151.3,140.392574423013,1.86,6.2,3.5,37
"337",2001,"new jersey",2835.2,1143.60843779485,3.64,7.7,4.2,37
"338",2001,"new mexico",4542.8,15.0715698230118,2.19,18.8,4.8,34
"339",2001,"new york",2409.1,402.578731153651,3.22,14.1,4.9,36
"340",2001,"north carolina",4443.7,168.033745227637,2.58,12.9,5.5,35
"341",2001,"north dakota",2338.1,9.19569817665304,1.74,12.4,2.8,36
"342",2001,"ohio",3825.7,277.721803042512,2.01,10.8,4.3,36
"343",2001,"oklahoma",4094.7,50.3807131728767,2.05,14.3,3.8,35
"344",2001,"oregon",4737.4,36.1749442719943,1.61,11.8,6.3,36
"345",2001,"pennsylvania",2550.7,274.144355198572,2.03,9.2,4.7,38
"346",2001,"rhode island",3375.3,1013.32057416268,2.3,10,4.7,37
"347",2001,"south carolina",4032.4,134.934442562519,2.73,12.7,5.4,35
"348",2001,"south dakota",2177.2,9.96890481711816,1.6,9,3.3,35
"349",2001,"tennessee",4407.5,139.2566777457,2.78,13.2,4.5,36
"350",2001,"texas",4579.9,81.4199240972227,2.21,15.2,4.9,32
"351",2001,"utah",4008.9,27.6237586408334,1.85,8,4.4,27
"352",2001,"vermont",2664.2,66.2871661801276,1.62,9.8,3.6,38
"353",2001,"virginia",2886.9,181.517601899086,2.4,8,3.5,36
"354",2001,"washington",4796.8,89.9351616827624,1.62,10.4,6.4,35
"355",2001,"west virginia",2280.1,74.8086519699423,1.77,15.6,4.9,39
"356",2001,"wisconsin",3090.1,99.456972419634,2.38,8.6,4.6,36
"357",2001,"wyoming",3260.4,5.09163276865249,2.54,10.3,3.9,36
"358",2002,"alabama",4020.9,88.4040985221675,2.28,14.6,5.9,36
"359",2002,"alaska",3746.3,1.12870853159506,1.87,8.3,7.7,32
"360",2002,"arizona",5833.4,48.0144048855177,2.01,13.3,6.2,34
"361",2002,"arkansas",3733.1,52.0418434949592,2.11,18,5.4,36
"362",2002,"california",3350.3,225.14174248107,2.18,12.8,6.7,33
"363",2002,"colorado",3995.4,43.445343153795,2.52,9.4,5.7,34
"364",2002,"connecticut",2686.1,714.242105263158,2.26,7.8,4.3,38
"365",2002,"delaware",3340,412.984654731458,3.69,8.1,4.2,36
"366",2002,"district of columbia",6389.4,9358.98360655738,8.1,16.8,6.4,34
"367",2002,"florida",4650.4,309.864267571426,2.55,12.1,5.5,39
"368",2002,"georgia",4048.4,147.797959218909,2.88,12.1,5.1,33
"369",2002,"hawaii",5781.7,193.81877627277,2.38,10.6,4.2,36
"370",2002,"idaho",2917.5,16.2068252951626,1.91,11.8,5.8,33
"371",2002,"illinois",3395.6,226.658392243628,2.89,11.2,6.5,35
"372",2002,"indiana",3392.8,171.705269027042,1.84,8.7,5.1,35
"373",2002,"iowa",3162.6,52.5594630872483,1.7,8.3,4,37
"374",2002,"kansas",3710.3,33.1921831269936,2.63,9.4,5.1,35
"375",2002,"kentucky",2623.6,103.012458471761,1.98,13.1,5.6,36
"376",2002,"louisiana",4435.7,102.893219483083,3.87,17,6.1,34
"377",2002,"maine",2548.2,41.9395431718775,1.69,11.3,4.4,39
"378",2002,"maryland",3977.6,558.377186700767,2.73,7.3,4.4,36
"379",2002,"massachusetts",2609.8,820.081781066599,2.58,9.6,5.3,37
"380",2002,"michigan",3333.8,176.91643929659,2.22,10.3,6.2,36
"381",2002,"minnesota",3267.6,63.0483439466446,1.72,6.5,4.4,35
"382",2002,"mississippi",3815.9,61.2137528243168,2.05,17.6,6.8,34
"383",2002,"missouri",4063.8,82.3329995065169,2.36,9.6,5.5,36
"384",2002,"montana",3161.4,6.24813130341587,1.72,13.7,4.6,38
"385",2002,"nebraska",3942.8,22.4925206170816,1.93,9.5,3.6,35
"386",2002,"nevada",3860,19.7939183651167,2.26,8.3,5.5,35
"387",2002,"new hampshire",2058.7,142.162559928643,1.85,5.6,4.7,37
"388",2002,"new jersey",2649.7,1157.87842027227,3.59,7.8,5.8,37
"389",2002,"new mexico",4338.2,15.2850845390725,2.23,17.8,5.4,35
"390",2002,"new york",2307.7,405.673640521769,3.13,14,6.1,36
"391",2002,"north carolina",4251.2,170.781764440248,2.54,13.1,6.7,35
"392",2002,"north dakota",2328,9.19079919993043,1.77,11.9,4,36
"393",2002,"ohio",3755.9,278.887187751813,2.08,10.1,5.7,36
"394",2002,"oklahoma",4239.8,50.870193217723,2.04,14.7,4.5,35
"395",2002,"oregon",4576,36.6816837149226,1.6,11.2,7.5,36
"396",2002,"pennsylvania",2439.1,275.213989290495,2.06,9.2,5.7,38
"397",2002,"rhode island",3303.8,1023.66028708134,2.32,10.3,5.1,37
"398",2002,"south carolina",4475.3,136.401414765368,2.71,13.5,6,36
"399",2002,"south dakota",2101.3,10.0277089701697,1.61,10.2,3.1,36
"400",2002,"tennessee",4302,140.646037021762,2.81,14.2,5.1,36
"401",2002,"texas",4611,83.1566582924166,2.18,15.3,6.3,32
"402",2002,"utah",4215.5,28.1892707623406,1.91,9.3,6.1,27
"403",2002,"vermont",2423.3,66.6658017082928,1.6,9.9,3.7,38
"404",2002,"virginia",2848.9,184.189656043234,2.38,8.7,4.1,36
"405",2002,"washington",4761.4,91.1520704104775,1.58,10.8,7.3,35
"406",2002,"west virginia",2280.9,74.8068667746087,1.64,16,6.1,39
"407",2002,"wisconsin",3027.8,100.180358655227,2.36,8.6,5.5,36
"408",2002,"wyoming",3307.4,5.13570876885845,2.52,9.5,4.2,36
"409",2003,"alabama",4049.1,88.6847684729064,2.31,15.1,5.8,36
"410",2003,"alaska",3742.2,1.1375308131156,1.81,9,7.7,33
"411",2003,"arizona",5632.4,49.10870100843,1.99,13.9,4.8,34
"412",2003,"arkansas",3621.4,52.3420835333653,2.06,18.5,5.5,36
"413",2003,"california",3424.3,227.503817968495,2.18,12.9,6.4,33
"414",2003,"colorado",3940.9,43.8709329117219,2.47,9.4,5.8,34
"415",2003,"connecticut",2606.7,718.962229102167,2.23,7.9,5,38
"416",2003,"delaware",3384.4,418.153964194373,3.59,7.7,4.1,36
"417",2003,"district of columbia",5800.3,9235.80327868853,8,17.3,6.6,34
"418",2003,"florida",4452,315.536051319132,2.54,12.7,4.7,39
"419",2003,"georgia",4254.6,149.945872684266,4.05,12,4.1,33
"420",2003,"hawaii",5237.5,195.797602366495,2.37,10.7,4.1,37
"421",2003,"idaho",2908.7,16.5113654215659,1.91,11,4.8,33
"422",2003,"illinois",3284.4,227.610382602126,2.89,11.8,6.4,35
"423",2003,"indiana",3357.7,172.724923334263,1.83,9.2,5,35
"424",2003,"iowa",2961.1,52.6901476510067,1.67,8.5,4.4,37
"425",2003,"kansas",3994,33.2853476406389,2.57,10.3,4.8,35
"426",2003,"kentucky",2681.5,103.640063424947,2.23,13.7,5.4,36
"427",2003,"louisiana",4349.5,103.207409447734,3.81,16.9,5.8,34
"428",2003,"maine",2456.7,42.3044872833306,1.69,11.8,5,39
"429",2003,"maryland",3801.4,563.571253196931,2.7,7.7,4.4,36
"430",2003,"massachusetts",2549.5,820.798928298035,2.54,9.7,5.7,37
"431",2003,"michigan",3277.3,177.436409723811,2.21,10.8,7.2,36
"432",2003,"minnesota",3116.8,63.5464159664393,1.67,7.1,4.7,36
"433",2003,"mississippi",3720.4,61.4162296968922,2.04,17.9,5,34
"434",2003,"missouri",4014.5,82.7960753577753,2.36,10.1,5,36
"435",2003,"montana",3098,6.30424716260408,1.68,14,4.5,38
"436",2003,"nebraska",3711.4,22.6240406878431,1.93,9.9,3.7,35
"437",2003,"nevada",4288.4,20.4101233083802,2.09,9,4.4,35
"438",2003,"new hampshire",2053.9,143.5708551678,1.83,6,4.1,38
"439",2003,"new jersey",2544.4,1164.36123466775,3.66,8.2,5.3,37
"440",2003,"new mexico",4123.6,15.4462113971194,2.19,18,5.7,35
"441",2003,"new york",2248.3,406.363607487718,2.7,14.2,6.2,36
"442",2003,"north carolina",4278,172.569645716162,2.58,14.2,6.1,36
"443",2003,"north dakota",2096.1,9.18684233411601,1.78,11.7,3.2,36
"444",2003,"ohio",3640.5,279.24200913242,2.04,10.4,6,37
"445",2003,"oklahoma",4306,51.1296320563782,2.02,14,5.1,35
"446",2003,"oregon",4782.3,37.0783525343222,1.53,11.7,7.2,36
"447",2003,"pennsylvania",2431.3,275.89145470772,2.05,9.9,5.1,38
"448",2003,"rhode island",2995,1029.82200956938,2.32,10.7,5,37
"449",2003,"south carolina",4477.1,137.728803427319,2.67,14,6.1,36
"450",2003,"south dakota",2001.7,10.0704780225572,1.68,10.9,3.4,36
"451",2003,"tennessee",4379.4,141.7246415488,2.8,14.3,5.7,36
"452",2003,"texas",4595.3,84.4495101445513,2.19,15.8,6.4,32
"453",2003,"utah",4225.5,28.6177952487586,1.89,9.8,4.7,27
"454",2003,"vermont",2200.1,66.9377229970808,1.65,9.4,4,38
"455",2003,"virginia",2704.1,186.532905702308,2.4,9.3,3.6,36
"456",2003,"washington",4754.9,92.0900106637029,1.57,11.4,6.8,36
"457",2003,"west virginia",2359.4,75.1589654170299,1.73,16.9,5.3,39
"458",2003,"wisconsin",2882.6,100.753010273594,2.43,8.8,5.2,36
"459",2003,"wyoming",3321.3,5.16185572318624,2.67,9.1,4,37
"460",2004,"alabama",4025,89.2646699507389,2.33,15.5,5.4,36
"461",2004,"alaska",3382.8,1.14913197305628,1.91,9.2,7.3,33
"462",2004,"arizona",5340.5,50.5432322556801,1.95,13.8,4.2,34
"463",2004,"arkansas",4013,52.8589342294767,2.23,17.6,5.6,36
"464",2004,"california",3419,230.12828502369,2.12,13.2,5.8,34
"465",2004,"colorado",3919.3,44.3598511505943,2.57,9.8,5.1,34
"466",2004,"connecticut",2627.2,723.138080495356,2.25,8.8,4.3,38
"467",2004,"delaware",3163.9,424.738618925831,3.37,8.5,4.1,37
"468",2004,"district of columbia",4859.1,9074.14754098361,8.61,16.8,9,34
"469",2004,"florida",4179.7,322.545951758533,2.58,12.3,4.5,39
"470",2004,"georgia",4265.9,152.443636803122,4,12,4.4,34
"471",2004,"hawaii",4792.8,196.612174996108,2.29,9.7,3,37
"472",2004,"idaho",2794.4,16.8367995552924,2,10.5,4,33
"473",2004,"illinois",3186.1,228.691274081269,2.87,12.5,5.8,35
"474",2004,"indiana",3397.6,173.893755227209,1.84,10.2,5.1,35
"475",2004,"iowa",2905.3,52.8760805369128,1.66,9.7,4.7,37
"476",2004,"kansas",3973.5,33.4319445632646,2.67,10.7,4.6,35
"477",2004,"kentucky",2537.7,104.347176079734,2.06,15.4,4.5,36
"478",2004,"louisiana",4410.2,103.653537162007,3.85,17,5.6,34
"479",2004,"maine",2409.6,42.6778875749231,1.66,12.2,4.7,40
"480",2004,"maryland",3640.2,568.599283887468,2.95,8.6,4,36
"481",2004,"massachusetts",2459.7,818.640597091095,2.51,9.8,4.6,37
"482",2004,"michigan",3057.6,178.010878557975,2.16,12.1,7.3,36
"483",2004,"minnesota",3039,64.0687039200171,1.67,7,4.4,36
"484",2004,"mississippi",3478.5,61.878458455898,2.07,17.7,6.4,34
"485",2004,"missouri",3903.5,83.523730732387,2.36,10.9,5.5,36
"486",2004,"montana",2936.2,6.36775536563247,1.66,14.3,3.7,38
"487",2004,"nebraska",3520.6,22.7271000806473,1.95,9.9,3.6,35
"488",2004,"nevada",4206.6,21.2626905633572,2.04,10.2,3.8,35
"489",2004,"new hampshire",2040.1,144.887947374289,1.83,5.7,3.3,38
"490",2004,"new jersey",2429.2,1172.5136810891,3.63,8.2,4.2,37
"491",2004,"new mexico",4197.7,15.6824840974259,2.2,17.5,5.2,35
"492",2004,"new york",2198.6,407.146535659834,3.06,14.4,5.3,36
"493",2004,"north carolina",4160.2,175.319614926721,2.6,14.8,5.2,36
"494",2004,"north dakota",1916.6,9.19450966750732,1.81,10.3,3.2,36
"495",2004,"ohio",3673.2,279.808829633971,2,10.8,5.9,37
"496",2004,"oklahoma",4242.1,51.3046637254474,1.99,12.6,4.2,35
"497",2004,"oregon",4631.3,37.4428241078311,1.52,11.7,6.8,37
"498",2004,"pennsylvania",2415,276.802588130299,2.04,10.4,5.6,39
"499",2004,"rhode island",2884.1,1034.0976076555,2.14,11.3,4.6,37
"500",2004,"south carolina",4504.8,139.419746936336,2.8,14,6.7,36
"501",2004,"south dakota",1933.5,10.157096553178,1.67,12.5,3.3,36
"502",2004,"tennessee",4306.5,143.161212062398,2.8,14.9,5.2,36
"503",2004,"texas",4494,85.8679642936231,2.17,16.4,5.8,32
"504",2004,"utah",4085.6,29.0750535488268,1.86,9.6,4.4,27
"505",2004,"vermont",2308.2,67.1849929722132,1.71,8.8,3.4,39
"506",2004,"virginia",2676.6,188.388984292136,2.38,9.8,3.3,36
"507",2004,"washington",4849.2,93.1765518691519,1.54,11.7,5.8,36
"508",2004,"west virginia",2506.2,75.3665462697721,1.76,16.1,4.9,40
"509",2004,"wisconsin",2663.1,101.429207939021,2.36,10.2,4.6,37
"510",2004,"wyoming",3334.3,5.21630194119767,2.56,9.6,3.3,37
"511",2005,"alabama",3892.1,89.8090246305419,2.34,16.2,3.5,36
"512",2005,"alaska",3612.5,1.16355408907138,1.83,9.6,6.9,33
"513",2005,"arizona",4838,52.2631773464036,1.94,14.4,4.6,34
"514",2005,"arkansas",4057.9,53.3682957273164,2.15,15.6,4.5,36
"515",2005,"california",3322.6,231.656421303687,2.12,13.2,5.1,34
"516",2005,"colorado",4039.5,44.9746647514196,2.51,10.4,4.6,35
"517",2005,"connecticut",2558,724.519504643963,2.23,9.2,4.8,38
"518",2005,"delaware",3111.4,431.470076726343,3.44,8.5,4.4,37
"519",2005,"district of columbia",4747,9024.93442622951,8.66,18.3,6,34
"520",2005,"florida",4007.9,329.826723770325,2.46,11.8,3.3,39
"521",2005,"georgia",4172.3,156.642483468292,3.93,13.1,5.2,34
"522",2005,"hawaii",4792.6,198.535575276351,2.34,8.8,2.7,37
"523",2005,"idaho",2697.9,17.2698335971771,2.03,10,3.4,34
"524",2005,"illinois",3080.3,229.585937078409,2.86,12.1,5.5,35
"525",2005,"indiana",3456.3,174.852885419571,1.83,11.4,5.5,36
"526",2005,"iowa",2833.7,53.0887516778524,1.67,10.4,4.5,37
"527",2005,"kansas",3787,33.5441990638329,2.68,11.6,4.9,35
"528",2005,"kentucky",2530.5,105.038885533072,2.08,15.6,6.3,37
"529",2005,"louisiana",3683.1,103.83390717532,3.76,17.4,6.4,35
"530",2005,"maine",2413.1,42.8156487931314,1.66,11.9,4.8,40
"531",2005,"maryland",3544.1,572.929718670077,2.66,9.4,3.9,37
"532",2005,"massachusetts",2363.6,816.374457769839,2.57,9.9,4.9,38
"533",2005,"michigan",3091.1,178.155925997641,2.14,12.2,6.7,36
"534",2005,"minnesota",3084.1,64.4686310712536,1.64,7.5,4.1,36
"535",2005,"mississippi",3260.1,62.2647397365392,2.02,18.3,9.9,35
"536",2005,"missouri",3927.5,84.186913988795,2.29,11.5,5.1,37
"537",2005,"montana",3142.9,6.42824754733573,1.72,14.4,3.7,39
"538",2005,"nebraska",3423.2,22.8776372954551,1.94,9.6,3.7,35
"539",2005,"nevada",4241.5,21.9915760523104,2.06,10.8,3.8,35
"540",2005,"new hampshire",1796.4,146.051956739882,1.82,5.6,3.5,39
"541",2005,"new jersey",2333,1175.08087343308,3.69,7.8,4.7,37
"542",2005,"new mexico",4148.3,15.8892587587753,2.22,17.5,4.8,35
"543",2005,"new york",2108.5,407.729756056243,3.07,14.6,5.1,37
"544",2005,"north carolina",4075.1,178.234779752863,2.59,14.4,4.9,36
"545",2005,"north dakota",1978.2,9.22800533379714,1.8,10.2,3.3,37
"546",2005,"ohio",3662.7,279.931677776964,1.99,11.6,5.9,37
"547",2005,"oklahoma",4042,51.6589350456471,1.98,13.1,4.1,36
"548",2005,"oregon",4399.8,37.9268765234058,1.53,12.1,5.7,37
"549",2005,"pennsylvania",2417.2,277.322980812137,2.04,11,4.9,39
"550",2005,"rhode island",2718.9,1029.84593301435,2.37,11.7,5.2,37
"551",2005,"south carolina",4339.4,141.313241008269,2.82,14.2,7,36
"552",2005,"south dakota",1776.4,10.2236349741752,1.72,12.7,3.9,36
"553",2005,"tennessee",4275.5,144.665299983018,2.71,15,5.4,36
"554",2005,"texas",4332,87.2804355628183,2.18,16.5,5.1,33
"555",2005,"utah",3868.9,30.0553135040405,1.83,9.4,3.8,28
"556",2005,"vermont",2280.7,67.364039355606,1.96,8,3.6,39
"557",2005,"virginia",2638.2,191.10725289156,2.38,9.5,3.3,36
"558",2005,"washington",4893,94.4377374926781,1.6,11.4,5.3,36
"559",2005,"west virginia",2625.2,75.4289035579358,1.79,15.6,4.7,40
"560",2005,"wisconsin",2660.2,101.929539345289,2.33,10.8,4.8,37
"561",2005,"wyoming",3155.3,5.24477627310643,2.6,10.1,3.2,37
"562",2006,"alabama",3936.1,90.6212807881773,2.31,16,3.6,37
"563",2006,"alaska",3604.9,1.17476077100289,1.88,9.3,6.7,33
"564",2006,"arizona",4627.9,54.2609070590099,1.91,14.7,4.1,35
"565",2006,"arkansas",3967.5,53.9773787806049,2.13,15.6,5.1,36
"566",2006,"california",3170.9,233.742692645522,2.13,12.9,4.8,34
"567",2006,"colorado",3451.3,45.8249573407629,2.51,10.4,4,35
"568",2006,"connecticut",2504.1,723.386790505676,2.25,9.1,4.2,39
"569",2006,"delaware",3417.9,436.560613810742,3.26,9.2,3.4,37
"570",2006,"district of columbia",4653.8,9533.27868852459,8.25,18.8,6.3,34
"571",2006,"florida",3986.1,335.389213341491,2.66,11.4,3.3,39
"572",2006,"georgia",3889.2,161.67304338818,3.85,13.3,4.6,34
"573",2006,"hawaii",4230.4,200.139810057605,2.38,8.8,2,37
"574",2006,"idaho",2418.8,17.7214172638397,1.92,9.8,3.2,34
"575",2006,"illinois",3019.6,230.819887395895,2.9,11.5,4.1,35
"576",2006,"indiana",3502.4,176.011151379983,1.8,11.6,4.8,36
"577",2006,"iowa",2802.7,53.3706487695749,1.67,10.8,3.5,37
"578",2006,"kansas",3750.2,33.7811495545262,2.81,12.2,4.5,36
"579",2006,"kentucky",2544.5,105.861119500654,2.08,16.5,5.2,37
"580",2006,"louisiana",3993.7,98.4200523343892,3.95,17.4,4.3,35
"581",2006,"maine",2518.7,42.8178843350073,1.6,11.5,4.7,41
"582",2006,"maryland",3480.9,574.498925831202,2.95,9.3,3.9,37
"583",2006,"massachusetts",2391,821.280045930084,2.65,10.5,5.3,38
"584",2006,"michigan",3212.8,177.712035064866,2.12,12.9,7.1,37
"585",2006,"minnesota",3079.5,64.899468706432,1.63,7.7,4.2,36
"586",2006,"mississippi",3208.8,62.0399028008697,2.08,19.8,7.5,35
"587",2006,"missouri",3826.5,84.8023600104502,2.35,11.7,4.9,37
"588",2006,"montana",2687.5,6.48981835169969,1.79,13.8,2.9,39
"589",2006,"nebraska",3340.7,23.0017820442779,1.95,9.7,3.1,36
"590",2006,"nevada",4088.8,22.7267089230097,2.11,10.4,4.4,35
"591",2006,"new hampshire",1874.1,146.604415207938,1.9,5.5,3.5,39
"592",2006,"new jersey",2291.9,1175.97519881386,3.66,7.9,4.2,38
"593",2006,"new mexico",3937.2,16.1052618568933,2.14,17.1,3.8,36
"594",2006,"new york",2052.7,408.821425546332,3.07,14.5,4,37
"595",2006,"north carolina",4120.8,181.791227061866,2.59,13.8,4.9,36
"596",2006,"north dakota",2000.3,9.21626518247964,1.85,10.8,3.2,37
"597",2006,"ohio",3678.6,280.272654018021,2.04,12,5.6,37
"598",2006,"oklahoma",3604.2,52.1150861253076,1.98,13.9,3.8,36
"599",2006,"oregon",3672.1,38.5487594008458,1.56,11.9,5.4,37
"600",2006,"pennsylvania",2443.5,277.568518518519,2.06,11.3,4.6,39
"601",2006,"rhode island",2586.9,1021.63636363636,2.39,11.3,5.2,38
"602",2006,"south carolina",4242.3,143.510643950716,2.78,13.7,6.6,37
"603",2006,"south dakota",1619.6,10.3025060609255,1.69,12,3.2,36
"604",2006,"tennessee",4128.3,146.5053252141,2.64,15.2,4.7,37
"605",2006,"texas",4081.5,89.753823774216,2.14,16.4,4.5,33
"606",2006,"utah",3516.4,31.0347458864765,1.73,9.5,2.6,28
"607",2006,"vermont",2304.7,67.4568061412045,1.84,7.7,3.8,40
"608",2006,"virginia",2478.2,193.011869286328,2.41,9.1,2.9,36
"609",2006,"washington",4480,96.0604076237966,1.56,9.9,5,36
"610",2006,"west virginia",2621.5,75.495910657201,1.9,15,5.1,40
"611",2006,"wisconsin",2817.8,102.303384026218,2.29,10.9,4.9,37
"612",2006,"wyoming",2980.6,5.30357860048401,2.59,10.2,3,37
"613",2007,"alabama",3971.6,91.1891822660099,2.34,15.2,4,37
"614",2007,"alaska",3379.5,1.19829795888312,1.82,8.8,6.5,33
"615",2007,"arizona",4414,55.7782773974411,1.96,14.7,4.7,35
"616",2007,"arkansas",3953.1,54.4368122899664,2.19,15.1,5.9,37
"617",2007,"california",3033,234.356042391952,2.21,12.7,6.1,34
"618",2007,"colorado",3006.1,46.8674623297246,2.49,10.3,4.5,35
"619",2007,"connecticut",2399.9,722.870794633643,2.26,8.7,5,39
"620",2007,"delaware",3370.1,442.33452685422,3.18,9.3,3.8,38
"621",2007,"district of columbia",4913.9,9644.13114754098,8.33,19.2,6.1,34
"622",2007,"florida",4089.3,338.380759033687,2.47,11.7,4.7,40
"623",2007,"georgia",3901,164.794799633972,3.91,13.5,4.8,34
"624",2007,"hawaii",4225.4,199.811303129379,2.37,8.4,3.2,38
"625",2007,"idaho",2246.6,18.1194426653454,1.92,9.8,3,34
"626",2007,"illinois",2935.8,231.190041911751,2.9,10.7,5.5,36
"627",2007,"indiana",3396.6,176.896821856705,1.83,11.7,4.6,36
"628",2007,"iowa",2615.6,53.4773333333333,1.7,10.2,4,37
"629",2007,"kansas",3678.7,33.9268543074686,2.85,12.3,4.4,36
"630",2007,"kentucky",2518.3,106.752088996275,2.12,15.7,5.7,37
"631",2007,"louisiana",4076,98.5448285360143,3.84,17.1,4.2,35
"632",2007,"maine",2428.8,42.6763972136724,1.73,11.2,5.1,41
"633",2007,"maryland",3431.5,574.766649616368,2.76,9,3.8,37
"634",2007,"massachusetts",2391.5,822.88275070171,2.6,11.1,4.5,38
"635",2007,"michigan",3065.7,177.292717703181,2.1,12,7.6,37
"636",2007,"minnesota",3036.6,65.2828039237851,1.66,8.5,4.9,36
"637",2007,"mississippi",3200.8,62.215649912606,2.08,21.1,6.8,35
"638",2007,"missouri",3738.4,85.3205463148422,2.61,11.9,5.5,37
"639",2007,"montana",2765.4,6.58070433372723,1.83,13.4,3.6,39
"640",2007,"nebraska",3161.4,23.0829496084706,1.91,9.9,3.2,36
"641",2007,"nevada",3777.8,23.3628581316139,2.49,10,5.8,35
"642",2007,"new hampshire",1892,146.708440182852,1.93,5.6,3.6,39
"643",2007,"new jersey",2213.1,1170.76694972368,3.77,8.1,4.5,38
"644",2007,"new mexico",3725.7,16.2314607297057,2.19,16.3,3.7,36
"645",2007,"new york",1978.6,408.642406403524,3.06,14.4,4.9,37
"646",2007,"north carolina",4087.3,185.989408432202,2.57,14.1,5,36
"647",2007,"north dakota",1889.6,9.27203814824477,1.85,10.6,3.3,37
"648",2007,"ohio",3455.2,280.001880204136,2.1,12.4,6,37
"649",2007,"oklahoma",3526.4,52.6698990957935,2.02,14.7,4.5,36
"650",2007,"oregon",3526.2,39.0351763504927,1.81,12.2,5.6,37
"651",2007,"pennsylvania",2361.3,277.393842034806,2.11,11,4.7,39
"652",2007,"rhode island",2622.6,1012.27942583732,2.43,10.7,5.5,38
"653",2007,"south carolina",4271.7,146.382019859852,2.77,13.4,6.6,37
"654",2007,"south dakota",1652.3,10.4908559080847,1.74,10.7,3,36
"655",2007,"tennessee",4088.6,149.366044785172,2.64,14.8,5.3,37
"656",2007,"texas",4121.2,91.2680498178791,2.16,16.4,4.5,33
"657",2007,"utah",3500.3,32.1941631778795,1.72,9.4,3.2,28
"658",2007,"vermont",2322.7,67.1698562006703,1.89,8.4,4,40
"659",2007,"virginia",2466.4,194.759609071165,2.43,8.8,3.5,36
"660",2007,"washington",4030.8,97.151199291089,1.6,9.4,4.8,36
"661",2007,"west virginia",2525,75.2287540997218,1.81,15.2,4.9,40
"662",2007,"wisconsin",2837.7,103.134366829915,2.26,10.4,5,37
"663",2007,"wyoming",2865.9,5.38417177282323,2.72,10.5,3.1,37
"664",2008,"alabama",4082.9,91.8600985221675,2.39,16.4,6.7,37
"665",2008,"alaska",2932.3,1.20323331708668,1.89,9.4,7.5,33
"666",2008,"arizona",4291,57.1987469421517,1.98,14.4,6.9,35
"667",2008,"arkansas",3835.1,54.8322611617859,2.11,17.5,6.2,37
"668",2008,"california",2940.3,235.660441230213,2.27,12.9,9.3,34
"669",2008,"colorado",2849,47.6188529726499,2.51,11.8,6.1,35
"670",2008,"connecticut",2458.7,722.652631578947,2.41,8.5,7.1,39
"671",2008,"delaware",3585.3,446.594373401535,3.26,10.5,6.2,38
"672",2008,"district of columbia",5104.6,9702.18032786885,8.58,17.7,8.8,34
"673",2008,"florida",4140.8,339.810148877394,2.48,12.6,8.1,40
"674",2008,"georgia",4015.5,167.229130337195,3.93,14.6,8.1,34
"675",2008,"hawaii",3571.2,200.560174373346,2.45,8.8,5.5,38
"676",2008,"idaho",2101.2,18.4144723326606,1.9,12.4,6.4,34
"677",2008,"illinois",2932.6,232.071717662296,2.89,12.1,7.6,36
"678",2008,"indiana",3335.8,177.775076665737,1.85,12.7,8.2,36
"679",2008,"iowa",2420.9,53.7370022371365,1.72,11.2,4.6,37
"680",2008,"kansas",3377.2,34.2462877186121,2.76,11.6,5.2,36
"681",2008,"kentucky",2583.9,107.451047015,2.04,17.2,7.8,37
"682",2008,"louisiana",3823.1,101.243997612817,3.99,18.3,5.9,35
"683",2008,"maine",2452.4,42.6520654462984,1.69,12.4,7,41
"684",2008,"maryland",3517.6,576.327058823529,2.78,8.1,5.8,37
"685",2008,"massachusetts",2400.1,829.033809645318,2.61,9.9,6.9,38
"686",2008,"michigan",2934.8,176.088683131194,2.12,14,10.6,38
"687",2008,"minnesota",2850.6,65.5688232412676,1.65,9.6,6.9,37
"688",2008,"mississippi",2940.4,62.6384021827173,2.08,21,8,35
"689",2008,"missouri",3663.7,85.8022729251938,2.64,13.3,7.3,37
"690",2008,"montana",2603,6.64651405644563,1.76,14.2,5.4,39
"691",2008,"nebraska",2878.6,23.1982101511486,1.93,11.2,4,36
"692",2008,"nevada",3447.5,23.6796440995938,2.2,10.8,9.1,35
"693",2008,"new hampshire",2091.9,146.706321775003,2.03,7.6,4.6,40
"694",2008,"new jersey",2293.4,1170.32767219302,3.72,8.7,7.1,38
"695",2008,"new mexico",3909.2,16.3504498862925,2.2,17.9,4.9,36
"696",2008,"new york",1993.5,412.720163476199,3.07,13.8,7,37
"697",2008,"north carolina",4044.1,189.301982840018,2.59,14.5,8.7,37
"698",2008,"north dakota",1894.4,9.29763457691973,1.86,11.8,3.5,37
"699",2008,"ohio",3411.7,280.465655751715,2.15,13.3,7.8,38
"700",2008,"oklahoma",3442.4,53.0345666069687,2.12,16.3,4.9,36
"701",2008,"oregon",3282.2,39.4789691881419,1.74,13.3,9,38
"702",2008,"pennsylvania",2410.2,277.739379741187,2.09,11.9,6.7,39
"703",2008,"rhode island",2840.6,1005.53875598086,2.45,11.6,10,38
"704",2008,"south carolina",4234.2,148.776194746106,2.81,15.5,9.5,37
"705",2008,"south dakota",1645.6,10.5959997891852,1.72,13.1,3.9,37
"706",2008,"tennessee",4042.6,150.777262912734,2.65,15.9,7.9,37
"707",2008,"texas",3985.6,92.8815336331773,2.19,16.3,6,33
"708",2008,"utah",3357.4,33.3027942751436,1.69,10,4.3,28
"709",2008,"vermont",2538.5,67.1715861174181,1.69,10.3,6.4,40
"710",2008,"virginia",2518.1,196.199025203293,2.46,9.9,5.4,37
"711",2008,"washington",3758.4,98.3647587149487,1.65,11.5,7.1,37
"712",2008,"west virginia",2568.6,75.3297629426662,1.73,17.1,4.9,41
"713",2008,"wisconsin",2756.4,103.619085318702,2.29,10.7,6.2,38
"714",2008,"wyoming",2717.3,5.48548478451161,2.65,9.2,3.4,36
"715",2009,"alabama",3772.4,92.7824236453202,2.43,16.7,11,37
"716",2009,"alaska",2946,1.22458772664953,1.87,8.7,8.8,34
"717",2009,"arizona",3556.5,58.0399676176062,1.98,15.2,9.1,35
"718",2009,"arkansas",3773.7,55.4863178108497,2.15,18.1,7.7,37
"719",2009,"california",2731.5,236.974758451783,2.24,13.3,12.4,35
"720",2009,"colorado",2666.2,48.4411109718594,2.47,12.2,7.5,36
"721",2009,"connecticut",2335.8,726.168833849329,2.4,9,8.9,39
"722",2009,"delaware",3349.6,452.747826086957,3.21,10.7,9,38
"723",2009,"district of columbia",4745.4,9830.44262295082,8.53,17.4,12.1,33
"724",2009,"florida",3840.8,343.696701707548,2.48,13.6,11.8,40
"725",2009,"georgia",3666.6,169.706158600805,3.94,15.3,10.3,35
"726",2009,"hawaii",3661.2,201.646893974778,2.43,9.3,6.9,38
"727",2009,"idaho",1988.7,18.6801488803761,1.87,13.3,9.1,34
"728",2009,"illinois",2736.9,232.230838414908,2.84,12.6,11.1,36
"729",2009,"indiana",3116.2,179.06643434625,1.88,13.4,9.9,36
"730",2009,"iowa",2308.7,53.8318747203579,1.74,11.5,6.6,38
"731",2009,"kansas",3207.8,34.449323539836,2.64,12.1,6.6,36
"732",2009,"kentucky",2512.7,108.580313097755,2.06,18,10.7,37
"733",2009,"louisiana",3794.6,103.109672680531,3.78,17.9,7.5,35
"734",2009,"maine",2403.5,42.7118418921108,1.67,12.4,8.3,42
"735",2009,"maryland",3200.7,583.066803069054,2.75,8.4,7.5,37
"736",2009,"massachusetts",2304,841.233350344476,2.49,10.1,9.4,38
"737",2009,"michigan",2837.8,175.495555281734,2.07,15.1,14.6,38
"738",2009,"minnesota",2641,66.144341032694,1.64,10.2,7.4,37
"739",2009,"mississippi",2953.3,62.923562262864,2.15,21.4,10.6,35
"740",2009,"missouri",3385.3,86.9049899851955,2.63,13.8,9.6,37
"741",2009,"montana",2464,6.69837725686334,1.82,14.9,6.7,39
"742",2009,"nebraska",2761.5,23.3697416686178,1.96,11.7,4.7,36
"743",2009,"nevada",3055.6,24.0704970584485,2.27,11.6,13,36
"744",2009,"new hampshire",2161,147.683688259561,1.97,7.8,7,40
"745",2009,"new jersey",2079.7,1173.70791211754,3.72,9,10.1,38
"746",2009,"new mexico",3735.8,16.5590372762928,2.29,17.8,8.3,36
"747",2009,"new york",1936,413.803426223954,3.01,13.9,9,37
"748",2009,"north carolina",3668.1,192.554784679174,2.58,15.2,11.2,37
"749",2009,"north dakota",1932.8,9.3753659738528,1.93,12.2,4.4,37
"750",2009,"ohio",3270.9,281.851024344981,2.1,14,10.9,38
"751",2009,"oklahoma",3573.8,53.6852604143916,2.16,16.1,6.6,36
"752",2009,"oregon",2967.1,39.8497635465928,1.78,13.7,11,38
"753",2009,"pennsylvania",2201.6,281.230856760375,2.07,12.1,8.9,39
"754",2009,"rhode island",2610.8,1007.85550239234,2.42,11.9,12.9,39
"755",2009,"south carolina",3888.6,151.480920593803,2.66,16,12.6,37
"756",2009,"south dakota",1719.4,10.7038974386002,1.78,13.4,4.7,36
"757",2009,"tennessee",3754.1,152.751255488974,2.67,16.4,10.9,37
"758",2009,"texas",4015.5,94.6199974037279,2.23,16.6,8.3,33
"759",2009,"utah",3275.4,33.8887644825236,1.7,10.3,6.7,28
"760",2009,"vermont",2401.4,67.2245648178181,1.85,10.9,6.9,41
"761",2009,"virginia",2428.8,199.065356836204,2.42,10.3,6.9,37
"762",2009,"washington",3666.9,100.091542632282,1.62,11.8,9.5,37
"763",2009,"west virginia",2526.7,75.5501722921078,1.89,17.4,9.1,41
"764",2009,"wisconsin",2608.2,104.11264130795,2.3,11.4,8.7,38
"765",2009,"wyoming",2637.3,5.60496369908862,2.69,9.7,7.5,36
"766",2010,"alabama",3516.8,94.3772534307434,2.35,17.4,9.1,37
"767",2010,"alaska",2852.5,1.24461964702852,1.77,9.1,8.1,33
"768",2010,"arizona",3534,56.2707273271476,2,16.3,9.4,36
"769",2010,"arkansas",3558.9,56.0376285192659,2.12,18.4,7.9,37
"770",2010,"california",2635.8,239.146200707412,2.19,14.5,12.5,35
"771",2010,"colorado",2684.2,48.5246907624322,2.42,12.5,8.8,36
"772",2010,"connecticut",2193.2,738.144774886411,2.35,9.7,9,40
"773",2010,"delaware",3448.2,460.715238583889,3.89,11.3,8.5,38
"774",2010,"district of columbia",4778.9,9864.31147540984,7.59,18.7,9.7,33
"775",2010,"florida",3558.4,350.60717948718,2.45,15,12,40
"776",2010,"georgia",3640.5,168.442839010311,4.03,16.5,10.2,35
"777",2010,"hawaii",3314.2,211.785925579947,2.28,10,6.4,38
"778",2010,"idaho",1995.8,18.9681158718827,1.92,14.3,9.5,34
"779",2010,"illinois",2681,231.103442064879,2.76,13.1,9.3,36
"780",2010,"indiana",3042.4,180.980349466868,1.86,14.2,9.5,36
"781",2010,"iowa",2242.5,54.5384642927475,1.71,11.9,6.3,38
"782",2010,"kansas",3119.9,34.8966841570959,2.6,12.8,6.8,35
"783",2010,"kentucky",2551.3,109.896343007648,2.11,18.2,10.3,38
"784",2010,"louisiana",3647.5,104.929450976761,3.76,17.8,8,35
"785",2010,"maine",2479.3,43.0684758291995,1.68,12.6,7.3,42
"786",2010,"maryland",2997.3,594.782322035644,2.69,9.1,7.4,38
"787",2010,"massachusetts",2350.5,839.439615384615,2.47,10.8,8.2,39
"788",2010,"michigan",2713.6,174.811015405295,2.02,15.7,11.7,38
"789",2010,"minnesota",2572.3,66.609629899406,1.62,11,7,37
"790",2010,"mississippi",2985,63.2375807173454,2.19,21.8,10.1,36
"791",2010,"missouri",3346.4,87.1218032643798,2.62,14.5,9.5,37
"792",2010,"montana",2543.8,6.79795391147816,1.86,14.6,7.2,39
"793",2010,"nebraska",2673.2,23.7730526918671,1.93,11.9,4.4,36
"794",2010,"nevada",2774.7,24.5994388828668,2.18,13,14.5,36
"795",2010,"new hampshire",2186.3,147.042332179158,1.98,8.1,5.5,41
"796",2010,"new jersey",2081.9,1195.52542833832,3.56,9.5,9.1,38
"797",2010,"new mexico",3435.4,16.9761991129285,2.2,18.7,8.5,36
"798",2010,"new york",1941.2,411.197682807792,3,14.4,8.2,37
"799",2010,"north carolina",3447.3,196.130712904686,2.58,16.2,9.8,37
"800",2010,"north dakota",1768.5,9.74755438326981,1.98,12.3,3.8,36
"801",2010,"ohio",3245.2,282.335331979149,2.03,14.8,9.6,38
"802",2010,"oklahoma",3415.5,54.688402944821,2.05,16.3,6.8,36
"803",2010,"oregon",3012.9,39.9120098345627,1.81,14.6,10.6,38
"804",2010,"pennsylvania",2173,283.896453076459,2.06,12.8,8.5,40
"805",2010,"rhode island",2556.6,1017.95647969052,2.41,12.8,11.5,39
"806",2010,"south carolina",3900.4,153.865939256844,2.67,17.1,10.7,37
"807",2010,"south dakota",1852.4,10.7396024323647,1.79,13.8,4.6,36
"808",2010,"tennessee",3657.9,153.900933672851,2.67,16.9,9.4,38
"809",2010,"texas",3783,96.2575832976052,2.19,17,8.3,33
"810",2010,"utah",3179.6,33.6361810879883,1.78,11.5,7.5,29
"811",2010,"vermont",2282.3,67.8898774004557,1.95,11.7,5.8,41
"812",2010,"virginia",2327.2,202.608863003292,2.39,10.7,6.7,37
"813",2010,"washington",3706.6,101.187853617431,1.58,12.5,9.3,37
"814",2010,"west virginia",2239.6,77.0860304517847,1.95,17.6,9.6,41
"815",2010,"wisconsin",2507.7,105.007311939141,2.29,12.1,7.5,38
"816",2010,"wyoming",2461.6,5.80501168982316,2.52,10.3,6.4,36
"817",2011,"alabama",3606.1,94.8314739855859,2.38,18.4,8.1,38
"818",2011,"alaska",2632.8,1.26650205645932,1.82,9.8,7.3,33
"819",2011,"arizona",3554.5,57.06731869641,1.93,17.6,8.7,36
"820",2011,"arkansas",3754.1,56.461593158451,2.16,19,7.7,37
"821",2011,"california",2583.8,241.957593770662,2.09,15.5,11.1,35
"822",2011,"colorado",2606.3,49.3699079523745,2.33,13.2,7.9,36
"823",2011,"connecticut",2167.4,739.510326311442,2.28,10.1,8.2,40
"824",2011,"delaware",3410.6,465.436121087737,3.77,11.7,7.4,39
"825",2011,"district of columbia",4795.5,10131.0819672131,7.88,18.9,10.4,33
"826",2011,"florida",3522,355.385398601399,2.39,16.1,9.9,41
"827",2011,"georgia",3626.5,170.660720185002,3.96,17.8,9.7,35
"828",2011,"hawaii",3337.8,214.044838860346,2.26,11.1,6.6,38
"829",2011,"idaho",2068.6,19.1786963203175,1.88,15.3,8.4,34
"830",2011,"illinois",2688.8,231.799149840595,2.71,14,9.8,36
"831",2011,"indiana",3161.8,181.90481773014,1.84,15.2,9,37
"832",2011,"iowa",2330.3,54.8240865066151,1.71,12.4,5.6,38
"833",2011,"kansas",3080.1,35.1183111339424,2.57,13.6,6.3,36
"834",2011,"kentucky",2708.8,110.655827381857,2.1,18.8,9.1,38
"835",2011,"louisiana",3688.5,105.889176928062,3.82,18.7,6.8,35
"836",2011,"maine",2545.5,43.0628667769024,1.69,13,7,43
"837",2011,"maryland",2860.2,600.42124240239,2.64,9.7,6.7,38
"838",2011,"massachusetts",2258.7,844.555897435897,2.49,11.2,6.8,39
"839",2011,"michigan",2612.1,174.679194892021,1.94,16.7,9.3,39
"840",2011,"minnesota",2549.4,67.123726876562,1.64,11.6,5.7,37
"841",2011,"mississippi",3025.5,63.4765893058841,2.14,22.2,10.4,36
"842",2011,"missouri",3308.8,87.4383637368712,2.6,15.2,8,38
"843",2011,"montana",2319.7,6.85830596512443,1.89,14.9,6.8,39
"844",2011,"nebraska",2752.9,23.9852259710507,1.98,12.7,4.1,36
"845",2011,"nevada",2560.5,24.8068609322196,2.02,14.5,12.6,36
"846",2011,"new hampshire",2283.9,147.234893331844,1.98,8.4,5.1,41
"847",2011,"new jersey",2150.7,1199.5043513734,3.35,10,9,39
"848",2011,"new mexico",3531.5,17.1661857573909,2.21,20.2,6.6,36
"849",2011,"new york",1912.4,413.045813351441,2.95,15.1,8,38
"850",2011,"north carolina",3526.8,198.617816446584,2.56,17.2,9.9,37
"851",2011,"north dakota",1936.7,9.91191432008232,1.97,12.4,3.3,36
"852",2011,"ohio",3354.7,282.542057218375,2,15.8,8.1,39
"853",2011,"oklahoma",3356.2,55.2738246227859,1.99,16.8,6.1,36
"854",2011,"oregon",3114.6,40.3369066966704,5.71,15.8,8.9,38
"855",2011,"pennsylvania",2222.3,284.801779049237,2.06,13.2,7.6,40
"856",2011,"rhode island",2676.8,1016.7330754352,2.36,13.5,10.8,39
"857",2011,"south carolina",3904.2,155.657829080869,2.81,18.2,9.5,38
"858",2011,"south dakota",1817.7,10.8702167231668,1.83,14,4.2,36
"859",2011,"tennessee",3595.9,155.289268825027,2.66,17.7,8.7,38
"860",2011,"texas",3472.3,98.2830625650762,2.16,17.8,7.8,33
"861",2011,"utah",2973.1,34.2852866009492,1.82,12.7,6,29
"862",2011,"vermont",2309,67.9647390691114,1.89,11.8,5.1,41
"863",2011,"virginia",2249.6,205.029222587997,2.37,11.1,6.2,37
"864",2011,"washington",3574.6,102.775340074636,1.52,13.3,8.5,37
"865",2011,"west virginia",2273.9,77.1846243447874,1.83,17.9,7.9,41
"866",2011,"wisconsin",2432.7,105.464880534732,2.22,12.9,7.1,38
"867",2011,"wyoming",2266.4,5.8516885872308,2.72,10.8,5.8,36
"868",2012,"alabama",3502.2,95.2122223319183,2.32,19,7.1,38
"869",2012,"alaska",2739.4,1.28180239414974,1.81,10.2,6.6,33
"870",2012,"arizona",3539.2,57.6901508882511,1.99,18.3,7.9,36
"871",2012,"arkansas",3660.1,56.6759104448929,2.16,19.3,7.1,37
"872",2012,"california",2758.7,244.201272315267,2.04,16.4,9.8,35
"873",2012,"colorado",2684.7,50.0528936145578,2.37,13.5,7.6,36
"874",2012,"connecticut",2140,741.500826104915,2.3,10.5,8.6,40
"875",2012,"delaware",3340.9,470.544894817855,2.52,11.9,6.9,39
"876",2012,"district of columbia",4860.8,10365.9508196721,7.81,18.8,8.5,33
"877",2012,"florida",3276.7,360.234368298368,2.46,16.8,8,41
"878",2012,"georgia",3410.6,172.481786726479,3.92,18.7,8.6,35
"879",2012,"hawaii",3075.2,216.769889459754,2.22,11.5,5.2,38
"880",2012,"idaho",1983.5,19.3086891811769,1.87,16.1,6.6,35
"881",2012,"illinois",2578.7,231.907184927682,2.67,14.5,8.7,37
"882",2012,"indiana",3029.2,182.474571540222,1.79,15.6,8.2,37
"883",2012,"iowa",2271.8,55.0367187639866,1.67,12.7,4.9,38
"884",2012,"kansas",3143.2,35.2977042282807,2.57,13.8,5.4,35
"885",2012,"kentucky",2552.9,110.935901332118,2.11,19.2,8.1,38
"886",2012,"louisiana",3540.6,106.515438385335,3.77,19.6,5.5,35
"887",2012,"maine",2509.9,43.0954187335862,1.67,14,7.3,43
"888",2012,"maryland",2753.5,606.218502111878,2.88,10.1,6.6,38
"889",2012,"massachusetts",2153,852.069743589744,2.45,11.6,6.7,39
"890",2012,"michigan",2530.5,174.806063071508,1.88,17.3,8.9,39
"891",2012,"minnesota",2568.3,67.55420899946,1.64,11.7,5.5,37
"892",2012,"mississippi",2811,63.6132813332481,2.05,23,8.6,36
"893",2012,"missouri",3314.4,87.6027465014111,2.54,15.7,6.7,38
"894",2012,"montana",2583.7,6.90600222610034,1.87,15.2,5.7,39
"895",2012,"nebraska",2754.9,24.1529339789649,1.91,13,3.7,36
"896",2012,"nevada",2809.4,25.1312248931965,2.06,15.8,10.2,37
"897",2012,"new hampshire",2324,147.516810007819,1.96,8.9,5.7,41
"898",2012,"new jersey",2047.3,1205.41066086484,3.3,10.5,9.6,39
"899",2012,"new mexico",3600.7,17.1935069003611,2.19,21,6.4,36
"900",2012,"new york",1922,415.275240843696,2.92,15.6,8.2,38
"901",2012,"north carolina",3369.5,200.585647291127,2.55,17.8,9.2,37
"902",2012,"north dakota",2010.1,10.1393892842133,2.04,12.2,3.2,35
"903",2012,"ohio",3117.4,282.524289664962,1.94,16.1,6.7,39
"904",2012,"oklahoma",3401,55.613674466069,2.04,17.1,5.1,36
"905",2012,"oregon",3224.2,40.6233383339584,1.75,16.8,8.4,38
"906",2012,"pennsylvania",2166.3,285.263303757012,1.98,13.6,7.9,40
"907",2012,"rhode island",2572.3,1015.75628626692,2.33,14.2,10.2,39
"908",2012,"south carolina",3822.2,157.137919563554,2.65,18.5,8.4,38
"909",2012,"south dakota",2060.1,10.9925208742795,1.87,13.9,4.4,36
"910",2012,"tennessee",3371.4,156.571917060749,2.68,17.9,7.6,38
"911",2012,"texas",3361.8,99.7550185275923,2.07,18.1,6.1,33
"912",2012,"utah",2991.8,34.7485335280516,1.63,13.2,5.2,29
"913",2012,"vermont",2398.7,67.9191710968862,2,12,5.1,42
"914",2012,"virginia",2162.1,207.289617624715,2.36,11.5,5.5,37
"915",2012,"washington",3658.6,103.78313470567,1.46,13.7,7.6,37
"916",2012,"west virginia",2364.9,77.1866627839255,1.89,18.1,7.5,41
"917",2012,"wisconsin",2453.8,105.735034528602,2.2,13.2,6.6,38
"918",2012,"wyoming",2293.8,5.93669986507781,2.55,11.9,4.9,36
"919",2013,"alabama",3351.3,95.4432224306447,2.37,18.9,6.1,38
"920",2013,"alaska",2885.2,1.28825653957567,1.84,10,6.4,33
"921",2013,"arizona",3399.1,58.3360388752927,1.84,18.7,7.6,36
"922",2013,"arkansas",3602.6,56.8727395022581,2.17,19.6,7.4,37
"923",2013,"california",2658.1,246.069887468786,2.02,16.8,8.3,35
"924",2013,"colorado",2658.5,50.8323556087301,2.4,13.4,6.2,36
"925",2013,"connecticut",1974.1,742.684840974804,2.32,10.7,7.4,40
"926",2013,"delaware",3065.5,474.986659825552,2.62,12,6.2,39
"927",2013,"district of columbia",4808.3,10597.5245901639,8.04,18.8,8.1,33
"928",2013,"florida",3105.3,364.622097902098,2.45,17,6.2,41
"929",2013,"georgia",3346.6,173.737537600195,3.74,19,7.4,36
"930",2013,"hawaii",3053.7,218.597851471275,2.17,11.5,4.5,38
"931",2013,"idaho",1864.3,19.5072298924289,1.81,15.9,5.7,35
"932",2013,"illinois",2274.3,232.031106468056,2.63,14.8,8.6,37
"933",2013,"indiana",2854,183.411544688215,1.75,15.9,6.9,37
"934",2013,"iowa",2193.9,55.3272821669621,1.67,12.8,4.2,38
"935",2013,"kansas",2946.8,35.3961887987867,2.55,14,4.9,36
"936",2013,"kentucky",2362.9,111.312743757281,2.07,19.1,8,38
"937",2013,"louisiana",3582,107.061151745209,3.63,20,5.7,36
"938",2013,"maine",2292.2,43.0665629154103,1.67,14.3,6.2,43
"939",2013,"maryland",2663.5,610.777171113629,3.16,10.2,6.1,38
"940",2013,"massachusetts",2051.2,858.054358974359,2.47,11.8,7,39
"941",2013,"michigan",2327.6,175.022939917579,1.86,17.3,8.4,39
"942",2013,"minnesota",2420.4,68.072136335665,1.61,11.6,4.6,37
"943",2013,"mississippi",2724.7,63.747138929736,2.11,23.3,8,36
"944",2013,"missouri",3137,87.9254458700649,2.6,16,5.9,38
"945",2013,"montana",2556.5,6.9748739230209,1.72,15.8,5.2,39
"946",2013,"nebraska",2623.4,24.3220347807977,1.9,13.1,3.6,36
"947",2013,"nevada",2837.7,25.4154726227671,1.92,16,8.8,37
"948",2013,"new hampshire",2194.3,147.822964369485,1.95,9.1,5.1,42
"949",2013,"new jersey",1882.8,1210.1358444384,3.23,10.9,7.3,39
"950",2013,"new mexico",3704.8,17.1914376164487,1.92,21.4,6.4,36
"951",2013,"new york",1824.8,416.991193820821,2.9,15.9,7.1,38
"952",2013,"north carolina",3128,202.559957217491,2.51,17.9,6.9,38
"953",2013,"north dakota",2094,10.4838045825423,2.01,11.9,2.6,35
"954",2013,"ohio",2927.5,283.17486111451,1.96,16.2,7.2,39
"955",2013,"oklahoma",3273.7,56.1348203221809,2.01,17.1,5.4,36
"956",2013,"oregon",3173.9,40.9432949952077,1.69,17.1,7,38
"957",2013,"pennsylvania",2060.8,285.492725119013,1.95,13.7,6.9,40
"958",2013,"rhode island",2442,1016.93520309478,2.31,14.4,9.1,39
"959",2013,"south carolina",3624.2,158.838328731579,2.84,18.6,6.6,38
"960",2013,"south dakota",1914.7,11.1445172864096,1.76,14.1,3.6,36
"961",2013,"tennessee",3180.9,157.535540196435,2.7,18,7.8,38
"962",2013,"texas",3258.2,101.244078060881,2.05,18,6,34
"963",2013,"utah",2950.4,35.3032980406474,1.5,13,4.1,30
"964",2013,"vermont",2214.2,67.9863296083324,1.93,11.7,4.2,42
"965",2013,"virginia",2065.9,209.177133451507,2.36,11.7,5.2,37
"966",2013,"washington",3710.3,104.902582159624,1.47,13.9,6.6,37
"967",2013,"west virginia",2103.9,77.140527498128,1.9,18.1,5.9,41
"968",2013,"wisconsin",2188.7,106.036282728313,2.17,13.3,6.2,38
"969",2013,"wyoming",2198.4,6.00102994036645,2.81,11.9,4.4,36
"970",2014,"alabama",3177.6,95.7523348800474,2.35,19.3,5.7,38
"971",2014,"alaska",2760,1.29106040400182,1.78,11.1999,6.3,33
"972",2014,"arizona",3197.5,59.2591510114971,1.89,18.1999,6.7,37
"973",2014,"arkansas",3338,57.0071874699721,2.17,18.8999,5.7,37
"974",2014,"california",2441.1,249.086847392781,2.01,16.3999,7,35
"975",2014,"colorado",2530.1,51.6765982902684,2.34,12,4,36
"976",2014,"connecticut",1920.4,742.808137133416,2.33,10.8,6.4,40
"977",2014,"delaware",2982,480.048229861467,2.99,12.5,5.4,39
"978",2014,"district of columbia",5182.5,10801.5245901639,7.83,17.6999,7.3,33
"979",2014,"florida",3415.5,370.970573426573,2.3,16.5,5.6,41
"980",2014,"georgia",3281.2,175.566271973293,3.72,18.3,6.9,36
"981",2014,"hawaii",3050,221.01214385801,2.22,11.4,4,38
"982",2014,"idaho",1854.8,19.7774040148591,1.79,14.8,3.7,35
"983",2014,"illinois",2075.9,232.003098038509,2.66,14.4,6.2,37
"984",2014,"indiana",2649.4,184.135962708647,1.77,15.1999,5.8,37
"985",2014,"iowa",2093.8,55.6264389422991,1.64,12.1999,4.1,37
"986",2014,"kansas",2735.2,35.5192822808498,2.59,13.6,4.2,36
"987",2014,"kentucky",2246.9,111.772704249607,2.17,19.1,5.7,38
"988",2014,"louisiana",3458.8,107.621423942228,3.68,19.8,6.7,36
"989",2014,"maine",1986.4,43.1245015076354,1.69,14.1,5.5,44
"990",2014,"maryland",2507.5,615.680127742866,2.64,10.1,5.5,38
"991",2014,"massachusetts",1857.1,864.795897435897,2.5,11.6,5.5,39
"992",2014,"michigan",2043.9,175.275066768072,1.88,16.1999,6.3,39
"993",2014,"minnesota",2297.5,68.534203222525,1.69,11.5,3.6,37
"994",2014,"mississippi",2921.2,63.8083455874518,2.03,21.5,7.2,36
"995",2014,"missouri",2906.5,88.207922376422,2.61,15.5,5.4,38
"996",2014,"montana",2472.9,7.032683825045,1.76,15.4,4.2,39
"997",2014,"nebraska",2523.5,24.4910835155681,1.96,12.4,2.9,36
"998",2014,"nevada",2625.4,25.8614787622631,1.95,15.1999,6.8,37
"999",2014,"new hampshire",1962.7,148.197587400871,2,9.1999,4,42
"1000",2014,"new jersey",1734.1,1215.41677998368,3.38,11.1,6.2,39
"1001",2014,"new mexico",3542.3,17.1937872017675,2.12,21.3,6.1,37
"1002",2014,"new york",1718.2,419.009188133939,2.89,15.9,5.8,38
"1003",2014,"north carolina",2873.1,204.532559957218,2.55,17.1999,5.5,38
"1004",2014,"north dakota",2110.3,10.7169751163027,2.1,11.5,2.8,34
"1005",2014,"ohio",2799.1,283.74643302905,1.97,15.8,4.8,39
"1006",2014,"oklahoma",2990.7,56.5354763466725,2.04,16.6,4.2,36
"1007",2014,"oregon",2879,41.3618264783098,1.9,16.6,6.7,39
"1008",2014,"pennsylvania",1931.7,285.792392106028,1.99,13.6,4.8,40
"1009",2014,"rhode island",2173.6,1020.47678916828,2.36,14.3,6.8,39
"1010",2014,"south carolina",3460.3,160.755863078407,2.51,18,6.5,38
"1011",2014,"south dakota",1863.9,11.2539736977483,1.9,14.1999,3.3,36
"1012",2014,"tennessee",3060.6,158.829926033709,2.7,18.3,6.6,38
"1013",2014,"texas",3019.4,103.191638084155,2,17.1999,4.6,34
"1014",2014,"utah",2878.5,35.8147985882926,1.6,11.6999,3.5,30
"1015",2014,"vermont",1524.4,67.9789519366388,1.98,12.1999,4.2,42
"1016",2014,"virginia",1930.3,210.845505191188,2.36,11.8,4.8,37
"1017",2014,"washington",3706.1,106.25872757915,1.43,13.1999,6.3,37
"1018",2014,"west virginia",2034.7,76.9750395207588,1.63,18.3,6,41
"1019",2014,"wisconsin",2088.3,106.310498910595,2.2,13.1999,5.2,39
"1020",2014,"wyoming",1964.7,6.01642754884492,2.66,11.1999,4.2,36
"1021",2015,"alabama",2978.9,95.9419291144239,2.37,18.5,6.2,38
"1022",2015,"alaska",2817.6,1.29403950995459,1.77,10.3,6.5,33
"1023",2015,"arizona",3033.2,60.1093807771537,1.91,17.3999,5.7999,37
"1024",2015,"arkansas",3251.5,57.2346305371385,2.16,19.1,4.7999,37
"1025",2015,"california",2618.3,251.284306613857,2,15.3,5.7999,36
"1026",2015,"colorado",2641.5,52.6482893035642,2.3,11.5,3.5,36
"1027",2015,"connecticut",1812,741.612143742255,2.16,10.5,5.2,40
"1028",2015,"delaware",2691,485.343252950231,2.96,12.4,5,39
"1029",2015,"district of columbia",4676.2,11020.131147541,7.27,17.3,6.5999,33
"1030",2015,"florida",2813.2,378.019058275058,2.41,15.6999,5,41
"1031",2015,"georgia",3022.3,177.609583920157,3.66,17,5.5,36
"1032",2015,"hawaii",3796.2,222.886968706212,2.16,10.6,3.2,38
"1033",2015,"idaho",1743.8,20.0250474934356,1.8,15.1,3.8999,35
"1034",2015,"illinois",1988.6,231.632324069238,2.74,13.6,5.9,37
"1035",2015,"indiana",2596,184.773069837548,1.78,14.5,4.4,37
"1036",2015,"iowa",2047.3,55.9267235977586,1.66,12.1999,3.3999,37
"1037",2015,"kansas",2720.1,35.6124830293913,2.54,13,3.8999,36
"1038",2015,"kentucky",2177.6,112.067365648584,2.35,18.5,5.2999,38
"1039",2015,"louisiana",3353.4,108.108601055458,3.65,19.6,6.0999,36
"1040",2015,"maine",1830,43.0998281619816,1.73,13.4,4,44
"1041",2015,"maryland",2315,618.770062841249,2.87,9.6999,5.0999,38
"1042",2015,"massachusetts",1690.7,871.079743589744,2.53,11.5,4.7,39
"1043",2015,"michigan",1885.6,175.499672792232,1.9,15.8,5.0999,39
"1044",2015,"minnesota",2222.1,68.9413641101636,1.74,10.1999,3.5,37
"1045",2015,"mississippi",2833.6,63.7711356903864,2.07,22,6.4,36
"1046",2015,"missouri",2854.2,88.5000727357365,2.61,14.8,4.4,38
"1047",2015,"montana",2623.6,7.09706209720638,1.82,14.6,4,39
"1048",2015,"nebraska",2241.1,24.6822607518484,1.98,12.6,2.8999,36
"1049",2015,"nevada",2668.3,26.3328353722411,2.2,14.6999,6.4,37
"1050",2015,"new hampshire",1745.7,148.62146766447,2.03,8.1999,3.1,42
"1051",2015,"new jersey",1626.5,1218.11435953223,3.72,10.8,5.0999,39
"1052",2015,"new mexico",3697.4,17.1899701561444,2.22,20.3999,6.7,37
"1053",2015,"new york",1604,420.060921784153,2.94,15.4,4.7999,38
"1054",2015,"north carolina",2750.1,206.565510716196,2.53,16.3999,5.5999,38
"1055",2015,"north dakota",2116.5,10.9697975391661,2.22,11,2.7,34
"1056",2015,"ohio",2587.7,284.217787131984,2.03,14.8,4.7,39
"1057",2015,"oklahoma",2885.9,57.020744952256,2.11,16.1,4.0999,36
"1058",2015,"oregon",2946.6,41.9737571363087,1.7,15.4,5.4,39
"1059",2015,"pennsylvania",1812.8,286.134210938024,1.98,13.1999,4.7999,40
"1060",2015,"rhode island",1897.5,1021.56479690522,2.3,13.9,5.0999,39
"1061",2015,"south carolina",3293.3,162.873690163335,2.66,16.6,5.5,39
"1062",2015,"south dakota",1943,11.3238052525359,1.94,13.6999,2.8999,36
"1063",2015,"tennessee",2936.2,160.065454104523,2.68,16.6999,5.5999,38
"1064",2015,"texas",2831.3,105.152178906106,2.05,15.9,4.7,34
"1065",2015,"utah",2980,36.4600097359134,1.56,11.3,3.5,30
"1066",2015,"vermont",1406.6,67.9225344472171,1.91,10.1999,3.6,42
"1067",2015,"virginia",1866.5,212.281413015953,2.33,11.1999,4.2,37
"1068",2015,"washington",3463.8,107.896217045865,1.41,12.1999,5.5,37
"1069",2015,"west virginia",2020,76.7171977701972,2.04,17.8999,6.2999,42
"1070",2015,"wisconsin",1974,106.564810369659,2.19,12.1,4.2999,39
"1071",2015,"wyoming",1902.6,6.03655258360541,2.59,11.1,4.2999,36
"1072",2016,"alabama",2947.8,96.027248494422,2.4,17.1,6.2,38
"1073",2016,"alaska",3353,1.30010637160667,1.7,9.9,6.7,33
"1074",2016,"arizona",2978.4,61.0161716287832,1.83,16.3999,4.7999,37
"1075",2016,"arkansas",3268.6,57.427654463342,2.21,17.1999,3.8999,37
"1076",2016,"california",2553,251.959615866067,2,14.3,5.2,36
"1077",2016,"colorado",2740.7,53.4584917311515,2.28,11,3,36
"1078",2016,"connecticut",1808,738.631144155308,2.17,9.8,4.4,40
"1079",2016,"delaware",2766,488.488968701898,3.03,11.6999,4.2999,40
"1080",2016,"district of columbia",4802.9,11166.7213114754,7.04,18.6,5.7999,33
"1081",2016,"florida",2686.8,384.381146853147,2.38,14.6999,4.9,42
"1082",2016,"georgia",3004.5,179.270269330412,3.68,16,5.4,36
"1083",2016,"hawaii",2992.7,222.412735481862,2.08,9.3,2.8999,38
"1084",2016,"idaho",1744.2,20.3663952179858,1.81,14.4,3.7,36
"1085",2016,"illinois",2049,230.579423260505,2.66,13,5.7,37
"1086",2016,"indiana",2589.4,185.146346228996,1.76,14.1,4,37
"1087",2016,"iowa",2086,56.1199670587393,1.66,11.8,3.6,38
"1088",2016,"kansas",2695.5,35.5592534155261,2.59,12.1,4.2,36
"1089",2016,"kentucky",2189.7,112.368282429215,2.07,18.5,4.7999,38
"1090",2016,"louisiana",3297.7,108.361864642163,3.52,20.1999,6.0999,36
"1091",2016,"maine",1645.7,43.1695684596181,1.93,12.5,3.7999,44
"1092",2016,"maryland",2284.5,619.804986092511,2.81,9.6999,4.2,38
"1093",2016,"massachusetts",1561.1,873.305,2.57,10.4,2.7999,39
"1094",2016,"michigan",1909.9,175.600912644369,1.91,15,5,39
"1095",2016,"minnesota",2133.3,69.3226167003655,1.75,9.9,3.8999,37
"1096",2016,"mississippi",2768.1,63.6942650725657,2.02,20.8,5.5999,37
"1097",2016,"missouri",2799.1,88.6357685257921,2.63,14,4.4,38
"1098",2016,"montana",2683.5,7.1628213760598,1.85,13.3,4,39
"1099",2016,"nebraska",2263.3,24.8244819327294,1.92,11.4,3.3999,36
"1100",2016,"nevada",2586.6,26.7811187728295,2.36,13.8,5.0999,37
"1101",2016,"new hampshire",1512.9,149.08913213448,2.03,7.2999,2.6,42
"1102",2016,"new jersey",1544.6,1216.27264073973,3.76,10.4,4.7,39
"1103",2016,"new mexico",3937.1,17.1562185691438,2.31,19.8,6.5999,37
"1104",2016,"new york",1545.6,418.989284047023,2.98,14.6999,4.9,38
"1105",2016,"north carolina",2737.5,208.7043481838,2.51,15.4,5.0999,38
"1106",2016,"north dakota",2295.9,10.9846523963421,2.31,10.6999,3,34
"1107",2016,"ohio",2577.5,284.241036685348,1.96,14.6,4.9,39
"1108",2016,"oklahoma",2982.9,57.1989357824914,2.21,16.3,5,36
"1109",2016,"oregon",2964.4,42.6455911155561,1.8,13.3,4.5999,39
"1110",2016,"pennsylvania",1742.7,285.725744809244,1.96,12.9,5.5999,40
"1111",2016,"rhode island",1898.7,1021.68858800774,2.33,12.8,5,39
"1112",2016,"south carolina",3243.8,165.035062040518,2.64,15.3,4.2999,39
"1113",2016,"south dakota",1980.6,11.4159422775059,1.92,13.3,2.7999,37
"1114",2016,"tennessee",2854.1,161.299721110707,2.66,15.8,4.9,38
"1115",2016,"texas",2759.8,106.658433882526,2.04,15.6,4.5999,34
"1116",2016,"utah",2951.5,37.1329804064744,1.55,10.1999,3.1,30
"1117",2016,"vermont",1697.4,67.765433438212,2.01,11.9,3.1,42
"1118",2016,"virginia",1859.4,213.011091415548,2.35,11,4.0999,38
"1119",2016,"washington",3494.1,109.666546286265,1.43,11.3,5.2,37
"1120",2016,"west virginia",2047.2,76.1753057658707,2.06,17.8999,5.9,42
"1121",2016,"wisconsin",1933.3,106.700912145943,2.21,11.8,4,39
"1122",2016,"wyoming",1957.3,6.03031114498471,2.58,11.3,4.7999,37
"1123",2017,"alabama",2957.3,96.2532727811235,1.07,16.8999,3.5,39
"1124",2017,"alaska",3542.1,1.29642805196262,1.67,11.1,7.2999,34
"1125",2017,"arizona",2914.9,61.7662024402697,1.83,14.9,4.5,37
"1126",2017,"arkansas",3078.6,57.7357355626021,1.98,16.3999,3.7,38
"1127",2017,"california",2496.7,253.799632813152,1.98,13.3,4.2999,36
"1128",2017,"colorado",2701.6,54.1011751992435,2.19,10.3,3.1,36
"1129",2017,"connecticut",1769.9,741.054109871954,2.01,9.5999,4.5999,40
"1130",2017,"delaware",2440.6,493.555156490508,2.33,13.6,4.5999,40
"1131",2017,"district of columbia",4283.9,11376.5901639344,6.09,16.6,6,33
"1132",2017,"florida",2512.4,391.317482517483,2.17,14,3.7,42
"1133",2017,"georgia",2860.2,181.339505850851,2.25,14.9,4.4,36
"1134",2017,"hawaii",2829.5,222.254086875292,2.07,9.5,2,38
"1135",2017,"idaho",1635.4,20.7754195757656,1.6,12.8,2.8999,36
"1136",2017,"illinois",2011.4,230.588140996776,1.96,12.6,4.7999,37
"1137",2017,"indiana",2416.9,186.088818176743,1.06,13.5,3.3999,37
"1138",2017,"iowa",2125.3,56.3172207601554,1.63,10.6999,2.7999,38
"1139",2017,"kansas",2800.9,35.6306094741863,2.29,11.9,3.3999,36
"1140",2017,"kentucky",2129.1,112.804259737629,1.7,17.1999,4.4,38
"1141",2017,"louisiana",3366.8,108.423595037497,3.21,19.6999,4.5999,36
"1142",2017,"maine",1507.1,43.3131342606102,1.9,11.1,3,44
"1143",2017,"maryland",2222.3,623.485834964459,2.68,9.3,4,38
"1144",2017,"massachusetts",1437,879.463974358974,2.4,10.5,3.5,39
"1145",2017,"michigan",1800,176.202462017369,1.64,14.1999,4.7,39
"1146",2017,"minnesota",2191.5,70.0341090333681,1.66,9.5,3.1,38
"1147",2017,"mississippi",2733.9,63.5956780257017,0.74,19.8,4.5999,37
"1148",2017,"missouri",2833.9,88.9344505542463,2.37,13.4,3.5,38
"1149",2017,"montana",2591.6,7.21760130817748,1.73,12.5,4.0999,40
"1150",2017,"nebraska",2274,24.9931792148287,1.66,10.8,2.7,36
"1151",2017,"nevada",2612.4,27.3092702744555,2.27,13,5,37
"1152",2017,"new hampshire",1381.8,149.982687367363,2.02,7.7,2.6,43
"1153",2017,"new jersey",1555.5,1224.59124286103,3.46,10,5,39
"1154",2017,"new mexico",3941.7,17.2143811109829,1.43,19.6999,6,37
"1155",2017,"new york",1514.2,421.19846793702,2.85,14.1,4.5999,38
"1156",2017,"north carolina",2545.3,211.308959644576,2.35,14.6999,4.5,38
"1157",2017,"north dakota",2197.8,10.9475659773047,2.24,10.3,2.6,34
"1158",2017,"ohio",2419.1,285.323633782825,1.15,14,4.7,39
"1159",2017,"oklahoma",2876.4,57.305401268314,2.23,15.8,4.0999,36
"1160",2017,"oregon",2986.5,43.1593115806142,1.59,13.1999,4.0999,39
"1161",2017,"pennsylvania",1649.4,286.202020427776,1.9,12.5,4.7,40
"1162",2017,"rhode island",1751.6,1024.79593810445,2.36,11.6,4.4,40
"1163",2017,"south carolina",3195.9,167.139117128505,1.8,15.4,4.0999,39
"1164",2017,"south dakota",1876.2,11.4715014971442,1.95,13,3.5,37
"1165",2017,"tennessee",2940.6,162.870959136656,2.49,15,3.2,38
"1166",2017,"texas",2562.6,108.350416488026,1.54,14.6999,3.8999,34
"1167",2017,"utah",2780.2,37.7489716441524,1.5,9.6999,3.1,30
"1168",2017,"vermont",1436.7,67.6637734620809,1.87,11.3,2.7999,42
"1169",2017,"virginia",1792.9,214.485186123069,2.25,10.6,3.7,38
"1170",2017,"washington",3173.6,111.438289996389,1.44,11,4.5,37
"1171",2017,"west virginia",1852,75.5411015891505,2.01,19.1,5.5,42
"1172",2017,"wisconsin",1808.3,107.010654012334,2.18,11.3,3,39
"1173",2017,"wyoming",1830.4,5.96659903391594,2.11,11.3,4.2,37
"1174",2018,"alabama",2817.2,96.5124099121335,2.17,16.8,3.8999,39
"1175",2018,"alaska",3300.5,1.29229760917985,1.73,10.9,6.2999,34
"1176",2018,"arizona",2676.8,63.1340211630896,1.79,14,4.7999,37
"1177",2018,"arkansas",2913,57.9191890073989,2.22,17.1999,3.6,38
"1178",2018,"california",2380.4,253.930536208346,1.99,12.8,4.2,36
"1179",2018,"colorado",2671.6,54.9542077536134,2.17,9.5999,3.5,36
"1180",2018,"connecticut",1681,737.849029326724,2.15,10.4,4,40
"1181",2018,"delaware",2324.4,496.239610056439,2.35,12.5,3.7,40
"1182",2018,"district of columbia",4373.8,11515.6557377049,6.25,16.1999,5.5,34
"1183",2018,"florida",2281.8,397.19020979021,2.08,13.6,3.2999,42
"1184",2018,"georgia",2573.7,182.906038634743,2.52,14.3,3.6,36
"1185",2018,"hawaii",2870.3,221.15693601121,2,8.8,2.5,38
"1186",2018,"idaho",1461.4,21.2263349587987,1.59,11.8,2.6,36
"1187",2018,"illinois",1932.8,229.490444712621,2.09,12.1,4.2999,38
"1188",2018,"indiana",2179.3,186.788310165801,1.33,13.1,3.6,37
"1189",2018,"iowa",1691.5,56.5040191918649,1.48,11.1999,2.3999,38
"1190",2018,"kansas",2633.9,35.610819603958,2.2,12,3.2999,36
"1191",2018,"kentucky",1962.6,113.164210099782,1.65,16.8999,4.4,38
"1192",2018,"louisiana",3276,107.859874085733,3.02,18.6,4.9,36
"1193",2018,"maine",1357.8,43.3940926628408,1.91,11.6,3.3999,45
"1194",2018,"maryland",2033.3,622.511383537653,2.72,9,3.8999,38
"1195",2018,"massachusetts",1263.3,884.890897435897,2.42,10,3.2999,39
"1196",2018,"michigan",1653.5,176.79681281947,1.66,14.1,4,39
"1197",2018,"minnesota",1993.8,70.4682959297726,1.67,9.5999,2.7999,38
"1198",2018,"mississippi",2403,63.6474649958443,0.9,19.6999,4.7,37
"1199",2018,"missouri",2647.1,89.1223996974193,2.31,13.1999,3.1,38
"1200",2018,"montana",2496.3,7.29875778104517,1.74,13,3.7,40
"1201",2018,"nebraska",2079.9,25.1128293241695,1.9,11,2.7999,36
"1202",2018,"nevada",2438.2,27.6404113644438,2.07,12.9,4.4,38
"1203",2018,"new hampshire",1248.5,151.508768010723,2.05,7.5999,2.5,43
"1204",2018,"new jersey",1404.9,1211.38428066358,3.55,9.5,4,39
"1205",2018,"new mexico",3419.7,17.275041633003,1.15,19.5,4.7,38
"1206",2018,"new york",1440.5,414.679985570598,2.87,13.6,3.8999,38
"1207",2018,"north carolina",2494.1,213.575630424946,2.35,14,3.6,38
"1208",2018,"north dakota",2040.2,11.015449051463,2.25,10.6999,2.7,34
"1209",2018,"ohio",2177.1,286.078216392159,1.27,13.9,4.5999,39
"1210",2018,"oklahoma",2875,57.4834754719732,2.24,15.6,3.2,36
"1211",2018,"oregon",2894,43.6587177563862,1.53,12.6,4.0999,39
"1212",2018,"pennsylvania",1489.9,286.236059271841,1.88,12.1999,4.2,40
"1213",2018,"rhode island",1660.9,1022.54835589942,2.34,12.9,3.8999,40
"1214",2018,"south carolina",3017.6,169.12700841622,2.48,15.3,3.2999,39
"1215",2018,"south dakota",1728.7,11.6372953792985,1.92,13.1,2.8999,37
"1216",2018,"tennessee",2825.4,164.181156784285,2.56,15.3,3.6,38
"1217",2018,"texas",2367.2,109.871091596742,1.56,14.9,3.7,34
"1218",2018,"utah",2377.5,38.4703054642814,1.51,9,3.2,30
"1219",2018,"vermont",1283.1,67.9504177064121,2.19,11,2.7,43
"1220",2018,"virginia",1665.8,215.692200557103,2.26,10.6999,2.7999,38
"1221",2018,"washington",2946.2,113.392184302396,1.4,10.3,4.2999,37
"1222",2018,"west virginia",1485.6,75.1240535818288,2.58,17.8,5.0999,42
"1223",2018,"wisconsin",1559.9,107.344584364268,2.14,11,3,39
"1224",2018,"wyoming",1785.1,5.95034657493331,2.53,11.1,4.0999,37
