"year","population","region","property_crime","violent_crime","cluster_number"
2005,4557808,"alabama",3892.1,431.7,"2"
2005,663661,"alaska",3612.5,631.9,"3"
2005,5939292,"arizona",4838,513.2,"2"
2005,2779154,"arkansas",4057.9,527.5,"2"
2005,36132147,"california",3322.6,526.3,"3"
2005,4665177,"colorado",4039.5,396.5,"2"
2005,3510297,"connecticut",2558,274.5,"1"
2005,843524,"delaware",3111.4,632.1,"3"
2005,550521,"district of columbia",4747,1459,"3"
2005,17789864,"florida",4007.9,708,"3"
2005,9072576,"georgia",4172.3,448.9,"2"
2005,1275194,"hawaii",4792.6,255.1,"2"
2005,1429096,"idaho",2697.9,256.8,"1"
2005,12763371,"illinois",3080.3,551.5,"3"
2005,6271973,"indiana",3456.3,323.7,"2"
2005,2966334,"iowa",2833.7,291.3,"1"
2005,2744687,"kansas",3787,387.4,"2"
2005,4173405,"kentucky",2530.5,266.8,"1"
2005,4523628,"louisiana",3683.1,594.4,"3"
2005,1321505,"maine",2413.1,112.2,"1"
2005,5600388,"maryland",3544.1,703,"3"
2005,6398743,"massachusetts",2363.6,456.9,"1"
2005,10120860,"michigan",3091.1,552.1,"3"
2005,5132799,"minnesota",3084.1,297,"1"
2005,2921088,"mississippi",3260.1,278.4,"2"
2005,5800310,"missouri",3927.5,525.4,"2"
2005,935670,"montana",3142.9,281.5,"1"
2005,1758787,"nebraska",3423.2,287,"2"
2005,2414807,"nevada",4241.5,606.8,"2"
2005,1309940,"new hampshire",1796.4,132,"1"
2005,8717925,"new jersey",2333,354.7,"1"
2005,1928384,"new mexico",4148.3,702.2,"3"
2005,19254630,"new york",2108.5,445.8,"1"
2005,8683242,"north carolina",4075.1,468.1,"2"
2005,636677,"north dakota",1978.2,98.2,"1"
2005,11464042,"ohio",3662.7,351.3,"2"
2005,3547884,"oklahoma",4042,508.6,"2"
2005,3641056,"oregon",4399.8,286.8,"2"
2005,12429616,"pennsylvania",2417.2,424.5,"1"
2005,3912054,"puerto rico",1417.8,244.9,"1"
2005,1076189,"rhode island",2718.9,251.2,"1"
2005,4255083,"south carolina",4339.4,761.1,"3"
2005,775933,"south dakota",1776.4,175.7,"1"
2005,5962959,"tennessee",4275.5,752.8,"3"
2005,22859968,"texas",4332,529.7,"2"
2005,2469585,"utah",3868.9,227.2,"2"
2005,623050,"vermont",2280.7,119.7,"1"
2005,7567465,"virginia",2638.2,282.8,"1"
2005,6287759,"washington",4893,345.8,"2"
2005,1816856,"west virginia",2625.2,272.8,"1"
2005,5536201,"wisconsin",2660.2,241.5,"1"
2005,509294,"wyoming",3155.3,230.1,"2"
2006,4599030,"alabama",3936.1,425.2,"3"
2006,670053,"alaska",3604.9,688,"2"
2006,6166318,"arizona",4627.9,501.4,"3"
2006,2810872,"arkansas",3967.5,551.6,"3"
2006,36457549,"california",3170.9,532.5,"2"
2006,4753377,"colorado",3451.3,391.6,"3"
2006,3504809,"connecticut",2504.1,280.8,"1"
2006,853476,"delaware",3417.9,681.6,"2"
2006,581530,"district of columbia",4653.8,1508.4,"2"
2006,18089888,"florida",3986.1,712,"2"
2006,9363941,"georgia",3889.2,471,"3"
2006,1285498,"hawaii",4230.4,281.2,"3"
2006,1466465,"idaho",2418.8,247.2,"1"
2006,12831970,"illinois",3019.6,541.6,"2"
2006,6313520,"indiana",3502.4,314.8,"3"
2006,2982085,"iowa",2802.7,283.5,"1"
2006,2764075,"kansas",3750.2,425,"3"
2006,4206074,"kentucky",2544.5,263,"1"
2006,4287768,"louisiana",3993.7,697.8,"2"
2006,1321574,"maine",2518.7,115.5,"1"
2006,5615727,"maryland",3480.9,678.6,"2"
2006,6437193,"massachusetts",2391,447,"1"
2006,10095643,"michigan",3212.8,562.4,"2"
2006,5167101,"minnesota",3079.5,312,"3"
2006,2910540,"mississippi",3208.8,298.6,"3"
2006,5842713,"missouri",3826.5,545.6,"3"
2006,944632,"montana",2687.5,253.7,"1"
2006,1768331,"nebraska",3340.7,281.8,"3"
2006,2495529,"nevada",4088.8,741.6,"2"
2006,1314895,"new hampshire",1874.1,138.7,"1"
2006,8724560,"new jersey",2291.9,351.6,"1"
2006,1954599,"new mexico",3937.2,643.2,"2"
2006,19306183,"new york",2052.7,434.9,"1"
2006,8856505,"north carolina",4120.8,475.6,"3"
2006,635867,"north dakota",2000.3,127.9,"1"
2006,11478006,"ohio",3678.6,350.3,"3"
2006,3579212,"oklahoma",3604.2,497.4,"3"
2006,3700758,"oregon",3672.1,280.3,"3"
2006,12440621,"pennsylvania",2443.5,439.4,"1"
2006,3927776,"puerto rico",1354.4,227.3,"1"
2006,1067610,"rhode island",2586.9,227.5,"1"
2006,4321249,"south carolina",4242.3,765.5,"2"
2006,781919,"south dakota",1619.6,171.4,"1"
2006,6038803,"tennessee",4128.3,760.2,"2"
2006,23507783,"texas",4081.5,516.3,"3"
2006,2550063,"utah",3516.4,224.4,"3"
2006,623908,"vermont",2304.7,136.6,"1"
2006,7642884,"virginia",2478.2,282.2,"1"
2006,6395798,"washington",4480,345.9,"3"
2006,1818470,"west virginia",2621.5,279.7,"1"
2006,5556506,"wisconsin",2817.8,284,"1"
2006,515004,"wyoming",2980.6,239.6,"3"
2007,4627851,"alabama",3971.6,448,"1"
2007,683478,"alaska",3379.5,661.2,"2"
2007,6338755,"arizona",4414,482.7,"1"
2007,2834797,"arkansas",3953.1,529.4,"1"
2007,36553215,"california",3033,522.6,"2"
2007,4861515,"colorado",3006.1,347.8,"3"
2007,3502309,"connecticut",2399.9,256,"3"
2007,864764,"delaware",3370.1,689.2,"2"
2007,588292,"district of columbia",4913.9,1414.3,"2"
2007,18251243,"florida",4089.3,722.6,"2"
2007,9544750,"georgia",3901,493.2,"1"
2007,1283388,"hawaii",4225.4,272.8,"1"
2007,1499402,"idaho",2246.6,239.4,"3"
2007,12852548,"illinois",2935.8,533.2,"2"
2007,6345289,"indiana",3396.6,333.6,"1"
2007,2988046,"iowa",2615.6,294.7,"3"
2007,2775997,"kansas",3678.7,452.7,"1"
2007,4241474,"kentucky",2518.3,295,"3"
2007,4293204,"louisiana",4076,729.5,"2"
2007,1317207,"maine",2428.8,118,"3"
2007,5618344,"maryland",3431.5,641.9,"2"
2007,6449755,"massachusetts",2391.5,431.5,"3"
2007,10071822,"michigan",3065.7,536,"2"
2007,5197621,"minnesota",3036.6,288.7,"1"
2007,2918785,"mississippi",3200.8,291.3,"1"
2007,5878415,"missouri",3738.4,504.9,"1"
2007,957861,"montana",2765.4,287.5,"3"
2007,1774571,"nebraska",3161.4,302.4,"1"
2007,2565382,"nevada",3777.8,750.6,"2"
2007,1315828,"new hampshire",1892,137.3,"3"
2007,8685920,"new jersey",2213.1,329.3,"3"
2007,1969915,"new mexico",3725.7,664.2,"2"
2007,19297729,"new york",1978.6,414.1,"3"
2007,9061032,"north carolina",4087.3,466.4,"1"
2007,639715,"north dakota",1889.6,142.4,"3"
2007,11466917,"ohio",3455.2,343.2,"1"
2007,3617316,"oklahoma",3526.4,499.6,"1"
2007,3747455,"oregon",3526.2,287.6,"1"
2007,12432792,"pennsylvania",2361.3,416.5,"3"
2007,3941459,"puerto rico",1368.5,226.9,"3"
2007,1057832,"rhode island",2622.6,227.3,"3"
2007,4407709,"south carolina",4271.7,788.3,"2"
2007,796214,"south dakota",1652.3,169.2,"3"
2007,6156719,"tennessee",4088.6,753.3,"2"
2007,23904380,"texas",4121.2,510.6,"1"
2007,2645330,"utah",3500.3,234.8,"1"
2007,621254,"vermont",2322.7,124.3,"3"
2007,7712091,"virginia",2466.4,269.7,"3"
2007,6468424,"washington",4030.8,333.1,"1"
2007,1812035,"west virginia",2525,275.2,"3"
2007,5601640,"wisconsin",2837.7,290.9,"3"
2007,522830,"wyoming",2865.9,239.3,"3"
2008,4661900,"alabama",4082.9,452.8,"3"
2008,686293,"alaska",2932.3,651.9,"2"
2008,6500180,"arizona",4291,447,"3"
2008,2855390,"arkansas",3835.1,503.4,"3"
2008,36756666,"california",2940.3,503.8,"2"
2008,4939456,"colorado",2849,343.1,"1"
2008,3501252,"connecticut",2458.7,297.8,"1"
2008,873092,"delaware",3585.3,703.4,"2"
2008,591833,"district of columbia",5104.6,1437.7,"2"
2008,18328340,"florida",4140.8,688.9,"2"
2008,9685744,"georgia",4015.5,478.9,"3"
2008,1288198,"hawaii",3571.2,272.6,"3"
2008,1523816,"idaho",2101.2,228.6,"1"
2008,12901563,"illinois",2932.6,525.4,"2"
2008,6376792,"indiana",3335.8,333.8,"3"
2008,3002555,"iowa",2420.9,283.8,"1"
2008,2802134,"kansas",3377.2,410.6,"3"
2008,4269245,"kentucky",2583.9,296.2,"1"
2008,4410796,"louisiana",3823.1,656.2,"2"
2008,1316456,"maine",2452.4,117.5,"1"
2008,5633597,"maryland",3517.6,628.2,"2"
2008,6497967,"massachusetts",2400.1,449,"1"
2008,10003422,"michigan",2934.8,501.5,"2"
2008,5220393,"minnesota",2850.6,262.8,"1"
2008,2938618,"mississippi",2940.4,284.9,"1"
2008,5911605,"missouri",3663.7,504.4,"3"
2008,967440,"montana",2603,258.1,"1"
2008,1783432,"nebraska",2878.6,303.7,"1"
2008,2600167,"nevada",3447.5,724.5,"2"
2008,1315809,"new hampshire",2091.9,157.2,"1"
2008,8682661,"new jersey",2293.4,326.5,"1"
2008,1984356,"new mexico",3909.2,649.9,"2"
2008,19490297,"new york",1993.5,398.1,"1"
2008,9222414,"north carolina",4044.1,467.3,"3"
2008,641481,"north dakota",1894.4,166.5,"1"
2008,11485910,"ohio",3411.7,348.2,"3"
2008,3642361,"oklahoma",3442.4,526.7,"2"
2008,3790060,"oregon",3282.2,257.2,"3"
2008,12448279,"pennsylvania",2410.2,410,"1"
2008,3954037,"puerto rico",1498.6,239.9,"1"
2008,1050788,"rhode island",2840.6,249.4,"1"
2008,4479800,"south carolina",4234.2,729.7,"2"
2008,804194,"south dakota",1645.6,201.4,"1"
2008,6214888,"tennessee",4042.6,722.4,"2"
2008,24326974,"texas",3985.6,507.9,"3"
2008,2736424,"utah",3357.4,221.8,"3"
2008,621270,"vermont",2538.5,135.9,"1"
2008,7769089,"virginia",2518.1,255.9,"1"
2008,6549224,"washington",3758.4,331.2,"3"
2008,1814468,"west virginia",2568.6,273.8,"1"
2008,5627967,"wisconsin",2756.4,274,"1"
2008,532668,"wyoming",2717.3,232,"1"
2009,4708708,"alabama",3772.4,449.8,"3"
2009,698473,"alaska",2946,633,"1"
2009,6595778,"arizona",3556.5,408.3,"3"
2009,2889450,"arkansas",3773.7,517.7,"3"
2009,36961664,"california",2731.5,472,"2"
2009,5024748,"colorado",2666.2,337.8,"2"
2009,3518288,"connecticut",2335.8,298.7,"2"
2009,885122,"delaware",3349.6,636.6,"1"
2009,599657,"district of columbia",4745.4,1345.9,"1"
2009,18537969,"florida",3840.8,612.5,"1"
2009,9829211,"georgia",3666.6,426.1,"3"
2009,1295178,"hawaii",3661.2,274.8,"3"
2009,1545801,"idaho",1988.7,228.4,"2"
2009,12910409,"illinois",2736.9,497.2,"2"
2009,6423113,"indiana",3116.2,333.2,"3"
2009,3007856,"iowa",2308.7,279.2,"2"
2009,2818747,"kansas",3207.8,400.1,"3"
2009,4314113,"kentucky",2512.7,258.7,"2"
2009,4492076,"louisiana",3794.6,620,"1"
2009,1318301,"maine",2403.5,119.8,"2"
2009,5699478,"maryland",3200.7,589.9,"1"
2009,6593587,"massachusetts",2304,457.1,"2"
2009,9969727,"michigan",2837.8,497,"2"
2009,5266214,"minnesota",2641,243.9,"2"
2009,2951996,"mississippi",2953.3,281.3,"3"
2009,5987580,"missouri",3385.3,491.8,"3"
2009,974989,"montana",2464,253.6,"2"
2009,1796619,"nebraska",2761.5,281.6,"2"
2009,2643085,"nevada",3055.6,702.2,"1"
2009,1324575,"new hampshire",2161,159.6,"2"
2009,8707739,"new jersey",2079.7,311.5,"2"
2009,2009671,"new mexico",3735.8,619,"1"
2009,19541453,"new york",1936,384.7,"2"
2009,9380884,"north carolina",3668.1,404.3,"3"
2009,646844,"north dakota",1932.8,200.7,"2"
2009,11542645,"ohio",3270.9,332.1,"3"
2009,3687050,"oklahoma",3573.8,501.1,"3"
2009,3825657,"oregon",2967.1,254.7,"3"
2009,12604767,"pennsylvania",2201.6,380.5,"2"
2009,3967288,"puerto rico",1410,264.5,"2"
2009,1053209,"rhode island",2610.8,252.6,"2"
2009,4561242,"south carolina",3888.6,670.8,"1"
2009,812383,"south dakota",1719.4,185.6,"2"
2009,6296254,"tennessee",3754.1,667.7,"1"
2009,24782302,"texas",4015.5,490.9,"3"
2009,2784572,"utah",3275.4,212.7,"3"
2009,621760,"vermont",2401.4,131.4,"2"
2009,7882590,"virginia",2428.8,226.8,"2"
2009,6664195,"washington",3666.9,331,"3"
2009,1819777,"west virginia",2526.7,296.5,"2"
2009,5654774,"wisconsin",2608.2,257,"2"
2009,544270,"wyoming",2637.3,228.2,"2"
2010,4779736,"alabama",3516.8,377.8,"2"
2010,710231,"alaska",2852.5,638.8,"3"
2010,6392017,"arizona",3534,408.1,"2"
2010,2915918,"arkansas",3558.9,505.3,"2"
2010,37253956,"california",2635.8,440.6,"3"
2010,5029196,"colorado",2684.2,320.8,"2"
2010,3574097,"connecticut",2193.2,281.4,"3"
2010,897934,"delaware",3448.2,620.9,"2"
2010,601723,"district of columbia",4778.9,1330.2,"1"
2010,18801310,"florida",3558.4,542.4,"2"
2010,9687653,"georgia",3640.5,403.3,"2"
2010,1360301,"hawaii",3314.2,262.7,"2"
2010,1567582,"idaho",1995.8,221,"3"
2010,12830632,"illinois",2681,435.2,"3"
2010,6483802,"indiana",3042.4,314.5,"2"
2010,3046355,"iowa",2242.5,273.5,"3"
2010,2853118,"kansas",3119.9,369.1,"2"
2010,4339367,"kentucky",2551.3,242.6,"2"
2010,4533372,"louisiana",3647.5,549,"2"
2010,1328361,"maine",2479.3,122,"2"
2010,5773552,"maryland",2997.3,547.7,"3"
2010,6547629,"massachusetts",2350.5,466.6,"3"
2010,9883640,"michigan",2713.6,490.3,"3"
2010,5303925,"minnesota",2572.3,236,"2"
2010,2967297,"mississippi",2985,269.7,"2"
2010,5988927,"missouri",3346.4,455,"2"
2010,989415,"montana",2543.8,272.2,"2"
2010,1826341,"nebraska",2673.2,279.5,"2"
2010,2700551,"nevada",2774.7,660.6,"3"
2010,1316470,"new hampshire",2186.3,167,"3"
2010,8791894,"new jersey",2081.9,307.7,"3"
2010,2059179,"new mexico",3435.4,588.9,"2"
2010,19378102,"new york",1941.2,392.1,"3"
2010,9535483,"north carolina",3447.3,363.4,"2"
2010,672591,"north dakota",1768.5,225,"3"
2010,11536504,"ohio",3245.2,315.2,"2"
2010,3751351,"oklahoma",3415.5,479.5,"2"
2010,3831074,"oregon",3012.9,252,"2"
2010,12702379,"pennsylvania",2173,366.2,"3"
2010,1052567,"rhode island",2556.6,256.6,"2"
2010,4625364,"south carolina",3900.4,597.7,"2"
2010,814180,"south dakota",1852.4,268.5,"3"
2010,6346105,"tennessee",3657.9,613.3,"2"
2010,25145561,"texas",3783,450.3,"2"
2010,2763885,"utah",3179.6,212.7,"2"
2010,625741,"vermont",2282.3,130.2,"2"
2010,8001024,"virginia",2327.2,213.6,"3"
2010,6724540,"washington",3706.6,313.8,"2"
2010,1852994,"west virginia",2239.6,314.6,"3"
2010,5686986,"wisconsin",2507.7,248.7,"2"
2010,563626,"wyoming",2461.6,195.9,"2"
2011,4802740,"alabama",3606.1,420.1,"1"
2011,722718,"alaska",2632.8,606.5,"2"
2011,6482505,"arizona",3554.5,405.9,"1"
2011,2937979,"arkansas",3754.1,480.9,"1"
2011,37691912,"california",2583.8,411.1,"2"
2011,5116796,"colorado",2606.3,320.2,"2"
2011,3580709,"connecticut",2167.4,272.8,"2"
2011,907135,"delaware",3410.6,559.5,"1"
2011,617996,"district of columbia",4795.5,1202.1,"3"
2011,19057542,"florida",3522,515.3,"1"
2011,9815210,"georgia",3626.5,373.2,"1"
2011,1374810,"hawaii",3337.8,287.2,"1"
2011,1584985,"idaho",2068.6,200.9,"2"
2011,12869257,"illinois",2688.8,429.3,"2"
2011,6516922,"indiana",3161.8,331.8,"1"
2011,3062309,"iowa",2330.3,255.6,"2"
2011,2871238,"kansas",3080.1,353.9,"1"
2011,4369356,"kentucky",2708.8,238.2,"1"
2011,4574836,"louisiana",3688.5,555.3,"1"
2011,1328188,"maine",2545.5,123.2,"1"
2011,5828289,"maryland",2860.2,494.1,"2"
2011,6587536,"massachusetts",2258.7,428.4,"2"
2011,9876187,"michigan",2612.1,445.3,"2"
2011,5344861,"minnesota",2549.4,221.2,"2"
2011,2978512,"mississippi",3025.5,269.8,"1"
2011,6010688,"missouri",3308.8,447.4,"1"
2011,998199,"montana",2319.7,267.5,"2"
2011,1842641,"nebraska",2752.9,253.2,"1"
2011,2723322,"nevada",2560.5,562.1,"2"
2011,1318194,"new hampshire",2283.9,188,"2"
2011,8821155,"new jersey",2150.7,308.4,"2"
2011,2082224,"new mexico",3531.5,567.5,"1"
2011,19465197,"new york",1912.4,398.1,"2"
2011,9656401,"north carolina",3526.8,349.8,"1"
2011,683932,"north dakota",1936.7,247,"2"
2011,11544951,"ohio",3354.7,307.4,"1"
2011,3791508,"oklahoma",3356.2,454.8,"1"
2011,3871859,"oregon",3114.6,247.6,"1"
2011,12742886,"pennsylvania",2222.3,355,"2"
2011,3706690,"puerto rico",1395.2,284.4,"2"
2011,1051302,"rhode island",2676.8,247.5,"1"
2011,4679230,"south carolina",3904.2,571.9,"1"
2011,824082,"south dakota",1817.7,254.1,"2"
2011,6403353,"tennessee",3595.9,608.2,"1"
2011,25674681,"texas",3472.3,408.5,"1"
2011,2817222,"utah",2973.1,195,"1"
2011,626431,"vermont",2309,135.2,"2"
2011,8096604,"virginia",2249.6,196.7,"2"
2011,6830038,"washington",3574.6,294.6,"1"
2011,1855364,"west virginia",2273.9,315.9,"2"
2011,5711767,"wisconsin",2432.7,236.9,"2"
2011,568158,"wyoming",2266.4,219.3,"2"
2012,4822023,"alabama",3502.2,449.9,"1"
2012,731449,"alaska",2739.4,603.2,"2"
2012,6553255,"arizona",3539.2,428.9,"1"
2012,2949131,"arkansas",3660.1,469.1,"1"
2012,38041430,"california",2758.7,423.1,"2"
2012,5187582,"colorado",2684.7,308.9,"2"
2012,3590347,"connecticut",2140,283,"2"
2012,917092,"delaware",3340.9,547.4,"1"
2012,632323,"district of columbia",4860.8,1243.7,"3"
2012,19317568,"florida",3276.7,487.1,"1"
2012,9919945,"georgia",3410.6,378.9,"1"
2012,1392313,"hawaii",3075.2,239.2,"1"
2012,1595728,"idaho",1983.5,207.9,"2"
2012,12875255,"illinois",2578.7,414.8,"2"
2012,6537334,"indiana",3029.2,345.7,"1"
2012,3074186,"iowa",2271.8,263.9,"2"
2012,2885905,"kansas",3143.2,354.6,"1"
2012,4380415,"kentucky",2552.9,222.6,"2"
2012,4601893,"louisiana",3540.6,496.9,"1"
2012,1329192,"maine",2509.9,122.7,"1"
2012,5884563,"maryland",2753.5,476.8,"2"
2012,6646144,"massachusetts",2153,405.5,"2"
2012,9883360,"michigan",2530.5,454.5,"2"
2012,5379139,"minnesota",2568.3,230.9,"2"
2012,2984926,"mississippi",2811,260.8,"1"
2012,6021988,"missouri",3314.4,450.9,"1"
2012,1005141,"montana",2583.7,272.2,"2"
2012,1855525,"nebraska",2754.9,259.4,"1"
2012,2758931,"nevada",2809.4,607.6,"2"
2012,1320718,"new hampshire",2324,187.9,"2"
2012,8864590,"new jersey",2047.3,290.2,"2"
2012,2085538,"new mexico",3600.7,559.1,"1"
2012,19570261,"new york",1922,406.8,"2"
2012,9752073,"north carolina",3369.5,353.4,"1"
2012,699628,"north dakota",2010.1,244.7,"2"
2012,11544225,"ohio",3117.4,299.7,"1"
2012,3814820,"oklahoma",3401,469.3,"1"
2012,3899353,"oregon",3224.2,247.6,"1"
2012,12763536,"pennsylvania",2166.3,348.7,"2"
2012,3667084,"puerto rico",1409.3,273.8,"2"
2012,1050292,"rhode island",2572.3,252.4,"2"
2012,4723723,"south carolina",3822.2,558.8,"1"
2012,833354,"south dakota",2060.1,321.8,"2"
2012,6456243,"tennessee",3371.4,643.6,"1"
2012,26059203,"texas",3361.8,408.6,"1"
2012,2855287,"utah",2991.8,205.8,"1"
2012,626011,"vermont",2398.7,142.6,"2"
2012,8185867,"virginia",2162.1,190.1,"2"
2012,6897012,"washington",3658.6,295.6,"1"
2012,1855413,"west virginia",2364.9,316.3,"2"
2012,5726398,"wisconsin",2453.8,280.5,"2"
2012,576412,"wyoming",2293.8,201.4,"2"
2013,4833722,"alabama",3351.3,430.8,"1"
2013,735132,"alaska",2885.2,640.4,"2"
2013,6626624,"arizona",3399.1,416.5,"1"
2013,2959373,"arkansas",3602.6,460.3,"1"
2013,38332521,"california",2658.1,402.1,"2"
2013,5268367,"colorado",2658.5,308,"1"
2013,3596080,"connecticut",1974.1,262.5,"2"
2013,925749,"delaware",3065.5,491.4,"1"
2013,646449,"district of columbia",4808.3,1300.3,"3"
2013,19552860,"florida",3105.3,470.4,"1"
2013,9992167,"georgia",3346.6,365.7,"1"
2013,1404054,"hawaii",3053.7,251.6,"1"
2013,1612136,"idaho",1864.3,217,"2"
2013,12882135,"illinois",2274.3,380.2,"2"
2013,6570902,"indiana",2854,357.4,"1"
2013,3090416,"iowa",2193.9,271.4,"2"
2013,2893957,"kansas",2946.8,339.9,"1"
2013,4395295,"kentucky",2362.9,209.8,"1"
2013,4625470,"louisiana",3582,518.5,"1"
2013,1328302,"maine",2292.2,129.3,"1"
2013,5928814,"maryland",2663.5,473.8,"2"
2013,6692824,"massachusetts",2051.2,413.4,"2"
2013,9895622,"michigan",2327.6,449.9,"2"
2013,5420380,"minnesota",2420.4,234.4,"1"
2013,2991207,"mississippi",2724.7,274.6,"1"
2013,6044171,"missouri",3137,433.4,"1"
2013,1015165,"montana",2556.5,252.9,"1"
2013,1868516,"nebraska",2623.4,262.1,"1"
2013,2790136,"nevada",2837.7,603,"2"
2013,1323459,"new hampshire",2194.3,215.3,"2"
2013,8899339,"new jersey",1882.8,288.5,"2"
2013,2085287,"new mexico",3704.8,613,"1"
2013,19651127,"new york",1824.8,393.7,"2"
2013,9848060,"north carolina",3128,342.2,"1"
2013,723393,"north dakota",2094,270.1,"2"
2013,11570808,"ohio",2927.5,286.2,"1"
2013,3850568,"oklahoma",3273.7,441.2,"1"
2013,3930065,"oregon",3173.9,254,"1"
2013,12773801,"pennsylvania",2060.8,335.4,"2"
2013,3615086,"puerto rico",1351.3,258,"2"
2013,1051511,"rhode island",2442,257.2,"1"
2013,4774839,"south carolina",3624.2,508.5,"1"
2013,844877,"south dakota",1914.7,316.5,"2"
2013,6495978,"tennessee",3180.9,590.6,"2"
2013,26448193,"texas",3258.2,408.3,"1"
2013,2900872,"utah",2950.4,224,"1"
2013,626630,"vermont",2214.2,121.1,"1"
2013,8260405,"virginia",2065.9,196.2,"2"
2013,6971406,"washington",3710.3,289.1,"1"
2013,1854304,"west virginia",2103.9,300.3,"2"
2013,5742713,"wisconsin",2188.7,277.9,"2"
2013,582658,"wyoming",2198.4,205.1,"2"
2014,4849377,"alabama",3177.6,427.4,"2"
2014,736732,"alaska",2760,635.8,"1"
2014,6731484,"arizona",3197.5,399.9,"2"
2014,2966369,"arkansas",3338,480.1,"2"
2014,38802500,"california",2441.1,396.1,"3"
2014,5355866,"colorado",2530.1,309.1,"2"
2014,3596677,"connecticut",1920.4,236.9,"3"
2014,935614,"delaware",2982,489.1,"2"
2014,658893,"district of columbia",5182.5,1244.4,"1"
2014,19893297,"florida",3415.5,540.5,"2"
2014,10097343,"georgia",3281.2,377.3,"2"
2014,1419561,"hawaii",3050,259.2,"2"
2014,1634464,"idaho",1854.8,212.2,"3"
2014,12880580,"illinois",2075.9,370,"3"
2014,6596855,"indiana",2649.4,365.3,"2"
2014,3107126,"iowa",2093.8,273.5,"3"
2014,2904021,"kansas",2735.2,348.6,"2"
2014,4413457,"kentucky",2246.9,211.6,"3"
2014,4649676,"louisiana",3458.8,514.7,"2"
2014,1330089,"maine",1986.4,127.8,"3"
2014,5976407,"maryland",2507.5,446.1,"3"
2014,6745408,"massachusetts",1857.1,391.4,"3"
2014,9909877,"michigan",2043.9,427.3,"3"
2014,5457173,"minnesota",2297.5,229.1,"3"
2014,2994079,"mississippi",2921.2,278.5,"2"
2014,6063589,"missouri",2906.5,442.9,"2"
2014,1023579,"montana",2472.9,323.7,"3"
2014,1881503,"nebraska",2523.5,280.4,"2"
2014,2839099,"nevada",2625.4,635.6,"1"
2014,1326813,"new hampshire",1962.7,196.1,"3"
2014,8938175,"new jersey",1734.1,261.2,"3"
2014,2085572,"new mexico",3542.3,597.4,"2"
2014,19746227,"new york",1718.2,381.8,"3"
2014,9943964,"north carolina",2873.1,329.5,"2"
2014,739482,"north dakota",2110.3,265.1,"3"
2014,11594163,"ohio",2799.1,284.9,"2"
2014,3878051,"oklahoma",2990.7,406,"2"
2014,3970239,"oregon",2879,232.3,"2"
2014,12787209,"pennsylvania",1931.7,314.1,"3"
2014,3548397,"puerto rico",1285.7,236.2,"3"
2014,1055173,"rhode island",2173.6,219.2,"3"
2014,4832482,"south carolina",3460.3,497.7,"2"
2014,853175,"south dakota",1863.9,326.5,"3"
2014,6549352,"tennessee",3060.6,608.4,"1"
2014,26956958,"texas",3019.4,405.9,"2"
2014,2942902,"utah",2878.5,215.6,"2"
2014,626562,"vermont",1524.4,99.3,"3"
2014,8326289,"virginia",1930.3,196.2,"3"
2014,7061530,"washington",3706.1,285.2,"2"
2014,1850326,"west virginia",2034.7,302,"3"
2014,5757564,"wisconsin",2088.3,290.3,"3"
2014,584153,"wyoming",1964.7,195.5,"3"
2015,4858979,"alabama",2978.9,472.4,"2"
2015,738432,"alaska",2817.6,730.2,"1"
2015,6828065,"arizona",3033.2,410.2,"2"
2015,2978204,"arkansas",3251.5,521.3,"2"
2015,39144818,"california",2618.3,426.3,"2"
2015,5456574,"colorado",2641.5,321,"2"
2015,3590886,"connecticut",1812,218.5,"3"
2015,945934,"delaware",2691,499,"2"
2015,672228,"district of columbia",4676.2,1269.1,"1"
2015,20271272,"florida",2813.2,461.9,"2"
2015,10214860,"georgia",3022.3,378.3,"2"
2015,1431603,"hawaii",3796.2,293.4,"2"
2015,1654930,"idaho",1743.8,215.6,"3"
2015,12859995,"illinois",1988.6,383.8,"3"
2015,6619680,"indiana",2596,387.5,"2"
2015,3123899,"iowa",2047.3,286.1,"3"
2015,2911641,"kansas",2720.1,389.9,"2"
2015,4425092,"kentucky",2177.6,218.7,"3"
2015,4670724,"louisiana",3353.4,539.7,"2"
2015,1329328,"maine",1830,130.1,"3"
2015,6006401,"maryland",2315,457.2,"3"
2015,6794422,"massachusetts",1690.7,390.9,"3"
2015,9922576,"michigan",1885.6,415.5,"3"
2015,5489594,"minnesota",2222.1,242.6,"3"
2015,2992333,"mississippi",2833.6,275.8,"2"
2015,6083672,"missouri",2854.2,497.4,"2"
2015,1032949,"montana",2623.6,349.6,"2"
2015,1896190,"nebraska",2241.1,274.9,"3"
2015,2890845,"nevada",2668.3,695.9,"1"
2015,1330608,"new hampshire",1745.7,199.3,"3"
2015,8958013,"new jersey",1626.5,255.4,"3"
2015,2085109,"new mexico",3697.4,656.1,"2"
2015,19795791,"new york",1604,379.7,"3"
2015,10042802,"north carolina",2750.1,347,"2"
2015,756927,"north dakota",2116.5,239.4,"3"
2015,11613423,"ohio",2587.7,291.9,"2"
2015,3911338,"oklahoma",2885.9,422,"2"
2015,4028977,"oregon",2946.6,259.8,"2"
2015,12802503,"pennsylvania",1812.8,315.1,"3"
2015,3474182,"puerto rico",1085.6,219.6,"3"
2015,1056298,"rhode island",1897.5,242.5,"3"
2015,4896146,"south carolina",3293.3,504.5,"2"
2015,858469,"south dakota",1943,383.1,"3"
2015,6600299,"tennessee",2936.2,612.1,"1"
2015,27469114,"texas",2831.3,412.2,"2"
2015,2995919,"utah",2980,236,"2"
2015,626042,"vermont",1406.6,118,"3"
2015,8382993,"virginia",1866.5,195.6,"3"
2015,7170351,"washington",3463.8,284.4,"2"
2015,1844128,"west virginia",2020,337.9,"3"
2015,5771337,"wisconsin",1974,305.8,"3"
2015,586107,"wyoming",1902.6,222.1,"3"
2016,4863300,"alabama",2947.8,532.3,"1"
2016,741894,"alaska",3353,804.2,"3"
2016,6931071,"arizona",2978.4,470.1,"1"
2016,2988248,"arkansas",3268.6,550.9,"1"
2016,39250017,"california",2553,445.3,"1"
2016,5540545,"colorado",2740.7,342.6,"1"
2016,3576452,"connecticut",1808,227.1,"2"
2016,952065,"delaware",2766,508.8,"1"
2016,681170,"district of columbia",4802.9,1205.9,"3"
2016,20612439,"florida",2686.8,430.3,"1"
2016,10310371,"georgia",3004.5,397.6,"1"
2016,1428557,"hawaii",2992.7,309.2,"1"
2016,1683140,"idaho",1744.2,230.3,"2"
2016,12801539,"illinois",2049,436.3,"2"
2016,6633053,"indiana",2589.4,404.7,"1"
2016,3134693,"iowa",2086,290.6,"2"
2016,2907289,"kansas",2695.5,380.4,"1"
2016,4436974,"kentucky",2189.7,232.3,"1"
2016,4681666,"louisiana",3297.7,566.1,"1"
2016,1331479,"maine",1645.7,123.8,"2"
2016,6016447,"maryland",2284.5,472,"2"
2016,6811779,"massachusetts",1561.1,376.9,"2"
2016,9928300,"michigan",1909.9,459,"2"
2016,5519952,"minnesota",2133.3,242.6,"1"
2016,2988726,"mississippi",2768.1,280.5,"1"
2016,6093000,"missouri",2799.1,519.4,"1"
2016,1042520,"montana",2683.5,368.3,"1"
2016,1907116,"nebraska",2263.3,291,"1"
2016,2940058,"nevada",2586.6,678.1,"3"
2016,1334795,"new hampshire",1512.9,197.6,"2"
2016,8944469,"new jersey",1544.6,245,"2"
2016,2081015,"new mexico",3937.1,702.5,"1"
2016,19745289,"new york",1545.6,376.2,"2"
2016,10146788,"north carolina",2737.5,372.2,"1"
2016,757952,"north dakota",2295.9,251.1,"1"
2016,11614373,"ohio",2577.5,300.3,"1"
2016,3923561,"oklahoma",2982.9,449.8,"1"
2016,4093465,"oregon",2964.4,264.6,"1"
2016,12784227,"pennsylvania",1742.7,316.4,"2"
2016,3411307,"puerto rico",1031.9,224,"2"
2016,1056426,"rhode island",1898.7,238.9,"2"
2016,4961119,"south carolina",3243.8,501.8,"1"
2016,865454,"south dakota",1980.6,418.4,"2"
2016,6651194,"tennessee",2854.1,632.9,"3"
2016,27862596,"texas",2759.8,434.4,"1"
2016,3051217,"utah",2951.5,242.8,"1"
2016,624594,"vermont",1697.4,158.3,"2"
2016,8411808,"virginia",1859.4,217.6,"2"
2016,7288000,"washington",3494.1,302.2,"1"
2016,1831102,"west virginia",2047.2,358.1,"2"
2016,5778708,"wisconsin",1933.3,305.9,"2"
2016,585501,"wyoming",1957.3,244.2,"2"
2017,4874747,"alabama",2957.3,524.2,"2"
2017,739795,"alaska",3542.1,829,"2"
2017,7016270,"arizona",2914.9,508,"2"
2017,3004279,"arkansas",3078.6,554.9,"2"
2017,39536653,"california",2496.7,449.3,"1"
2017,5607154,"colorado",2701.6,368.1,"3"
2017,3588184,"connecticut",1769.9,228,"1"
2017,961939,"delaware",2440.6,453.4,"1"
2017,693972,"district of columbia",4283.9,1004.9,"2"
2017,20984400,"florida",2512.4,408,"3"
2017,10429379,"georgia",2860.2,357.2,"3"
2017,1427538,"hawaii",2829.5,250.6,"3"
2017,1716943,"idaho",1635.4,226.4,"1"
2017,12802023,"illinois",2011.4,438.8,"1"
2017,6666818,"indiana",2416.9,399,"3"
2017,3145711,"iowa",2125.3,293.4,"3"
2017,2913123,"kansas",2800.9,413,"3"
2017,4454189,"kentucky",2129.1,225.8,"3"
2017,4684333,"louisiana",3366.8,557,"2"
2017,1335907,"maine",1507.1,121,"1"
2017,6052177,"maryland",2222.3,500.2,"1"
2017,6859819,"massachusetts",1437,358,"1"
2017,9962311,"michigan",1800,450,"1"
2017,5576606,"minnesota",2191.5,238.3,"3"
2017,2984100,"mississippi",2733.9,285.7,"3"
2017,6113532,"missouri",2833.9,530.3,"2"
2017,1050493,"montana",2591.6,377.1,"3"
2017,1920076,"nebraska",2274,305.9,"3"
2017,2998039,"nevada",2612.4,555.9,"2"
2017,1342795,"new hampshire",1381.8,198.7,"1"
2017,9005644,"new jersey",1555.5,228.8,"1"
2017,2088070,"new mexico",3941.7,783.5,"2"
2017,19849399,"new york",1514.2,356.7,"1"
2017,10273419,"north carolina",2545.3,363.7,"3"
2017,755393,"north dakota",2197.8,281.3,"3"
2017,11658609,"ohio",2419.1,297.5,"3"
2017,3930864,"oklahoma",2876.4,456.2,"3"
2017,4142776,"oregon",2986.5,281.8,"3"
2017,12805537,"pennsylvania",1649.4,313.3,"1"
2017,3337177,"puerto rico",934.2,232.6,"1"
2017,1059639,"rhode island",1751.6,232.2,"1"
2017,5024369,"south carolina",3195.9,506.2,"3"
2017,869666,"south dakota",1876.2,433.6,"1"
2017,6715984,"tennessee",2940.6,651.5,"2"
2017,28304596,"texas",2562.6,438.9,"3"
2017,3101833,"utah",2780.2,238.9,"3"
2017,623657,"vermont",1436.7,165.8,"1"
2017,8470020,"virginia",1792.9,208.2,"1"
2017,7405743,"washington",3173.6,304.5,"3"
2017,1815857,"west virginia",1852,350.7,"1"
2017,5795483,"wisconsin",1808.3,319.9,"1"
2017,579315,"wyoming",1830.4,237.5,"1"
2018,4887871,"alabama",2817.2,519.6,"3"
2018,737438,"alaska",3300.5,885,"2"
2018,7171646,"arizona",2676.8,474.9,"3"
2018,3013825,"arkansas",2913,543.6,"3"
2018,39557045,"california",2380.4,447.4,"3"
2018,5695564,"colorado",2671.6,397.2,"3"
2018,3572665,"connecticut",1681,207.4,"1"
2018,967171,"delaware",2324.4,423.6,"3"
2018,702455,"district of columbia",4373.8,995.9,"2"
2018,21299325,"florida",2281.8,384.9,"3"
2018,10519475,"georgia",2573.7,326.6,"3"
2018,1420491,"hawaii",2870.3,248.6,"3"
2018,1754208,"idaho",1461.4,227.1,"1"
2018,12741080,"illinois",1932.8,404.1,"1"
2018,6691878,"indiana",2179.3,382.3,"3"
2018,3156145,"iowa",1691.5,250.1,"1"
2018,2911505,"kansas",2633.9,439,"3"
2018,4468402,"kentucky",1962.6,211.9,"3"
2018,4659978,"louisiana",3276,537.5,"3"
2018,1338404,"maine",1357.8,112.1,"1"
2018,6042718,"maryland",2033.3,468.7,"1"
2018,6902149,"massachusetts",1263.3,338.1,"1"
2018,9995915,"michigan",1653.5,449.4,"1"
2018,5611179,"minnesota",1993.8,220.4,"3"
2018,2986530,"mississippi",2403,234.4,"3"
2018,6126452,"missouri",2647.1,502.1,"3"
2018,1062305,"montana",2496.3,374.1,"3"
2018,1929268,"nebraska",2079.9,284.8,"3"
2018,3034392,"nevada",2438.2,541.1,"1"
2018,1356458,"new hampshire",1248.5,173.2,"1"
2018,8908520,"new jersey",1404.9,208.1,"1"
2018,2095428,"new mexico",3419.7,856.6,"2"
2018,19542209,"new york",1440.5,350.5,"1"
2018,10383620,"north carolina",2494.1,377.6,"3"
2018,760077,"north dakota",2040.2,280.6,"3"
2018,11689442,"ohio",2177.1,279.9,"3"
2018,3943079,"oklahoma",2875,466.1,"3"
2018,4190713,"oregon",2894,285.5,"3"
2018,12807060,"pennsylvania",1489.9,306,"1"
2018,3195153,"puerto rico",777.8,200.8,"1"
2018,1057315,"rhode island",1660.9,219.1,"1"
2018,5084127,"south carolina",3017.6,488.3,"3"
2018,882235,"south dakota",1728.7,404.7,"1"
2018,6770010,"tennessee",2825.4,623.7,"2"
2018,28701845,"texas",2367.2,410.9,"3"
2018,3161105,"utah",2377.5,233.1,"3"
2018,626299,"vermont",1283.1,172,"1"
2018,8517685,"virginia",1665.8,200,"1"
2018,7535591,"washington",2946.2,311.5,"3"
2018,1805832,"west virginia",1485.6,289.9,"1"
2018,5813568,"wisconsin",1559.9,295.4,"1"
2018,577737,"wyoming",1785.1,212.2,"3"
2019,4903185,"alabama",2674.4,510.8,"1"
2019,731545,"alaska",2910.8,867.1,"2"
2019,7278717,"arizona",2440.5,455.3,"1"
2019,3017804,"arkansas",2858,584.6,"1"
2019,39512223,"california",2331.2,441.2,"1"
2019,5758736,"colorado",2590.7,381,"1"
2019,3565287,"connecticut",1426.6,183.6,"3"
2019,973764,"delaware",2252.2,422.6,"1"
2019,705749,"district of columbia",4367.1,1049,"2"
2019,21477737,"florida",2145.7,378.4,"1"
2019,10617423,"georgia",2375.8,340.7,"1"
2019,1415872,"hawaii",2841.2,285.5,"1"
2019,1787065,"idaho",1219.5,223.8,"3"
2019,12671821,"illinois",1846.5,406.9,"3"
2019,6732219,"indiana",1971,370.8,"3"
2019,3155070,"iowa",1733.7,266.6,"3"
2019,2913314,"kansas",2314.5,410.8,"1"
2019,4467673,"kentucky",1897.4,217.1,"1"
2019,4648794,"louisiana",3162,549.3,"1"
2019,1344212,"maine",1245.6,115.2,"3"
2019,6045680,"maryland",1950.2,454.1,"3"
2019,6892503,"massachusetts",1179.8,327.6,"3"
2019,9986857,"michigan",1585,437.4,"3"
2019,5639632,"minnesota",2078.8,236.4,"1"
2019,2976149,"mississippi",2375.8,277.9,"1"
2019,6137428,"missouri",2638.7,495,"1"
2019,1068778,"montana",2193.2,404.9,"1"
2019,1934408,"nebraska",2039.3,300.9,"1"
2019,3080156,"nevada",2322.1,493.8,"1"
2019,1359711,"new hampshire",1209.2,152.5,"3"
2019,8882190,"new jersey",1335.7,206.9,"3"
2019,2096829,"new mexico",3112.7,832.2,"2"
2019,19453561,"new york",1373.3,358.6,"3"
2019,10488084,"north carolina",2357.3,371.8,"1"
2019,762062,"north dakota",1977,284.6,"1"
2019,11689100,"ohio",2055.7,293.2,"1"
2019,3956971,"oklahoma",2845.3,431.8,"1"
2019,4217737,"oregon",2730.6,284.4,"1"
2019,12801989,"pennsylvania",1403.4,306.4,"3"
2019,3193694,"puerto rico",702.7,202.9,"3"
2019,1059361,"rhode island",1534.8,221.1,"3"
2019,5148714,"south carolina",2940.3,511.3,"1"
2019,884659,"south dakota",1771,399,"3"
2019,6829174,"tennessee",2652.6,595.2,"1"
2019,28995881,"texas",2390.7,418.9,"1"
2019,3205958,"utah",2169.3,235.6,"1"
2019,623989,"vermont",1424.4,202.2,"3"
2019,8535519,"virginia",1642.7,208,"3"
2019,7614893,"washington",2681.9,293.9,"1"
2019,1792147,"west virginia",1583.4,316.6,"3"
2019,5822434,"wisconsin",1471.4,293.2,"3"
2019,578759,"wyoming",1571.1,217.4,"3"
