"SAINC1 Personal Income Summary: Personal Income, Population, Per Capita Personal Income"
"" 
"Bureau of Economic Analysis" 
"State or DC"
"GeoFips","GeoName","LineCode","Description","1995","1996","1997","1998","1999","2000","2001","2002","2003","2004","2005","2006","2007","2008","2009","2010","2011","2012","2013","2014","2015","2016","2017","2018","2019"
"01000","Alabama","1","Personal income (millions of dollars)",85473.6,89350.0,93981.4,99953.3,103453.1,108355.1,112154.9,115191.8,120211.1,128739.9,136327.3,145175.8,152327.0,157366.8,155145.3,161516.6,167942.8,172804.1,174415.4,180457.7,188711.4,192281.9,199999.8,208752.7,216449.0
"01000","Alabama","2","Population (persons) 1/",4296800,4331102,4367935,4404701,4430141,4452173,4467634,4480089,4503491,4530729,4569805,4628981,4672840,4718206,4757938,4785514,4799642,4816632,4831586,4843737,4854803,4866824,4877989,4891628,4907965
"01000","Alabama","3","Per capita personal income (dollars) 2/",19892,20630,21516,22692,23352,24338,25104,25712,26693,28415,29832,31362,32598,33353,32608,33751,34991,35877,36099,37256,38871,39509,41000,42676,44102
"02000","Alaska *","1","Personal income (millions of dollars)",15955.8,16403.0,17276.6,18114.5,18675.7,20078.7,21240.4,22246.5,23239.6,24338.3,25956.9,27726.7,29838.9,32825.1,32896.4,35293.8,37827.8,39169.2,38859.5,41110.4,42505.8,41745.6,42454.4,44369.6,45945.1
"02000","Alaska *","2","Population (persons) 1/",604412,608569,612968,619932,624779,627963,633714,642337,648414,659286,666946,675302,680300,687455,698895,713982,722349,730810,737626,737075,738430,742575,740983,736624,733603
"02000","Alaska *","3","Per capita personal income (dollars) 2/",26399,26953,28185,29220,29892,31974,33517,34634,35841,36916,38919,41058,43861,47749,47069,49432,52368,53597,52682,55775,57562,56217,57295,60234,62629
"04000","Arizona","1","Personal income (millions of dollars)",91989.4,99707.6,108023.1,118057.6,124654.4,135387.5,141344.5,146505.2,155175.0,169638.7,188136.5,209127.0,220735.9,223345.8,211975.3,215523.6,226365.3,236846.1,242856.0,257410.4,271258.0,283199.3,300007.5,319226.3,335243.1
"04000","Arizona","2","Population (persons) 1/",4432499,4586940,4736990,4883342,5023823,5160586,5273477,5396255,5510364,5652404,5839077,6029141,6167681,6280362,6343154,6407342,6473416,6556344,6634690,6732873,6832810,6944767,7048088,7164228,7291843
"04000","Arizona","3","Per capita personal income (dollars) 2/",20753,21737,22804,24176,24813,26235,26803,27149,28161,30012,32220,34686,35789,35563,33418,33637,34968,36125,36604,38232,39699,40779,42566,44558,45975
"05000","Arkansas","1","Personal income (millions of dollars)",47164.7,50047.9,52508.0,55736.1,57973.4,60969.9,64168.1,65661.6,69547.4,74033.0,78000.3,83068.2,88508.3,91812.1,90246.0,93290.5,99571.5,106984.7,107240.7,113545.5,117671.8,120748.2,125025.7,130397.5,134682.7
"05000","Arkansas","2","Population (persons) 1/",2535399,2572109,2601090,2626289,2651860,2678588,2691571,2705927,2724816,2749686,2781097,2821761,2848650,2874554,2896843,2921998,2941038,2952876,2960459,2968759,2979732,2991815,3003855,3012161,3020985
"05000","Arkansas","3","Per capita personal income (dollars) 2/",18602,19458,20187,21222,21861,22762,23840,24266,25524,26924,28047,29438,31070,31940,31153,31927,33856,36231,36224,38247,39491,40360,41622,43290,44582
"06000","California","1","Personal income (millions of dollars)",780642.8,829666.6,882677.3,959949.7,1026419.3,1133965.4,1173768.8,1193118.0,1248506.5,1329404.0,1407285.5,1516057.5,1581573.3,1606579.9,1554013.3,1628457.6,1737940.0,1852397.5,1886376.6,2021035.6,2172930.2,2273557.5,2383130.5,2514503.4,2632279.8
"06000","California","2","Population (persons) 1/",31696582,32018834,32486010,32987675,33499204,33987977,34479458,34871843,35253159,35574576,35827943,36021202,36250311,36604337,36961229,37319550,37636311,37944551,38253768,38586706,38904296,39149186,39337785,39437463,39437610
"06000","California","3","Per capita personal income (dollars) 2/",24629,25912,27171,29100,30640,33364,34043,34214,35415,37369,39279,42088,43629,43890,42044,43636,46177,48819,49312,52376,55853,58074,60581,63759,66745
"08000","Colorado","1","Personal income (millions of dollars)",95648.8,103235.8,111207.8,123101.2,133020.5,147924.9,154999.8,155404.1,158210.9,164106.0,175273.0,189475.6,201875.5,208738.0,198800.2,205372.4,223153.2,237141.5,249281.6,271307.5,284819.6,290669.6,312045.5,335195.8,352184.7
"08000","Colorado","2","Population (persons) 1/",3826653,3919972,4018293,4116639,4226018,4326921,4425687,4490406,4528732,4575013,4631888,4720423,4803868,4889730,4972195,5047539,5121900,5193660,5270774,5352637,5454328,5543844,5617421,5697155,5758486
"08000","Colorado","3","Per capita personal income (dollars) 2/",24995,26336,27675,29903,31477,34187,35023,34608,34935,35870,37841,40140,42024,42689,39982,40688,43568,45660,47295,50687,52219,52431,55550,58836,61159
"09000","Connecticut","1","Personal income (millions of dollars)",105642.5,110746.3,117991.8,127327.7,134415.3,147054.8,155243.1,155347.9,157679.4,166262.0,175470.6,189750.4,204090.2,216865.3,213612.1,222226.0,228929.4,233337.8,228472.2,239001.1,245244.0,250178.6,256348.8,267346.2,275556.8
"09000","Connecticut","2","Population (persons) 1/",3324144,3336685,3349348,3365352,3386401,3411777,3432835,3458749,3484336,3496094,3506956,3517460,3527270,3545579,3561807,3579173,3588632,3595211,3595792,3595697,3588561,3579830,3575324,3574561,3566022
"09000","Connecticut","3","Per capita personal income (dollars) 2/",31780,33191,35228,37835,39693,43102,45223,44914,45254,47557,50035,53945,57861,61165,59973,62089,63793,64902,63539,66469,68340,69886,71699,74791,77273
"10000","Delaware","1","Personal income (millions of dollars)",18172.0,19433.9,20342.3,22502.3,24170.2,26663.8,29402.4,30386.8,31094.6,32376.7,33303.1,35265.5,36340.6,35993.2,36284.2,36725.7,39825.6,40338.4,40949.5,42888.3,45196.4,46341.8,48604.3,51103.1,53055.3
"10000","Delaware","2","Population (persons) 1/",729734,740977,751487,763335,774990,786373,795699,806169,818003,830803,845150,859268,871749,883874,891730,899647,907590,915518,924062,933131,942065,949989,957942,966985,976668
"10000","Delaware","3","Per capita personal income (dollars) 2/",24902,26227,27069,29479,31188,33907,36952,37693,38013,38970,39405,41041,41687,40722,40690,40822,43881,44061,44315,45962,47976,48781,50738,52848,54323
"11000","District of Columbia","1","Personal income (millions of dollars)",18621.1,19387.3,20290.5,21533.7,22559.3,24794.5,25677.5,25869.8,26177.8,28501.7,30163.9,32001.1,34480.2,35462.3,35798.8,38481.5,41786.3,43426.9,44189.2,47259.7,50963.6,53375.8,55051.1,56995.8,58864.0
"11000","District of Columbia","2","Population (persons) 1/",580517,572377,567736,565230,570213,572046,574504,573158,568502,567754,567136,570681,574404,580236,592228,605282,620290,635737,651559,663603,677014,687576,697079,704147,708253
"11000","District of Columbia","3","Per capita personal income (dollars) 2/",32077,33872,35739,38097,39563,43344,44695,45136,46047,50201,53186,56075,60028,61117,60448,63576,67366,68310,67821,71217,75277,77629,78974,80943,83111
"12000","Florida","1","Personal income (millions of dollars)",341583.5,363906.8,385402.0,415875.5,436186.1,472238.6,496337.2,512812.5,539102.8,586785.0,642506.7,698476.0,727404.7,727138.5,682891.7,725074.0,764633.7,793428.8,795425.0,856161.8,914928.4,949718.0,1016819.0,1082702.2,1125984.0
"12000","Florida","2","Population (persons) 1/",14537875,14853360,15186304,15486559,15759421,16047515,16356966,16689370,17004085,17415318,17842038,18166990,18367842,18527305,18652644,18846143,19055607,19302016,19551678,19853880,20219111,20627237,20977089,21254926,21492056
"12000","Florida","3","Per capita personal income (dollars) 2/",23496,24500,25378,26854,27678,29428,30344,30727,31704,33694,36011,38448,39602,39247,36611,38473,40126,41106,40683,43123,45251,46042,48473,50939,52391
"13000","Georgia","1","Personal income (millions of dollars)",162948.3,176085.7,187547.9,205702.4,219456.6,237444.9,249221.1,256188.8,265611.9,280262.0,297505.6,317584.3,332135.8,334334.5,327516.3,335268.4,358538.6,368868.1,374489.2,400696.1,425498.4,441905.5,467359.4,493575.9,512137.9
"13000","Georgia","2","Population (persons) 1/",7328413,7501069,7685099,7863536,8045965,8227303,8377038,8508256,8622793,8769252,8925922,9155813,9349988,9504843,9620846,9712209,9803630,9903580,9975592,10071204,10183353,10308442,10417031,10519389,10628020
"13000","Georgia","3","Per capita personal income (dollars) 2/",22235,23475,24404,26159,27275,28861,29751,30111,30803,31960,33331,34687,35523,35175,34042,34520,36572,37246,37541,39786,41784,42868,44865,46921,48188
"15000","Hawaii *","1","Personal income (millions of dollars)",30864.0,30894.9,31907.5,32531.1,33657.5,35682.0,37204.0,38954.8,40791.0,43977.4,47306.3,50701.1,53423.1,56059.9,55690.0,57179.1,60044.6,62455.9,63316.6,66846.1,70376.2,73048.0,76109.6,78436.1,80726.5
"15000","Hawaii *","2","Population (persons) 1/",1196854,1203755,1211640,1215233,1210300,1213519,1225948,1239613,1251154,1273569,1292729,1309731,1315675,1332213,1346717,1364004,1379562,1395199,1408822,1415335,1422999,1428885,1425763,1423102,1415615
"15000","Hawaii *","3","Per capita personal income (dollars) 2/",25788,25665,26334,26769,27809,29404,30347,31425,32603,34531,36594,38711,40605,42080,41352,41920,43524,44765,44943,47230,49456,51122,53382,55116,57026
"16000","Idaho","1","Personal income (millions of dollars)",23842.7,25334.9,26420.1,28573.4,30346.2,32791.1,34062.2,35180.4,36402.6,39244.7,41843.2,46161.3,49123.0,50205.4,48477.0,50196.6,53082.6,56139.8,58338.3,61827.3,65683.4,68248.4,72605.0,77992.6,82148.4
"16000","Idaho","2","Population (persons) 1/",1177322,1203083,1228520,1252330,1275674,1299430,1319962,1340372,1363380,1391802,1428241,1468669,1505105,1534320,1554439,1570819,1584272,1595910,1612053,1632248,1652495,1684036,1719745,1752074,1789060
"16000","Idaho","3","Per capita personal income (dollars) 2/",20252,21058,21506,22816,23788,25235,25805,26247,26700,28197,29297,31431,32638,32722,31186,31956,33506,35177,36189,37879,39748,40527,42218,44514,45917
"17000","Illinois","1","Personal income (millions of dollars)",307809.3,327552.9,346339.1,367350.2,383422.7,412423.1,427473.3,432412.0,439954.7,457435.4,476560.1,508470.3,538060.1,551531.0,525210.7,540492.6,567967.5,593239.1,607671.4,637280.0,665490.1,672019.9,693273.7,727064.1,744640.7
"17000","Illinois","2","Population (persons) 1/",12008437,12101997,12185715,12271847,12359020,12434161,12488445,12525556,12556006,12589773,12609903,12643955,12695866,12747038,12796778,12840545,12867783,12883029,12895778,12885092,12859585,12821709,12779893,12724685,12667017
"17000","Illinois","3","Per capita personal income (dollars) 2/",25633,27066,28422,29934,31024,33169,34230,34522,35039,36334,37793,40214,42381,43267,41042,42093,44139,46048,47122,49459,51751,52413,54247,57138,58786
"18000","Indiana","1","Personal income (millions of dollars)",129005.6,136363.5,143496.3,154850.9,161356.5,171989.7,175850.8,178418.2,182652.3,191298.3,197696.8,209427.5,216814.3,226332.7,220274.8,230109.2,245346.4,257149.5,260424.4,270985.7,281848.5,289731.4,301238.3,316836.5,327712.5
"18000","Indiana","2","Population (persons) 1/",5851459,5906013,5955267,5998880,6044969,6091866,6127760,6155967,6196638,6233007,6278616,6332669,6379599,6424806,6459325,6490555,6517250,6538989,6570575,6596019,6611442,6637898,6662068,6698481,6731010
"18000","Indiana","3","Per capita personal income (dollars) 2/",22047,23089,24096,25813,26693,28233,28697,28983,29476,30691,31487,33071,33986,35228,34102,35453,37646,39326,39635,41083,42630,43648,45217,47300,48687
"19000","Iowa","1","Personal income (millions of dollars)",61328.6,66840.9,69956.1,73327.4,75330.9,80442.4,82725.1,84646.8,86452.0,93511.3,96563.6,102580.1,109889.6,116255.8,112628.0,116247.4,125560.5,131984.2,134463.5,139303.3,144493.6,145756.4,149732.3,157980.9,163638.6
"19000","Iowa","2","Population (persons) 1/",2867373,2880000,2891119,2902872,2917634,2929067,2931997,2934234,2941999,2953635,2964454,2982644,2999212,3016734,3032870,3050819,3066772,3076844,3093935,3110643,3122541,3133210,3143734,3149900,3159596
"19000","Iowa","3","Per capita personal income (dollars) 2/",21388,23209,24197,25260,25819,27463,28215,28848,29385,31660,32574,34392,36640,38537,37136,38104,40942,42896,43460,44783,46274,46520,47629,50154,51791
"20000","Kansas","1","Personal income (millions of dollars)",58129.3,61934.2,65771.1,69809.1,72144.4,76079.4,78574.4,79239.8,81485.8,83847.1,88707.3,97937.9,105257.1,114543.3,110724.2,113077.3,122562.0,130182.0,132978.6,135975.9,137721.2,137945.1,142185.7,149239.0,155647.6
"20000","Kansas","2","Population (persons) 1/",2601007,2614554,2635292,2660598,2678338,2693681,2702162,2713535,2723004,2734373,2745299,2762931,2783785,2808076,2832704,2858266,2869677,2886024,2894306,2901861,2910717,2912977,2910892,2912748,2912635
"20000","Kansas","3","Per capita personal income (dollars) 2/",22349,23688,24958,26238,26936,28244,29078,29202,29925,30664,32312,35447,37811,40791,39088,39561,42709,45108,45945,46858,47315,47355,48846,51236,53439
"21000","Kentucky","1","Personal income (millions of dollars)",75054.4,79620.5,84542.1,89546.1,93441.3,100796.5,104181.5,106570.5,109617.3,116046.7,121757.8,128867.4,134575.8,140523.4,138823.4,144103.3,151299.9,156827.6,158218.4,165914.7,173495.8,176435.1,182116.0,188876.8,195548.8
"21000","Kentucky","2","Population (persons) 1/",3887427,3919535,3952747,3985390,4018053,4049021,4068132,4089875,4117170,4146101,4182742,4219239,4256672,4289878,4317074,4348464,4370817,4387865,4406906,4416992,4429126,4440306,4455590,4464273,4472345
"21000","Kentucky","3","Per capita personal income (dollars) 2/",19307,20314,21388,22469,23255,24894,25609,26057,26624,27989,29110,30543,31615,32757,32157,33139,34616,35741,35902,37563,39172,39735,40874,42309,43724
"22000","Louisiana","1","Personal income (millions of dollars)",85953.3,89776.9,94400.6,98944.0,101397.1,107072.5,114459.0,117698.5,121132.0,126295.6,135921.3,143643.3,157374.3,168070.0,163751.6,171098.2,177105.1,186589.4,189197.1,198233.9,200110.3,198952.0,205188.0,215308.7,220629.7
"22000","Louisiana","2","Population (persons) 1/",4378779,4398877,4421071,4440344,4460811,4471885,4477875,4497267,4521042,4552238,4576628,4302665,4375581,4435586,4491648,4544635,4576244,4602067,4626040,4645938,4666998,4681346,4673673,4664450,4658285
"22000","Louisiana","3","Per capita personal income (dollars) 2/",19630,20409,21352,22283,22731,23943,25561,26171,26793,27744,29699,33385,35966,37891,36457,37648,38701,40545,40898,42668,42878,42499,43903,46159,47363
"23000","Maine","1","Personal income (millions of dollars)",26179.3,27653.1,29169.5,31218.4,32800.7,35226.3,37137.5,38414.1,40289.3,42373.9,43448.5,45683.5,47356.7,49300.6,49267.6,50330.5,52424.4,53490.0,53346.3,55650.0,57941.8,59685.4,62145.8,65335.2,68062.4
"23000","Maine","2","Population (persons) 1/",1243480,1249060,1254774,1259127,1266808,1277072,1285692,1295960,1306513,1313688,1318787,1323619,1327040,1330509,1329590,1327651,1328473,1328094,1328543,1331217,1329098,1332348,1335743,1340123,1345770
"23000","Maine","3","Per capita personal income (dollars) 2/",21053,22139,23247,24794,25892,27584,28885,29641,30837,32256,32946,34514,35686,37054,37055,37909,39462,40276,40154,41804,43595,44797,46525,48753,50575
"24000","Maryland","1","Personal income (millions of dollars)",137245.4,143742.3,151791.5,163868.0,174048.0,189505.4,199706.8,207659.1,217235.0,232208.4,245174.2,258473.5,269020.9,280998.1,279384.2,289469.9,306179.6,315230.9,314267.3,325837.0,341389.9,354260.6,365997.5,378491.5,390792.5
"24000","Maryland","2","Population (persons) 1/",5070033,5111986,5157328,5204464,5254509,5311034,5374691,5440389,5496269,5546935,5592379,5627367,5653408,5684965,5730388,5788784,5840241,5888375,5925197,5960064,5988528,6007014,6028186,6042153,6054954
"24000","Maryland","3","Per capita personal income (dollars) 2/",27070,28119,29432,31486,33124,35681,37157,38170,39524,41862,43841,45932,47586,49428,48755,50005,52426,53534,53039,54670,57007,58974,60714,62642,64541
"25000","Massachusetts","1","Personal income (millions of dollars)",171742.0,182580.4,194130.7,206428.2,220405.0,245253.2,255085.1,254408.8,259978.8,273462.5,285642.5,307519.3,323111.3,335841.4,332020.6,348423.3,365742.7,382009.4,385192.0,405505.9,432237.4,448480.5,469500.7,494177.3,511333.7
"25000","Massachusetts","2","Population (persons) 1/",6141445,6179756,6226058,6271838,6317345,6361104,6397634,6417206,6422565,6412281,6403290,6410084,6431559,6468967,6517613,6566440,6614218,6664269,6715158,6764864,6797484,6827280,6863560,6885720,6894883
"25000","Massachusetts","3","Per capita personal income (dollars) 2/",27964,29545,31180,32914,34889,38555,39872,39645,40479,42647,44609,47974,50238,51916,50942,53061,55296,57322,57362,59943,63588,65689,68405,71768,74161
"26000","Michigan","1","Personal income (millions of dollars)",230305.9,242218.5,254938.9,270151.5,283993.8,302644.2,307686.9,307192.5,314558.6,323431.8,330450.5,338507.7,347961.9,355102.7,336954.5,349577.7,370676.1,386568.4,390199.7,408617.5,431805.5,444166.8,458247.1,477009.6,491631.8
"26000","Michigan","2","Population (persons) 1/",9676211,9758645,9809051,9847942,9897116,9952450,9991120,10015710,10041152,10055315,10051137,10036081,10001284,9946889,9901591,9877597,9883053,9898289,9914802,9932033,9934483,9954117,9976752,9987286,9984795
"26000","Michigan","3","Per capita personal income (dollars) 2/",23801,24821,25990,27432,28695,30409,30796,30671,31327,32165,32877,33729,34792,35700,34030,35391,37506,39054,39355,41141,43465,44621,45931,47762,49238
"27000","Minnesota","1","Personal income (millions of dollars)",113337.5,122210.8,129027.6,140486.8,147753.4,160084.3,166694.6,170300.8,178203.4,189289.4,195112.7,205273.8,217244.3,226166.5,216607.4,226273.4,242440.3,257319.7,259538.9,273960.6,287012.3,293162.5,305921.2,321638.5,331801.9
"27000","Minnesota","2","Population (persons) 1/",4660180,4712827,4763390,4813412,4873481,4933692,4982796,5018935,5053572,5087713,5119598,5163555,5207203,5247018,5281203,5310934,5346620,5377500,5414722,5452665,5484002,5525360,5569283,5608762,5640053
"27000","Minnesota","3","Per capita personal income (dollars) 2/",24320,25932,27087,29187,30318,32447,33454,33932,35263,37205,38111,39754,41720,43104,41015,42605,45345,47851,47932,50243,52336,53058,54930,57346,58830
"28000","Mississippi","1","Personal income (millions of dollars)",47613.3,50525.5,53377.5,56601.9,58501.6,61638.2,64992.9,66139.1,68806.6,72778.6,77596.4,80873.3,85999.5,89845.0,88333.0,91795.4,95795.2,99386.4,101176.8,103310.8,105212.7,106585.1,109189.5,112837.6,115814.2
"28000","Mississippi","2","Population (persons) 1/",2722659,2748085,2777004,2804834,2828408,2848353,2852994,2858681,2868312,2889010,2905943,2904978,2928350,2947806,2958774,2970615,2979147,2984599,2989839,2991892,2990231,2990595,2990674,2982879,2978227
"28000","Mississippi","3","Per capita personal income (dollars) 2/",17488,18386,19221,20180,20684,21640,22781,23136,23989,25192,26703,27840,29368,30479,29855,30901,32155,33300,33840,34530,35185,35640,36510,37828,38887
"29000","Missouri","1","Personal income (millions of dollars)",119590.2,126668.3,134328.1,141158.2,146923.4,157009.2,161989.2,165665.5,171751.1,180801.7,187528.7,198791.6,208403.6,219503.3,215681.8,220788.1,230429.7,241762.7,243582.2,252999.6,262012.6,269771.2,276887.6,288385.0,298619.8
"29000","Missouri","2","Population (persons) 1/",5378247,5431553,5481193,5521765,5561948,5607285,5641142,5674825,5709403,5747741,5790300,5842704,5887612,5923916,5961088,5996089,6011182,6026027,6042989,6059130,6075411,6091384,6111382,6125986,6140475
"29000","Missouri","3","Per capita personal income (dollars) 2/",22236,23321,24507,25564,26416,28001,28716,29193,30082,31456,32387,34024,35397,37054,36182,36822,38334,40120,40308,41755,43127,44287,45307,47076,48631
"30000","Montana","1","Personal income (millions of dollars)",16415.9,17203.3,17939.1,19182.2,19592.2,20871.9,21753.4,22359.9,23980.9,25967.9,28000.6,30402.3,32716.6,34421.4,33711.5,35561.8,38077.7,40471.0,40720.8,42817.5,44956.1,45822.5,48623.3,51117.4,53168.0
"30000","Montana","2","Population (persons) 1/",876553,886254,889865,892431,897507,903773,906961,911667,919630,930009,940102,952692,964706,976415,983982,990730,997518,1004168,1014158,1022657,1031495,1042137,1053862,1061818,1070123
"30000","Montana","3","Per capita personal income (dollars) 2/",18728,19411,20159,21494,21830,23094,23985,24526,26077,27922,29785,31912,33914,35253,34260,35895,38172,40303,40152,41869,43583,43970,46138,48141,49684
"31000","Nebraska","1","Personal income (millions of dollars)",37436.4,40790.1,42017.5,44860.8,46968.8,49735.6,51961.9,52767.7,56024.4,58602.4,60790.1,63584.2,68466.1,72259.9,71173.5,74864.2,83613.6,86293.7,86913.9,91999.0,95935.5,94547.5,97032.4,101845.6,105454.2
"31000","Nebraska","2","Population (persons) 1/",1656992,1673740,1686418,1695816,1704764,1713820,1719836,1728292,1738643,1749370,1761497,1772693,1783440,1796378,1812683,1829591,1840914,1853691,1865813,1879955,1892059,1906483,1916998,1925512,1932571
"31000","Nebraska","3","Per capita personal income (dollars) 2/",22593,24371,24915,26454,27552,29020,30213,30532,32223,33499,34510,35869,38390,40225,39264,40919,45420,46552,46582,48937,50704,49593,50617,52893,54567
"32000","Nevada","1","Personal income (millions of dollars)",40138.3,44435.1,48572.7,54281.3,58607.3,64339.6,67862.4,69626.7,74202.2,82501.2,92671.1,100383.7,104564.6,102785.5,96858.6,100605.8,104579.4,108825.1,109055.1,116945.3,127046.8,132315.0,141515.9,151367.8,157583.7
"32000","Nevada","2","Population (persons) 1/",1581578,1666320,1764104,1853191,1934718,2018741,2098399,2173791,2248850,2346222,2432143,2522658,2601072,2653630,2684665,2702483,2713114,2744670,2776956,2818935,2868531,2919555,2972097,3030725,3090771
"32000","Nevada","3","Per capita personal income (dollars) 2/",25379,26667,27534,29291,30292,31871,32340,32030,32996,35163,38103,39793,40201,38734,36078,37227,38546,39650,39271,41486,44290,45320,47615,49944,50985
"33000","New Hampshire","1","Personal income (millions of dollars)",29202.8,30941.5,33274.0,36531.6,38959.6,43867.2,46193.6,47054.4,48040.7,50939.8,52878.8,56585.7,58631.3,60129.0,59082.5,61604.6,64589.7,67528.8,67320.4,70225.1,72874.8,75858.2,79253.4,83199.1,86344.9
"33000","New Hampshire","2","Population (persons) 1/",1157561,1174719,1189425,1205940,1222014,1239882,1255517,1269089,1279840,1290121,1298492,1308389,1312540,1315906,1316102,1316807,1320444,1324677,1327272,1334257,1337480,1343694,1350395,1355064,1360783
"33000","New Hampshire","3","Per capita personal income (dollars) 2/",25228,26339,27975,30293,31882,35380,36792,37077,37536,39484,40723,43248,44670,45694,44892,46783,48915,50978,50721,52632,54487,56455,58689,61399,63452
"34000","New Jersey","1","Personal income (millions of dollars)",239164.9,253062.3,269605.9,287244.0,300854.6,330957.2,342304.1,347456.8,356314.9,373078.6,387392.7,415890.9,440165.6,453018.9,439087.9,452466.4,474015.5,491662.0,496464.8,520079.0,542298.8,557461.9,577407.8,602870.1,625937.9
"34000","New Jersey","2","Population (persons) 1/",8083242,8149596,8218808,8287418,8359592,8430621,8492671,8552643,8601402,8634561,8651974,8661679,8677885,8711090,8755602,8799451,8828552,8845671,8857821,8867277,8870312,8873584,8888147,8891730,8891258
"34000","New Jersey","3","Per capita personal income (dollars) 2/",29588,31052,32804,34660,35989,39257,40306,40626,41425,43208,44775,48015,50723,52005,50149,51420,53691,55582,56048,58651,61136,62823,64964,67801,70399
"35000","New Mexico","1","Personal income (millions of dollars)",33070.6,34741.3,36520.0,38361.2,39275.9,42319.5,45312.3,47090.0,49197.2,52264.4,55838.3,59946.3,63418.4,67242.1,66661.8,69250.2,72820.3,74578.4,73437.9,77747.6,80061.7,81626.5,83141.6,87204.6,90846.9
"35000","New Mexico","2","Population (persons) 1/",1720394,1752326,1774839,1793484,1808082,1821204,1831690,1855309,1877574,1903808,1932274,1962137,1990070,2010662,2036802,2064614,2080707,2087715,2092833,2090236,2090071,2092555,2092844,2093754,2099634
"35000","New Mexico","3","Per capita personal income (dollars) 2/",19223,19826,20576,21389,21722,23237,24738,25381,26203,27453,28898,30552,31867,33443,32729,33541,34998,35723,35090,37196,38306,39008,39727,41650,43268
"36000","New York","1","Personal income (millions of dollars)",510818.3,537881.6,567955.8,600601.1,635835.2,684590.1,709767.3,708251.7,718318.7,751244.8,782613.0,844018.8,909175.2,928501.9,912779.0,950069.1,1004130.3,1056671.2,1069556.2,1115351.8,1164400.3,1205507.2,1289263.2,1340903.3,1395147.5
"36000","New York","2","Population (persons) 1/",18524104,18588460,18656546,18755906,18882725,19001780,19082838,19137800,19175939,19171567,19132610,19104631,19132335,19212436,19307066,19399956,19499921,19574362,19626488,19653431,19657321,19636391,19593849,19544098,19463131
"36000","New York","3","Per capita personal income (dollars) 2/",27576,28936,30443,32022,33673,36028,37194,37008,37459,39185,40905,44179,47520,48328,47277,48973,51494,53982,54496,56751,59235,61391,65799,68609,71682
"37000","North Carolina","1","Personal income (millions of dollars)",161486.7,172816.7,185687.9,198775.2,208769.7,222564.9,228880.0,232267.3,241625.8,261640.2,281033.8,306078.0,329509.4,350848.3,338315.7,341627.6,355052.3,379925.3,376023.9,397996.0,419717.4,434789.0,455997.1,479791.8,500973.8
"37000","North Carolina","2","Population (persons) 1/",7344674,7500670,7656825,7809121,7949361,8081614,8210122,8326201,8422501,8553152,8705407,8917270,9118037,9309449,9449566,9574586,9658913,9751810,9846717,9937295,10037218,10161802,10275758,10391358,10501384
"37000","North Carolina","3","Per capita personal income (dollars) 2/",21987,23040,24251,25454,26262,27540,27878,27896,28688,30590,32283,34324,36138,37687,35802,35681,36759,38959,38188,40051,41816,42787,44376,46172,47706
"38000","North Dakota","1","Personal income (millions of dollars)",12570.6,14065.7,13771.1,15105.2,15328.8,16663.9,16963.5,17347.8,18863.8,19234.4,20381.7,21361.4,23686.5,26555.2,26361.3,29344.6,32882.2,38859.8,38860.6,41526.2,40540.0,39104.0,39812.9,42291.9,43614.4
"38000","North Dakota","2","Population (persons) 1/",647832,650382,649716,647532,644259,642023,639062,638168,638817,644705,646089,649422,652822,657569,664968,674752,685526,702227,723149,738736,755537,756114,756755,760062,763724
"38000","North Dakota","3","Per capita personal income (dollars) 2/",19404,21627,21196,23327,23793,25955,26544,27184,29529,29834,31546,32893,36283,40384,39643,43490,47966,55338,53738,56212,53657,51717,52610,55643,57108
"39000","Ohio","1","Personal income (millions of dollars)",255101.1,267147.2,282809.0,299234.1,309198.7,325803.0,334533.6,339645.3,349608.9,362916.3,373440.5,392156.6,408493.7,421412.1,409648.0,422046.2,451011.1,469260.8,475776.2,496069.1,515871.4,526177.2,546006.0,569184.0,586784.0
"39000","Ohio","2","Population (persons) 1/",11202751,11242827,11277357,11311536,11335454,11363543,11387404,11407889,11434788,11452251,11463320,11481213,11500468,11515391,11528896,11539449,11545735,11550971,11579692,11606573,11622315,11640060,11665706,11680892,11696507
"39000","Ohio","3","Per capita personal income (dollars) 2/",22771,23762,25078,26454,27277,28671,29378,29773,30574,31690,32577,34156,35520,36596,35532,36574,39063,40625,41087,42740,44386,45204,46804,48728,50167
"40000","Oklahoma","1","Personal income (millions of dollars)",63426.7,67223.0,71074.7,74885.4,76914.5,83238.0,88286.9,90204.4,94319.8,101746.7,111113.4,123473.5,127864.1,141505.9,131371.0,137392.8,147889.5,158353.9,166063.4,176621.9,172770.1,164463.4,172169.5,180633.6,187327.5
"40000","Oklahoma","2","Population (persons) 1/",3308208,3340129,3372917,3405194,3437147,3454365,3467100,3489080,3504892,3525233,3548597,3594090,3634349,3668976,3717572,3760014,3788824,3819320,3853891,3879187,3910518,3928143,3933602,3943488,3960676
"40000","Oklahoma","3","Per capita personal income (dollars) 2/",19173,20126,21072,21992,22377,24096,25464,25853,26911,28862,31312,34355,35182,38568,35338,36540,39033,41461,43090,45531,44181,41868,43769,45806,47297
"41000","Oregon","1","Personal income (millions of dollars)",72165.9,77845.0,82657.4,87373.7,90929.6,97954.6,100698.4,101954.3,105567.7,111503.1,117413.6,128145.4,134019.6,139695.9,135132.2,138618.0,146432.2,154408.5,156977.1,168408.8,181367.0,190534.2,202051.5,215365.4,224346.4
"41000","Oregon","2","Population (persons) 1/",3184369,3247111,3304310,3352449,3393941,3429708,3467937,3513424,3547376,3569463,3613202,3670883,3722417,3768748,3808600,3837614,3872672,3900102,3924110,3965447,4018542,4093271,4147294,4183538,4216116
"41000","Oregon","3","Per capita personal income (dollars) 2/",22663,23974,25015,26063,26792,28561,29037,29019,29759,31238,32496,34909,36003,37067,35481,36121,37812,39591,40003,42469,45133,46548,48719,51479,53212
"42000","Pennsylvania","1","Personal income (millions of dollars)",287676.4,302375.6,317520.1,334639.5,348920.1,373357.1,388047.1,395409.4,408889.7,432741.6,451950.4,475815.3,505303.6,523556.7,511617.9,534469.9,563434.9,587521.9,592972.7,619387.1,644445.8,662352.9,681658.5,717255.3,742924.3
"42000","Pennsylvania","2","Population (persons) 1/",12198403,12220464,12227814,12245672,12263805,12284173,12298970,12331031,12374658,12410722,12449990,12510809,12563937,12612285,12666858,12711406,12747052,12769123,12779538,12792392,12789838,12788468,12794679,12809107,12798883
"42000","Pennsylvania","3","Per capita personal income (dollars) 2/",23583,24743,25967,27327,28451,30393,31551,32066,33043,34868,36301,38032,40219,41512,40390,42046,44201,46011,46400,48418,50387,51793,53277,55996,58046
"44000","Rhode Island","1","Personal income (millions of dollars)",24324.3,25172.1,26633.8,28410.4,29751.4,32048.9,33733.6,35133.4,36974.0,38907.8,39747.5,41711.7,43394.6,44051.5,42952.6,45261.0,47067.0,48810.3,48772.6,50863.3,52739.2,53530.2,55574.7,57603.7,59707.2
"44000","Rhode Island","2","Population (persons) 1/",1017002,1020893,1025353,1031155,1040402,1050268,1057142,1065995,1071342,1074579,1067916,1063096,1057315,1055003,1053646,1053994,1053829,1054893,1055560,1056511,1056886,1057816,1056554,1059338,1058158
"44000","Rhode Island","3","Per capita personal income (dollars) 2/",23918,24657,25975,27552,28596,30515,31910,32958,34512,36207,37220,39236,41042,41755,40766,42942,44663,46270,46205,48143,49901,50604,52600,54377,56426
"45000","South Carolina","1","Personal income (millions of dollars)",74092.1,78791.9,83865.3,89936.1,94554.2,101217.4,104660.8,107536.4,111169.9,117509.6,124566.6,134622.6,143383.7,149285.9,145622.1,150462.9,159187.4,167797.5,170227.2,181483.1,192966.8,201138.8,212034.1,223256.9,233948.4
"45000","South Carolina","2","Population (persons) 1/",3748582,3796200,3859696,3919235,3974682,4024223,4064995,4107795,4150297,4210921,4270150,4357847,4444110,4528996,4589872,4635846,4672655,4719027,4766469,4826858,4896006,4963031,5027102,5091702,5157702
"45000","South Carolina","3","Per capita personal income (dollars) 2/",19765,20755,21728,22947,23789,25152,25747,26179,26786,27906,29171,30892,32264,32962,31727,32456,34068,35558,35713,37599,39413,40527,42178,43847,45359
"46000","South Dakota","1","Personal income (millions of dollars)",14883.5,16445.0,16805.8,18150.1,19005.9,20280.9,20948.1,20939.8,22890.6,24579.0,26112.5,27544.6,30604.7,32691.3,31794.6,33596.2,36741.9,37659.4,38108.6,39872.2,41570.7,42049.0,43457.3,46248.9,47738.1
"46000","South Dakota","2","Population (persons) 1/",737925,742213,744223,746058,750412,755844,757972,760020,763729,770396,775493,783033,791623,799124,807067,816193,823740,833859,842751,849670,854663,863693,873732,879386,887127
"46000","South Dakota","3","Per capita personal income (dollars) 2/",20169,22157,22582,24328,25327,26832,27637,27552,29972,31904,33672,35177,38661,40909,39395,41162,44604,45163,45219,46927,48640,48685,49738,52592,53812
"47000","Tennessee","1","Personal income (millions of dollars)",114364.9,120799.0,127953.0,140037.0,145564.6,154419.5,158356.8,162839.3,169454.8,179482.4,187942.3,200305.1,209963.6,217598.6,216041.8,226586.6,240717.7,253613.1,256016.1,266873.5,280955.2,289936.0,303460.7,319689.7,332472.7
"47000","Tennessee","2","Population (persons) 1/",5326936,5416643,5499233,5570045,5638706,5703719,5750789,5795918,5847812,5910809,5991057,6088766,6175727,6247411,6306019,6355518,6400298,6455752,6496943,6544617,6595354,6651277,6714748,6778180,6830325
"47000","Tennessee","3","Per capita personal income (dollars) 2/",21469,22301,23267,25141,25815,27073,27537,28096,28977,30365,31370,32897,33998,34830,34260,35652,37610,39285,39406,40778,42599,43591,45193,47165,48676
"48000","Texas","1","Personal income (millions of dollars)",402805.3,433164.9,472178.4,514064.0,541440.2,589275.4,625492.9,633035.7,655908.0,687220.2,745858.7,820949.9,873354.0,954649.8,910498.6,966149.7,1057757.5,1132222.1,1159721.6,1248709.9,1278809.8,1278552.1,1369329.5,1463962.2,1531346.5
"48000","Texas","2","Population (persons) 1/",18958751,19340342,19740317,20157531,20558220,20944499,21319622,21690325,22030931,22394023,22778123,23359580,23831983,24309039,24801761,25241897,25645504,26084120,26479646,26963092,27468531,27914064,28291024,28624564,28986794
"48000","Texas","3","Per capita personal income (dollars) 2/",21246,22397,23919,25502,26337,28135,29339,29185,29772,30688,32745,35144,36646,39271,36711,38276,41245,43407,43797,46312,46555,45803,48402,51144,52829
"49000","Utah","1","Personal income (millions of dollars)",38308.3,41738.9,45125.2,48266.4,50851.4,54465.5,56933.2,58604.8,60748.7,64803.4,70861.6,79063.0,86046.0,90161.8,86695.6,89242.4,96245.3,103120.6,106427.3,113140.9,121954.1,128900.6,136996.8,148240.6,156896.3
"49000","Utah","2","Population (persons) 1/",2014177,2067976,2119784,2165960,2203482,2244502,2283715,2324815,2360137,2401580,2457719,2525507,2597746,2663029,2723421,2775413,2814797,2854146,2898773,2938327,2983626,3044241,3103540,3155153,3203383
"49000","Utah","3","Per capita personal income (dollars) 2/",19019,20183,21288,22284,23078,24266,24930,25208,25739,26984,28832,31306,33123,33857,31833,32155,34193,36130,36715,38505,40874,42342,44142,46984,48978
"50000","Vermont","1","Personal income (millions of dollars)",12890.2,13585.6,14333.1,15410.7,16394.2,17745.6,18821.9,19226.8,19983.7,21147.3,21726.8,23108.8,24319.7,25530.4,25164.3,25939.1,27455.2,28395.7,28768.9,29886.8,30882.3,31445.0,32276.9,33422.7,34502.3
"50000","Vermont","2","Population (persons) 1/",589002,593701,597239,600416,604683,609618,612223,615442,617858,619920,621215,622892,623481,624151,624817,625886,627197,626361,626603,625693,625810,624366,625132,624802,624046
"50000","Vermont","3","Per capita personal income (dollars) 2/",21885,22883,23999,25667,27112,29109,30744,31241,32344,34113,34975,37099,39006,40904,40275,41444,43774,45334,45912,47766,49348,50363,51632,53493,55288
"51000","Virginia","1","Personal income (millions of dollars)",167003.3,175342.4,186845.5,200071.8,214308.7,232313.7,244410.7,251068.3,266236.5,285300.6,305046.9,326087.1,343153.1,355931.4,349712.1,365041.4,387003.9,405863.9,403198.4,421873.6,441016.7,452400.5,470835.7,492764.3,509201.3
"51000","Virginia","2","Population (persons) 1/",6670693,6750884,6829183,6900918,7000174,7105817,7198362,7286873,7366977,7475575,7577105,7673725,7751000,7833496,7925937,8024004,8102437,8187456,8255861,8315430,8367303,8417651,8471011,8510920,8556642
"51000","Virginia","3","Per capita personal income (dollars) 2/",25035,25973,27360,28992,30615,32693,33954,34455,36139,38164,40259,42494,44272,45437,44122,45494,47764,49571,48838,50734,52707,53744,55582,57898,59509
"53000","Washington","1","Personal income (millions of dollars)",134146.3,144246.2,155513.9,170382.4,181940.5,194509.9,199204.1,202618.0,210856.5,226359.6,235828.1,257120.0,278686.9,292402.8,279749.7,287760.3,304986.9,329258.6,336333.5,363326.7,385904.8,407060.4,433795.8,468055.1,493127.9
"53000","Washington","2","Population (persons) 1/",5481027,5569753,5674747,5769562,5842564,5910512,5985722,6052349,6104115,6178645,6257305,6370753,6461587,6562231,6667426,6743009,6827479,6898599,6966252,7057531,7167287,7299961,7427951,7526793,7614024
"53000","Washington","3","Per capita personal income (dollars) 2/",24475,25898,27405,29531,31141,32909,33280,33478,34543,36636,37688,40359,43130,44558,41958,42675,44670,47728,48280,51481,53843,55762,58400,62185,64766
"54000","West Virginia","1","Personal income (millions of dollars)",32894.7,34208.8,35630.2,37135.4,38151.7,40353.0,42783.8,44239.1,44869.8,46477.0,48861.0,52193.7,54128.8,57523.7,57948.9,59927.7,63349.2,65206.2,64785.0,66863.6,68269.1,67928.7,70729.9,74321.6,75834.6
"54000","West Virginia","2","Population (persons) 1/",1823700,1822808,1819113,1815609,1811799,1807021,1801481,1805414,1812295,1816438,1820492,1827912,1834052,1840310,1847775,1854265,1856606,1857446,1854768,1850569,1843332,1832435,1818683,1805953,1795263
"54000","West Virginia","3","Per capita personal income (dollars) 2/",18037,18767,19587,20453,21057,22331,23749,24504,24759,25587,26839,28554,29513,31258,31361,32319,34121,35105,34929,36131,37036,37070,38891,41154,42242
"55000","Wisconsin","1","Personal income (millions of dollars)",119327.1,126196.7,133915.2,143322.2,149420.7,159326.0,167133.3,171578.1,176274.5,184282.8,190975.8,202649.3,211964.9,219492.8,215830.8,221909.7,234910.0,246150.8,247744.9,258489.4,269952.1,274764.7,285249.9,299827.0,309909.3
"55000","Wisconsin","2","Population (persons) 1/",5184836,5229986,5266213,5297672,5332666,5373999,5406835,5445162,5479203,5514026,5546166,5577655,5610775,5640996,5669264,5690538,5705840,5720825,5738012,5753199,5762927,5775170,5793147,5809319,5824581
"55000","Wisconsin","3","Per capita personal income (dollars) 2/",23015,24129,25429,27054,28020,29648,30911,31510,32172,33421,34434,36332,37778,38910,38070,38996,41170,43027,43176,44930,46843,47577,49239,51611,53207
"56000","Wyoming","1","Personal income (millions of dollars)",10585.4,11077.7,11885.0,12633.1,13517.8,14591.3,15414.2,15773.7,16712.0,17879.7,19661.1,22771.0,24263.4,26533.7,24486.7,25804.9,28356.6,30846.1,30789.6,33035.4,33274.6,31645.7,32723.6,35054.2,35992.7
"56000","Wyoming","2","Population (persons) 1/",485160,488167,489451,490787,491780,494300,494657,500017,503453,509106,514157,522667,534876,546043,559851,564531,567491,576656,582620,583159,586389,585243,579994,579054,580116
"56000","Wyoming","3","Per capita personal income (dollars) 2/",21818,22693,24282,25741,27488,29519,31161,31546,33195,35120,38240,43567,45363,48593,43738,45710,49968,53491,52847,56649,56745,54073,56421,60537,62044
"91000","New England","1","Personal income (millions of dollars)",369981.0,390679.0,415533.0,445327.1,472726.2,521195.9,546214.8,549585.5,562945.8,593093.4,618914.7,664359.4,700903.8,731718.3,722099.6,753784.4,786208.4,813572.1,811872.3,851132.2,891919.5,919177.8,955100.5,1001084.2,1035507.3
"91000","New England","2","Population (persons) 1/",13472634,13554814,13642197,13733828,13837653,13949721,14041043,14122441,14182454,14206683,14216656,14245540,14279205,14340115,14403575,14469951,14532793,14593505,14648928,14708239,14735319,14765334,14806708,14839608,14849662
"91000","New England","3","Per capita personal income (dollars) 2/",27462,28822,30459,32426,34162,37362,38901,38916,39693,41747,43534,46636,49086,51026,50133,52093,54099,55749,55422,57868,60529,62252,64505,67460,69733
"92000","Mideast","1","Personal income (millions of dollars)",1211698.0,1275883.0,1347506.0,1430388.5,1506387.5,1629868.0,1694905.2,1715033.6,1758030.5,1850151.7,1930597.3,2061465.1,2194486.1,2257531.1,2214952.0,2301682.4,2429372.2,2534851.3,2558399.7,2670803.0,2788694.8,2879300.1,3017982.5,3147619.1,3266721.4
"92000","Mideast","2","Population (persons) 1/",45186033,45383860,45579719,45822025,46105834,46386027,46619373,46841190,47034773,47162342,47239239,47334435,47473718,47684886,47943872,48204526,48443646,48628786,48764665,48869898,48925078,48943022,48959882,48958220,48893147
"92000","Mideast","3","Per capita personal income (dollars) 2/",26816,28113,29564,31216,32672,35137,36356,36614,37377,39229,40869,43551,46225,47343,46199,47748,50148,52127,52464,54651,56999,58830,61642,64292,66813
"93000","Great Lakes","1","Personal income (millions of dollars)",1041548.9,1099478.7,1161498.6,1234908.9,1287392.5,1372186.0,1412677.9,1429246.1,1463048.9,1519364.6,1569123.7,1651211.5,1723294.9,1773871.2,1707918.9,1764135.4,1869911.2,1952368.6,1981816.5,2071441.6,2164967.5,2206860.0,2284014.9,2389921.2,2460678.3
"93000","Great Lakes","2","Population (persons) 1/",43923694,44239468,44493603,44727877,44969225,45216019,45401564,45550284,45707787,45844372,45949142,46071573,46187992,46275120,46355854,46438684,46519661,46592103,46698859,46772916,46790752,46828954,46877566,46900663,46903910
"93000","Great Lakes","3","Per capita personal income (dollars) 2/",23713,24853,26105,27609,28628,30347,31115,31377,32009,33142,34149,35840,37310,38333,36844,37988,40196,41903,42438,44287,46269,47126,48723,50957,52462
"94000","Plains","1","Personal income (millions of dollars)",417276.1,448955.0,471677.3,502897.6,523455.5,560295.6,579856.8,590908.2,615671.1,649865.3,675196.4,717073.6,763551.9,807975.3,784970.7,814191.2,874230.1,924061.4,934446.3,975636.8,1009285.9,1022335.6,1055029.3,1107629.8,1146514.6
"94000","Plains","2","Population (persons) 1/",18549556,18705269,18851351,18988053,19130836,19275412,19374967,19468009,19569167,19687933,19802730,19956982,20105697,20248815,20392583,20536644,20644431,20756172,20877665,20992660,21094930,21189221,21282776,21362356,21436181
"94000","Plains","3","Per capita personal income (dollars) 2/",22495,24002,25021,26485,27362,29068,29928,30353,31461,33008,34096,35931,37977,39902,38493,39646,42347,44520,44758,46475,47845,48248,49572,51850,53485
"95000","Southeast","1","Personal income (millions of dollars)",1395632.8,1481272.1,1571741.4,1688314.7,1771758.1,1899384.1,1984606.8,2038213.1,2127385.8,2275350.4,2437066.0,2616975.0,2758464.0,2840278.1,2754347.9,2865792.5,3020197.1,3157295.1,3170413.3,3353410.1,3528554.1,3632818.8,3818754.9,4022275.8,4173677.0
"95000","Southeast","2","Population (persons) 1/",64601937,65611342,66655300,67626581,68569381,69497232,70317959,71151666,71961591,73019229,74148386,75065947,76122849,77057840,77814936,78573797,79217034,79921126,80562858,81267171,82062567,82932761,83703203,84367819,84999199
"95000","Southeast","3","Per capita personal income (dollars) 2/",21604,22576,23580,24965,25839,27330,28223,28646,29563,31161,32867,34862,36237,36859,35396,36473,38126,39505,39353,41264,42998,43804,45623,47675,49103
"96000","Southwest","1","Personal income (millions of dollars)",591291.9,634836.8,687796.1,745368.2,782285.1,850220.4,900436.6,916835.3,954600.1,1010870.1,1100946.9,1213496.7,1285372.5,1386743.7,1320506.7,1388316.3,1504832.7,1602000.5,1642078.9,1760489.9,1802899.6,1807841.2,1924648.1,2051026.8,2144763.9
"96000","Southwest","2","Population (persons) 1/",28419852,29019737,29625063,30239551,30827272,31380654,31891889,32430969,32923761,33475468,34098071,34944948,35624083,36269039,36899289,37473867,37988451,38547499,39061060,39665388,40301930,40879529,41365558,41826034,42338947
"96000","Southwest","3","Per capita personal income (dollars) 2/",20806,21876,23217,24649,25376,27094,28234,28270,28994,30197,32288,34726,36082,38235,35787,37048,39613,41559,42039,44384,44735,44224,46528,49037,50657
"97000","Rocky Mountain","1","Personal income (millions of dollars)",184801.1,198590.6,212577.2,231756.4,247328.2,270644.7,283162.8,287322.9,296055.2,312001.8,335639.5,367873.3,394024.5,410060.2,392170.8,406178.0,438915.4,467719.0,485557.5,522128.6,550687.7,565286.7,602994.2,647600.7,680390.1
"97000","Rocky Mountain","2","Population (persons) 1/",8379865,8565452,8745913,8918147,9094461,9268926,9430982,9567277,9675332,9807510,9972107,10189958,10406301,10609537,10793888,10949032,11085978,11224540,11378378,11529028,11708333,11899501,12074562,12245254,12401168
"97000","Rocky Mountain","3","Per capita personal income (dollars) 2/",22053,23185,24306,25987,27195,29199,30025,30032,30599,31813,33658,36102,37864,38650,36333,37097,39592,41669,42674,45288,47034,47505,49939,52886,54865
"98000","Far West","1","Personal income (millions of dollars)",1073913.2,1143490.8,1218605.4,1322632.6,1410229.9,1546530.3,1599978.1,1628518.4,1703163.6,1818083.7,1926461.4,2080134.4,2182106.3,2230349.0,2154340.3,2247914.8,2391810.9,2546514.9,2590918.4,2777672.9,2980130.9,3118260.6,3279057.7,3472097.3,3634009.4
"98000","Far West","2","Population (persons) 1/",43744822,44314342,45053779,45798042,46505506,47188420,47891178,48493357,49053068,49601761,50090268,50570529,51031362,51608614,52167532,52680642,53151487,53613931,54067534,54581029,55120085,55633433,56051873,56338245,56507739
"98000","Far West","3","Per capita personal income (dollars) 2/",24549,25804,27048,28880,30324,32774,33409,33582,34721,36654,38460,41133,42760,43217,41297,42671,45000,47497,47920,50891,54066,56050,58500,61629,64310
"Legend / Footnotes:"
"1/ Census Bureau midyear population estimate. Estimates for 2010-2020 reflect Census Bureau midyear state population estimates available as of December 2020."
"2/ Per capita personal income is total personal income divided by total midyear population."
"* Estimates prior to 1950 are not available for Alaska and Hawaii."
"Note. All dollar estimates are in millions of current dollars (not adjusted for inflation). Calculations are performed on unrounded data."
"Last updated: March 24, 2021-- new statistics for 2020; revised statistics 2010-2019."
