,Year,state,population,report_type,Crime,rate,area_km,area,density
1,2010,ALABAMA,4779736,rate,violent_crime,377.8,"131,171","52,420",94.4
2,2010,ALASKA,710231,rate,violent_crime,638.8,"1,477,953","665,384",1.2
3,2010,ARIZONA,6392017,rate,violent_crime,408.1,"294,207","113,990",56.3
4,2010,ARKANSAS,2915918,rate,violent_crime,505.3,"134,771","53,179",56
5,2010,CALIFORNIA,37253956,rate,violent_crime,440.6,"403,466","163,695",239.1
6,2010,COLORADO,5029196,rate,violent_crime,320.8,"268,431","104,094",48.5
7,2010,CONNECTICUT,3574097,rate,violent_crime,281.4,"12,542","5,543",738.1
8,2010,DELAWARE,897934,rate,violent_crime,620.9,"5,047","2,489",460.8
9,2010,DISTRICT OF COLUMBIA,601723,rate,violent_crime,1330.2,158,68,"9,856.50"
10,2010,FLORIDA,18801310,rate,violent_crime,542.4,"138,887","65,758",350.6
11,2010,GEORGIA,9687653,rate,violent_crime,403.3,"148,959","59,425",168.4
12,2010,HAWAII,1360301,rate,violent_crime,262.7,"16,635","10,932",211.8
13,2010,IDAHO,1567582,rate,violent_crime,221,"214,045","83,569",19
14,2010,ILLINOIS,12830632,rate,violent_crime,435.2,"143,793","57,914",231.1
15,2010,INDIANA,6483802,rate,violent_crime,314.5,"92,789","36,420",181
16,2010,IOWA,3046355,rate,violent_crime,273.5,"144,669","56,273",54.5
17,2010,KANSAS,2853118,rate,violent_crime,369.1,"211,754","82,278",34.9
18,2010,KENTUCKY,4339367,rate,violent_crime,242.6,"102,269","40,408",109.9
19,2010,LOUISIANA,4533372,rate,violent_crime,549,"111,898","52,378",104.9
20,2010,MAINE,1328361,rate,violent_crime,122,"79,883","35,380",43.1
21,2010,MARYLAND,5773552,rate,violent_crime,547.7,"25,142","12,406",594.8
22,2010,MASSACHUSETTS,6547629,rate,violent_crime,466.6,"20,202","10,554",839.4
23,2010,MICHIGAN,9883640,rate,violent_crime,490.3,"146,435","96,714",174.8
24,2010,MINNESOTA,5303925,rate,violent_crime,236,"206,232","86,936",66.6
25,2010,MISSISSIPPI,2967297,rate,violent_crime,269.7,"121,531","48,432",63.2
26,2010,MISSOURI,5988927,rate,violent_crime,455,"178,040","69,707",87.1
27,2010,MONTANA,989415,rate,violent_crime,272.2,"376,962","147,040",6.8
28,2010,NEBRASKA,1826341,rate,violent_crime,279.5,"198,974","77,348",23.8
29,2010,NEVADA,2700551,rate,violent_crime,660.6,"284,332","110,572",24.6
30,2010,NEW HAMPSHIRE,1316470,rate,violent_crime,167,"23,187","9,349",147
31,2010,NEW JERSEY,8791894,rate,violent_crime,307.7,"19,047","8,723","1,195.50"
32,2010,NEW MEXICO,2059179,rate,violent_crime,588.9,"314,161","121,590",17
33,2010,NEW YORK,19378102,rate,violent_crime,392.1,"122,057","54,555",411.2
34,2010,NORTH CAROLINA,9535483,rate,violent_crime,363.4,"125,920","53,819",196.1
35,2010,NORTH DAKOTA,672591,rate,violent_crime,225,"178,711","70,698",9.7
36,2010,OHIO,11536504,rate,violent_crime,315.2,"105,829","44,826",282.3
37,2010,OKLAHOMA,3751351,rate,violent_crime,479.5,"177,660","69,899",54.7
38,2010,OREGON,3831074,rate,violent_crime,252,"248,608","98,379",39.9
39,2010,PENNSYLVANIA,12702379,rate,violent_crime,366.2,"115,883","46,054",283.9
40,2010,RHODE ISLAND,1052567,rate,violent_crime,256.6,"2,678","1,545","1,018.10"
41,2010,SOUTH CAROLINA,4625364,rate,violent_crime,597.7,"77,857","32,020",153.9
42,2010,SOUTH DAKOTA,814180,rate,violent_crime,268.5,"196,350","77,116",10.7
43,2010,TENNESSEE,6346105,rate,violent_crime,613.3,"106,798","42,144",153.9
44,2010,TEXAS,25145561,rate,violent_crime,450.3,"676,587","268,596",96.3
45,2010,UTAH,2763885,rate,violent_crime,212.7,"212,818","84,897",33.6
46,2010,VERMONT,625741,rate,violent_crime,130.2,"23,871","9,616",67.9
47,2010,VIRGINIA,8001024,rate,violent_crime,213.6,"102,279","42,775",202.6
48,2010,WASHINGTON,6724540,rate,violent_crime,313.8,"172,119","71,298",101.2
49,2010,WEST VIRGINIA,1852994,rate,violent_crime,314.6,"62,259","24,230",77.1
50,2010,WISCONSIN,5686986,rate,violent_crime,248.7,"140,268","65,496",105
51,2010,WYOMING,563626,rate,violent_crime,195.9,"251,470","97,813",5.8
52,2010,ALABAMA,4779736,rate,property_crime,3516.8,"131,171","52,420",94.4
53,2010,ALASKA,710231,rate,property_crime,2852.5,"1,477,953","665,384",1.2
54,2010,ARIZONA,6392017,rate,property_crime,3534,"294,207","113,990",56.3
55,2010,ARKANSAS,2915918,rate,property_crime,3558.9,"134,771","53,179",56
56,2010,CALIFORNIA,37253956,rate,property_crime,2635.8,"403,466","163,695",239.1
57,2010,COLORADO,5029196,rate,property_crime,2684.2,"268,431","104,094",48.5
58,2010,CONNECTICUT,3574097,rate,property_crime,2193.2,"12,542","5,543",738.1
59,2010,DELAWARE,897934,rate,property_crime,3448.2,"5,047","2,489",460.8
60,2010,DISTRICT OF COLUMBIA,601723,rate,property_crime,4778.9,158,68,"9,856.50"
61,2010,FLORIDA,18801310,rate,property_crime,3558.4,"138,887","65,758",350.6
62,2010,GEORGIA,9687653,rate,property_crime,3640.5,"148,959","59,425",168.4
63,2010,HAWAII,1360301,rate,property_crime,3314.2,"16,635","10,932",211.8
64,2010,IDAHO,1567582,rate,property_crime,1995.8,"214,045","83,569",19
65,2010,ILLINOIS,12830632,rate,property_crime,2681,"143,793","57,914",231.1
66,2010,INDIANA,6483802,rate,property_crime,3042.4,"92,789","36,420",181
67,2010,IOWA,3046355,rate,property_crime,2242.5,"144,669","56,273",54.5
68,2010,KANSAS,2853118,rate,property_crime,3119.9,"211,754","82,278",34.9
69,2010,KENTUCKY,4339367,rate,property_crime,2551.3,"102,269","40,408",109.9
70,2010,LOUISIANA,4533372,rate,property_crime,3647.5,"111,898","52,378",104.9
71,2010,MAINE,1328361,rate,property_crime,2479.3,"79,883","35,380",43.1
72,2010,MARYLAND,5773552,rate,property_crime,2997.3,"25,142","12,406",594.8
73,2010,MASSACHUSETTS,6547629,rate,property_crime,2350.5,"20,202","10,554",839.4
74,2010,MICHIGAN,9883640,rate,property_crime,2713.6,"146,435","96,714",174.8
75,2010,MINNESOTA,5303925,rate,property_crime,2572.3,"206,232","86,936",66.6
76,2010,MISSISSIPPI,2967297,rate,property_crime,2985,"121,531","48,432",63.2
77,2010,MISSOURI,5988927,rate,property_crime,3346.4,"178,040","69,707",87.1
78,2010,MONTANA,989415,rate,property_crime,2543.8,"376,962","147,040",6.8
79,2010,NEBRASKA,1826341,rate,property_crime,2673.2,"198,974","77,348",23.8
80,2010,NEVADA,2700551,rate,property_crime,2774.7,"284,332","110,572",24.6
81,2010,NEW HAMPSHIRE,1316470,rate,property_crime,2186.3,"23,187","9,349",147
82,2010,NEW JERSEY,8791894,rate,property_crime,2081.9,"19,047","8,723","1,195.50"
83,2010,NEW MEXICO,2059179,rate,property_crime,3435.4,"314,161","121,590",17
84,2010,NEW YORK,19378102,rate,property_crime,1941.2,"122,057","54,555",411.2
85,2010,NORTH CAROLINA,9535483,rate,property_crime,3447.3,"125,920","53,819",196.1
86,2010,NORTH DAKOTA,672591,rate,property_crime,1768.5,"178,711","70,698",9.7
87,2010,OHIO,11536504,rate,property_crime,3245.2,"105,829","44,826",282.3
88,2010,OKLAHOMA,3751351,rate,property_crime,3415.5,"177,660","69,899",54.7
89,2010,OREGON,3831074,rate,property_crime,3012.9,"248,608","98,379",39.9
90,2010,PENNSYLVANIA,12702379,rate,property_crime,2173,"115,883","46,054",283.9
91,2010,RHODE ISLAND,1052567,rate,property_crime,2556.6,"2,678","1,545","1,018.10"
92,2010,SOUTH CAROLINA,4625364,rate,property_crime,3900.4,"77,857","32,020",153.9
93,2010,SOUTH DAKOTA,814180,rate,property_crime,1852.4,"196,350","77,116",10.7
94,2010,TENNESSEE,6346105,rate,property_crime,3657.9,"106,798","42,144",153.9
95,2010,TEXAS,25145561,rate,property_crime,3783,"676,587","268,596",96.3
96,2010,UTAH,2763885,rate,property_crime,3179.6,"212,818","84,897",33.6
97,2010,VERMONT,625741,rate,property_crime,2282.3,"23,871","9,616",67.9
98,2010,VIRGINIA,8001024,rate,property_crime,2327.2,"102,279","42,775",202.6
99,2010,WASHINGTON,6724540,rate,property_crime,3706.6,"172,119","71,298",101.2
100,2010,WEST VIRGINIA,1852994,rate,property_crime,2239.6,"62,259","24,230",77.1
101,2010,WISCONSIN,5686986,rate,property_crime,2507.7,"140,268","65,496",105
102,2010,WYOMING,563626,rate,property_crime,2461.6,"251,470","97,813",5.8
103,2011,ALABAMA,4802740,rate,violent_crime,420.1,"131,171","52,420",91.6203739
104,2011,ALASKA,722718,rate,violent_crime,606.5,"1,477,953","665,384",1.086166785
105,2011,ARIZONA,6482505,rate,violent_crime,405.9,"294,207","113,990",56.86906746
106,2011,ARKANSAS,2937979,rate,violent_crime,480.9,"134,771","53,179",55.24697719
107,2011,CALIFORNIA,37691912,rate,violent_crime,411.1,"403,466","163,695",230.2569535
108,2011,COLORADO,5116796,rate,violent_crime,320.2,"268,431","104,094",49.1555325
109,2011,CONNECTICUT,3580709,rate,violent_crime,272.8,"12,542","5,543",645.9875519
110,2011,DELAWARE,907135,rate,violent_crime,559.5,"5,047","2,489",364.4576135
111,2011,DISTRICT OF COLUMBIA,617996,rate,violent_crime,1202.1,158,68,9088.176471
112,2011,FLORIDA,19057542,rate,violent_crime,515.3,"138,887","65,758",289.8132851
113,2011,GEORGIA,9815210,rate,violent_crime,373.2,"148,959","59,425",165.1697097
114,2011,HAWAII,1374810,rate,violent_crime,287.2,"16,635","10,932",125.7601537
115,2011,IDAHO,1584985,rate,violent_crime,200.9,"214,045","83,569",18.96618363
116,2011,ILLINOIS,12869257,rate,violent_crime,429.3,"143,793","57,914",222.21323
117,2011,INDIANA,6516922,rate,violent_crime,331.8,"92,789","36,420",178.9380011
118,2011,IOWA,3062309,rate,violent_crime,255.6,"144,669","56,273",54.41879765
119,2011,KANSAS,2871238,rate,violent_crime,353.9,"211,754","82,278",34.89678894
120,2011,KENTUCKY,4369356,rate,violent_crime,238.2,"102,269","40,408",108.1309642
121,2011,LOUISIANA,4574836,rate,violent_crime,555.3,"111,898","52,378",87.34270113
122,2011,MAINE,1328188,rate,violent_crime,123.2,"79,883","35,380",37.54064443
123,2011,MARYLAND,5828289,rate,violent_crime,494.1,"25,142","12,406",469.7959858
124,2011,MASSACHUSETTS,6587536,rate,violent_crime,428.4,"20,202","10,554",624.1743415
125,2011,MICHIGAN,9876187,rate,violent_crime,445.3,"146,435","96,714",102.1174494
126,2011,MINNESOTA,5344861,rate,violent_crime,221.2,"206,232","86,936",61.48041088
127,2011,MISSISSIPPI,2978512,rate,violent_crime,269.8,"121,531","48,432",61.49884374
128,2011,MISSOURI,6010688,rate,violent_crime,447.4,"178,040","69,707",86.22789677
129,2011,MONTANA,998199,rate,violent_crime,267.5,"376,962","147,040",6.788622144
130,2011,NEBRASKA,1842641,rate,violent_crime,253.2,"198,974","77,348",23.82273621
131,2011,NEVADA,2723322,rate,violent_crime,562.1,"284,332","110,572",24.62939985
132,2011,NEW HAMPSHIRE,1318194,rate,violent_crime,188,"23,187","9,349",140.9983956
133,2011,NEW JERSEY,8821155,rate,violent_crime,308.4,"19,047","8,723",1011.252436
134,2011,NEW MEXICO,2082224,rate,violent_crime,567.5,"314,161","121,590",17.12496093
135,2011,NEW YORK,19465197,rate,violent_crime,398.1,"122,057","54,555",356.7995051
136,2011,NORTH CAROLINA,9656401,rate,violent_crime,349.8,"125,920","53,819",179.4236422
137,2011,NORTH DAKOTA,683932,rate,violent_crime,247,"178,711","70,698",9.673993607
138,2011,OHIO,11544951,rate,violent_crime,307.4,"105,829","44,826",257.5503279
139,2011,OKLAHOMA,3791508,rate,violent_crime,454.8,"177,660","69,899",54.24266442
140,2011,OREGON,3871859,rate,violent_crime,247.6,"248,608","98,379",39.35655983
141,2011,PENNSYLVANIA,12742886,rate,violent_crime,355,"115,883","46,054",276.6944457
142,2011,PUERTO RICO,3706690,rate,violent_crime,284.4,"8,868","5,325",696.0920188
143,2011,RHODE ISLAND,1051302,rate,violent_crime,247.5,"2,678","1,545",680.4543689
144,2011,SOUTH CAROLINA,4679230,rate,violent_crime,571.9,"77,857","32,020",146.1346034
145,2011,SOUTH DAKOTA,824082,rate,violent_crime,254.1,"196,350","77,116",10.68626485
146,2011,TENNESSEE,6403353,rate,violent_crime,608.2,"106,798","42,144",151.9398491
147,2011,TEXAS,25674681,rate,violent_crime,408.5,"676,587","268,596",95.58847116
148,2011,UTAH,2817222,rate,violent_crime,195,"212,818","84,897",33.18399943
149,2011,VERMONT,626431,rate,violent_crime,135.2,"23,871","9,616",65.14465474
150,2011,VIRGINIA,8096604,rate,violent_crime,196.7,"102,279","42,775",189.2835535
151,2011,WASHINGTON,6830038,rate,violent_crime,294.6,"172,119","71,298",95.79564644
152,2011,WEST VIRGINIA,1855364,rate,violent_crime,315.9,"62,259","24,230",76.57300867
153,2011,WISCONSIN,5711767,rate,violent_crime,236.9,"140,268","65,496",87.20787529
154,2011,WYOMING,568158,rate,violent_crime,219.3,"251,470","97,813",5.808614397
155,2011,ALABAMA,4802740,rate,property_crime,3606.1,"131,171","52,420",91.6203739
156,2011,ALASKA,722718,rate,property_crime,2632.8,"1,477,953","665,384",1.086166785
157,2011,ARIZONA,6482505,rate,property_crime,3554.5,"294,207","113,990",56.86906746
158,2011,ARKANSAS,2937979,rate,property_crime,3754.1,"134,771","53,179",55.24697719
159,2011,CALIFORNIA,37691912,rate,property_crime,2583.8,"403,466","163,695",230.2569535
160,2011,COLORADO,5116796,rate,property_crime,2606.3,"268,431","104,094",49.1555325
161,2011,CONNECTICUT,3580709,rate,property_crime,2167.4,"12,542","5,543",645.9875519
162,2011,DELAWARE,907135,rate,property_crime,3410.6,"5,047","2,489",364.4576135
163,2011,DISTRICT OF COLUMBIA,617996,rate,property_crime,4795.5,158,68,9088.176471
164,2011,FLORIDA,19057542,rate,property_crime,3522,"138,887","65,758",289.8132851
165,2011,GEORGIA,9815210,rate,property_crime,3626.5,"148,959","59,425",165.1697097
166,2011,HAWAII,1374810,rate,property_crime,3337.8,"16,635","10,932",125.7601537
167,2011,IDAHO,1584985,rate,property_crime,2068.6,"214,045","83,569",18.96618363
168,2011,ILLINOIS,12869257,rate,property_crime,2688.8,"143,793","57,914",222.21323
169,2011,INDIANA,6516922,rate,property_crime,3161.8,"92,789","36,420",178.9380011
170,2011,IOWA,3062309,rate,property_crime,2330.3,"144,669","56,273",54.41879765
171,2011,KANSAS,2871238,rate,property_crime,3080.1,"211,754","82,278",34.89678894
172,2011,KENTUCKY,4369356,rate,property_crime,2708.8,"102,269","40,408",108.1309642
173,2011,LOUISIANA,4574836,rate,property_crime,3688.5,"111,898","52,378",87.34270113
174,2011,MAINE,1328188,rate,property_crime,2545.5,"79,883","35,380",37.54064443
175,2011,MARYLAND,5828289,rate,property_crime,2860.2,"25,142","12,406",469.7959858
176,2011,MASSACHUSETTS,6587536,rate,property_crime,2258.7,"20,202","10,554",624.1743415
177,2011,MICHIGAN,9876187,rate,property_crime,2612.1,"146,435","96,714",102.1174494
178,2011,MINNESOTA,5344861,rate,property_crime,2549.4,"206,232","86,936",61.48041088
179,2011,MISSISSIPPI,2978512,rate,property_crime,3025.5,"121,531","48,432",61.49884374
180,2011,MISSOURI,6010688,rate,property_crime,3308.8,"178,040","69,707",86.22789677
181,2011,MONTANA,998199,rate,property_crime,2319.7,"376,962","147,040",6.788622144
182,2011,NEBRASKA,1842641,rate,property_crime,2752.9,"198,974","77,348",23.82273621
183,2011,NEVADA,2723322,rate,property_crime,2560.5,"284,332","110,572",24.62939985
184,2011,NEW HAMPSHIRE,1318194,rate,property_crime,2283.9,"23,187","9,349",140.9983956
185,2011,NEW JERSEY,8821155,rate,property_crime,2150.7,"19,047","8,723",1011.252436
186,2011,NEW MEXICO,2082224,rate,property_crime,3531.5,"314,161","121,590",17.12496093
187,2011,NEW YORK,19465197,rate,property_crime,1912.4,"122,057","54,555",356.7995051
188,2011,NORTH CAROLINA,9656401,rate,property_crime,3526.8,"125,920","53,819",179.4236422
189,2011,NORTH DAKOTA,683932,rate,property_crime,1936.7,"178,711","70,698",9.673993607
190,2011,OHIO,11544951,rate,property_crime,3354.7,"105,829","44,826",257.5503279
191,2011,OKLAHOMA,3791508,rate,property_crime,3356.2,"177,660","69,899",54.24266442
192,2011,OREGON,3871859,rate,property_crime,3114.6,"248,608","98,379",39.35655983
193,2011,PENNSYLVANIA,12742886,rate,property_crime,2222.3,"115,883","46,054",276.6944457
194,2011,PUERTO RICO,3706690,rate,property_crime,1395.2,"8,868","5,325",696.0920188
195,2011,RHODE ISLAND,1051302,rate,property_crime,2676.8,"2,678","1,545",680.4543689
196,2011,SOUTH CAROLINA,4679230,rate,property_crime,3904.2,"77,857","32,020",146.1346034
197,2011,SOUTH DAKOTA,824082,rate,property_crime,1817.7,"196,350","77,116",10.68626485
198,2011,TENNESSEE,6403353,rate,property_crime,3595.9,"106,798","42,144",151.9398491
199,2011,TEXAS,25674681,rate,property_crime,3472.3,"676,587","268,596",95.58847116
200,2011,UTAH,2817222,rate,property_crime,2973.1,"212,818","84,897",33.18399943
201,2011,VERMONT,626431,rate,property_crime,2309,"23,871","9,616",65.14465474
202,2011,VIRGINIA,8096604,rate,property_crime,2249.6,"102,279","42,775",189.2835535
203,2011,WASHINGTON,6830038,rate,property_crime,3574.6,"172,119","71,298",95.79564644
204,2011,WEST VIRGINIA,1855364,rate,property_crime,2273.9,"62,259","24,230",76.57300867
205,2011,WISCONSIN,5711767,rate,property_crime,2432.7,"140,268","65,496",87.20787529
206,2011,WYOMING,568158,rate,property_crime,2266.4,"251,470","97,813",5.808614397
207,2012,ALABAMA,4822023,rate,violent_crime,449.9,"131,171","52,420",91.98822968
208,2012,ALASKA,731449,rate,violent_crime,603.2,"1,477,953","665,384",1.099288531
209,2012,ARIZONA,6553255,rate,violent_crime,428.9,"294,207","113,990",57.48973594
210,2012,ARKANSAS,2949131,rate,violent_crime,469.1,"134,771","53,179",55.45668403
211,2012,CALIFORNIA,38041430,rate,violent_crime,423.1,"403,466","163,695",232.3921317
212,2012,COLORADO,5187582,rate,violent_crime,308.9,"268,431","104,094",49.83555248
213,2012,CONNECTICUT,3590347,rate,violent_crime,283,"12,542","5,543",647.7263215
214,2012,DELAWARE,917092,rate,violent_crime,547.4,"5,047","2,489",368.4580153
215,2012,DISTRICT OF COLUMBIA,632323,rate,violent_crime,1243.7,158,68,9298.867647
216,2012,FLORIDA,19317568,rate,violent_crime,487.1,"138,887","65,758",293.767572
217,2012,GEORGIA,9919945,rate,violent_crime,378.9,"148,959","59,425",166.9321834
218,2012,HAWAII,1392313,rate,violent_crime,239.2,"16,635","10,932",127.3612331
219,2012,IDAHO,1595728,rate,violent_crime,207.9,"214,045","83,569",19.09473609
220,2012,ILLINOIS,12875255,rate,violent_crime,414.8,"143,793","57,914",222.3167973
221,2012,INDIANA,6537334,rate,violent_crime,345.7,"92,789","36,420",179.4984624
222,2012,IOWA,3074186,rate,violent_crime,263.9,"144,669","56,273",54.62985801
223,2012,KANSAS,2885905,rate,violent_crime,354.6,"211,754","82,278",35.07505044
224,2012,KENTUCKY,4380415,rate,violent_crime,222.6,"102,269","40,408",108.4046476
225,2012,LOUISIANA,4601893,rate,violent_crime,496.9,"111,898","52,378",87.85927298
226,2012,MAINE,1329192,rate,violent_crime,122.7,"79,883","35,380",37.56902205
227,2012,MARYLAND,5884563,rate,violent_crime,476.8,"25,142","12,406",474.3320168
228,2012,MASSACHUSETTS,6646144,rate,violent_crime,405.5,"20,202","10,554",629.7274967
229,2012,MICHIGAN,9883360,rate,violent_crime,454.5,"146,435","96,714",102.1916165
230,2012,MINNESOTA,5379139,rate,violent_crime,230.9,"206,232","86,936",61.87470093
231,2012,MISSISSIPPI,2984926,rate,violent_crime,260.8,"121,531","48,432",61.63127684
232,2012,MISSOURI,6021988,rate,violent_crime,450.9,"178,040","69,707",86.39000387
233,2012,MONTANA,1005141,rate,violent_crime,272.2,"376,962","147,040",6.835833787
234,2012,NEBRASKA,1855525,rate,violent_crime,259.4,"198,974","77,348",23.98930806
235,2012,NEVADA,2758931,rate,violent_crime,607.6,"284,332","110,572",24.9514434
236,2012,NEW HAMPSHIRE,1320718,rate,violent_crime,187.9,"23,187","9,349",141.2683709
237,2012,NEW JERSEY,8864590,rate,violent_crime,290.2,"19,047","8,723",1016.231801
238,2012,NEW MEXICO,2085538,rate,violent_crime,559.1,"314,161","121,590",17.15221647
239,2012,NEW YORK,19570261,rate,violent_crime,406.8,"122,057","54,555",358.7253414
240,2012,NORTH CAROLINA,9752073,rate,violent_crime,353.4,"125,920","53,819",181.2013044
241,2012,NORTH DAKOTA,699628,rate,violent_crime,244.7,"178,711","70,698",9.896008374
242,2012,OHIO,11544225,rate,violent_crime,299.7,"105,829","44,826",257.534132
243,2012,OKLAHOMA,3814820,rate,violent_crime,469.3,"177,660","69,899",54.57617419
244,2012,OREGON,3899353,rate,violent_crime,247.6,"248,608","98,379",39.63603005
245,2012,PENNSYLVANIA,12763536,rate,violent_crime,348.7,"115,883","46,054",277.1428323
246,2012,PUERTO RICO,3667084,rate,violent_crime,273.8,"8,868","5,325",688.6542723
247,2012,RHODE ISLAND,1050292,rate,violent_crime,252.4,"2,678","1,545",679.8006472
248,2012,SOUTH CAROLINA,4723723,rate,violent_crime,558.8,"77,857","32,020",147.5241412
249,2012,SOUTH DAKOTA,833354,rate,violent_crime,321.8,"196,350","77,116",10.8064993
250,2012,TENNESSEE,6456243,rate,violent_crime,643.6,"106,798","42,144",153.194832
251,2012,TEXAS,26059203,rate,violent_crime,408.6,"676,587","268,596",97.02007104
252,2012,UTAH,2855287,rate,violent_crime,205.8,"212,818","84,897",33.63236628
253,2012,VERMONT,626011,rate,violent_crime,142.6,"23,871","9,616",65.10097754
254,2012,VIRGINIA,8185867,rate,violent_crime,190.1,"102,279","42,775",191.3703565
255,2012,WASHINGTON,6897012,rate,violent_crime,295.6,"172,119","71,298",96.73499958
256,2012,WEST VIRGINIA,1855413,rate,violent_crime,316.3,"62,259","24,230",76.57503095
257,2012,WISCONSIN,5726398,rate,violent_crime,280.5,"140,268","65,496",87.43126298
258,2012,WYOMING,576412,rate,violent_crime,201.4,"251,470","97,813",5.892999908
259,2012,ALABAMA,4822023,rate,property_crime,3502.2,"131,171","52,420",91.98822968
260,2012,ALASKA,731449,rate,property_crime,2739.4,"1,477,953","665,384",1.099288531
261,2012,ARIZONA,6553255,rate,property_crime,3539.2,"294,207","113,990",57.48973594
262,2012,ARKANSAS,2949131,rate,property_crime,3660.1,"134,771","53,179",55.45668403
263,2012,CALIFORNIA,38041430,rate,property_crime,2758.7,"403,466","163,695",232.3921317
264,2012,COLORADO,5187582,rate,property_crime,2684.7,"268,431","104,094",49.83555248
265,2012,CONNECTICUT,3590347,rate,property_crime,2140,"12,542","5,543",647.7263215
266,2012,DELAWARE,917092,rate,property_crime,3340.9,"5,047","2,489",368.4580153
267,2012,DISTRICT OF COLUMBIA,632323,rate,property_crime,4860.8,158,68,9298.867647
268,2012,FLORIDA,19317568,rate,property_crime,3276.7,"138,887","65,758",293.767572
269,2012,GEORGIA,9919945,rate,property_crime,3410.6,"148,959","59,425",166.9321834
270,2012,HAWAII,1392313,rate,property_crime,3075.2,"16,635","10,932",127.3612331
271,2012,IDAHO,1595728,rate,property_crime,1983.5,"214,045","83,569",19.09473609
272,2012,ILLINOIS,12875255,rate,property_crime,2578.7,"143,793","57,914",222.3167973
273,2012,INDIANA,6537334,rate,property_crime,3029.2,"92,789","36,420",179.4984624
274,2012,IOWA,3074186,rate,property_crime,2271.8,"144,669","56,273",54.62985801
275,2012,KANSAS,2885905,rate,property_crime,3143.2,"211,754","82,278",35.07505044
276,2012,KENTUCKY,4380415,rate,property_crime,2552.9,"102,269","40,408",108.4046476
277,2012,LOUISIANA,4601893,rate,property_crime,3540.6,"111,898","52,378",87.85927298
278,2012,MAINE,1329192,rate,property_crime,2509.9,"79,883","35,380",37.56902205
279,2012,MARYLAND,5884563,rate,property_crime,2753.5,"25,142","12,406",474.3320168
280,2012,MASSACHUSETTS,6646144,rate,property_crime,2153,"20,202","10,554",629.7274967
281,2012,MICHIGAN,9883360,rate,property_crime,2530.5,"146,435","96,714",102.1916165
282,2012,MINNESOTA,5379139,rate,property_crime,2568.3,"206,232","86,936",61.87470093
283,2012,MISSISSIPPI,2984926,rate,property_crime,2811,"121,531","48,432",61.63127684
284,2012,MISSOURI,6021988,rate,property_crime,3314.4,"178,040","69,707",86.39000387
285,2012,MONTANA,1005141,rate,property_crime,2583.7,"376,962","147,040",6.835833787
286,2012,NEBRASKA,1855525,rate,property_crime,2754.9,"198,974","77,348",23.98930806
287,2012,NEVADA,2758931,rate,property_crime,2809.4,"284,332","110,572",24.9514434
288,2012,NEW HAMPSHIRE,1320718,rate,property_crime,2324,"23,187","9,349",141.2683709
289,2012,NEW JERSEY,8864590,rate,property_crime,2047.3,"19,047","8,723",1016.231801
290,2012,NEW MEXICO,2085538,rate,property_crime,3600.7,"314,161","121,590",17.15221647
291,2012,NEW YORK,19570261,rate,property_crime,1922,"122,057","54,555",358.7253414
292,2012,NORTH CAROLINA,9752073,rate,property_crime,3369.5,"125,920","53,819",181.2013044
293,2012,NORTH DAKOTA,699628,rate,property_crime,2010.1,"178,711","70,698",9.896008374
294,2012,OHIO,11544225,rate,property_crime,3117.4,"105,829","44,826",257.534132
295,2012,OKLAHOMA,3814820,rate,property_crime,3401,"177,660","69,899",54.57617419
296,2012,OREGON,3899353,rate,property_crime,3224.2,"248,608","98,379",39.63603005
297,2012,PENNSYLVANIA,12763536,rate,property_crime,2166.3,"115,883","46,054",277.1428323
298,2012,PUERTO RICO,3667084,rate,property_crime,1409.3,"8,868","5,325",688.6542723
299,2012,RHODE ISLAND,1050292,rate,property_crime,2572.3,"2,678","1,545",679.8006472
300,2012,SOUTH CAROLINA,4723723,rate,property_crime,3822.2,"77,857","32,020",147.5241412
301,2012,SOUTH DAKOTA,833354,rate,property_crime,2060.1,"196,350","77,116",10.8064993
302,2012,TENNESSEE,6456243,rate,property_crime,3371.4,"106,798","42,144",153.194832
303,2012,TEXAS,26059203,rate,property_crime,3361.8,"676,587","268,596",97.02007104
304,2012,UTAH,2855287,rate,property_crime,2991.8,"212,818","84,897",33.63236628
305,2012,VERMONT,626011,rate,property_crime,2398.7,"23,871","9,616",65.10097754
306,2012,VIRGINIA,8185867,rate,property_crime,2162.1,"102,279","42,775",191.3703565
307,2012,WASHINGTON,6897012,rate,property_crime,3658.6,"172,119","71,298",96.73499958
308,2012,WEST VIRGINIA,1855413,rate,property_crime,2364.9,"62,259","24,230",76.57503095
309,2012,WISCONSIN,5726398,rate,property_crime,2453.8,"140,268","65,496",87.43126298
310,2012,WYOMING,576412,rate,property_crime,2293.8,"251,470","97,813",5.892999908
311,2013,ALABAMA,4833722,rate,violent_crime,430.8,"131,171","52,420",92.21140786
312,2013,ALASKA,735132,rate,violent_crime,640.4,"1,477,953","665,384",1.104823681
313,2013,ARIZONA,6626624,rate,violent_crime,416.5,"294,207","113,990",58.13338012
314,2013,ARKANSAS,2959373,rate,violent_crime,460.3,"134,771","53,179",55.64927885
315,2013,CALIFORNIA,38332521,rate,violent_crime,402.1,"403,466","163,695",234.1703839
316,2013,COLORADO,5268367,rate,violent_crime,308,"268,431","104,094",50.61162987
317,2013,CONNECTICUT,3596080,rate,violent_crime,262.5,"12,542","5,543",648.760599
318,2013,DELAWARE,925749,rate,violent_crime,491.4,"5,047","2,489",371.9361189
319,2013,DISTRICT OF COLUMBIA,646449,rate,violent_crime,1300.3,158,68,9506.602941
320,2013,FLORIDA,19552860,rate,violent_crime,470.4,"138,887","65,758",297.3457222
321,2013,GEORGIA,9992167,rate,violent_crime,365.7,"148,959","59,425",168.1475305
322,2013,HAWAII,1404054,rate,violent_crime,251.6,"16,635","10,932",128.435236
323,2013,IDAHO,1612136,rate,violent_crime,217,"214,045","83,569",19.29107683
324,2013,ILLINOIS,12882135,rate,violent_crime,380.2,"143,793","57,914",222.4355942
325,2013,INDIANA,6570902,rate,violent_crime,357.4,"92,789","36,420",180.4201538
326,2013,IOWA,3090416,rate,violent_crime,271.4,"144,669","56,273",54.91827342
327,2013,KANSAS,2893957,rate,violent_crime,339.9,"211,754","82,278",35.17291378
328,2013,KENTUCKY,4395295,rate,violent_crime,209.8,"102,269","40,408",108.7728915
329,2013,LOUISIANA,4625470,rate,violent_crime,518.5,"111,898","52,378",88.30940471
330,2013,MAINE ,1328302,rate,violent_crime,129.3,"79,883","35,380",37.54386659
331,2013,MARYLAND,5928814,rate,violent_crime,473.8,"25,142","12,406",477.8989199
332,2013,MASSACHUSETTS,6692824,rate,violent_crime,413.4,"20,202","10,554",634.1504643
333,2013,MICHIGAN,9895622,rate,violent_crime,449.9,"146,435","96,714",102.3184027
334,2013,MINNESOTA,5420380,rate,violent_crime,234.4,"206,232","86,936",62.34908438
335,2013,MISSISSIPPI,2991207,rate,violent_crime,274.6,"121,531","48,432",61.76096383
336,2013,MISSOURI,6044171,rate,violent_crime,433.4,"178,040","69,707",86.7082359
337,2013,MONTANA,1015165,rate,violent_crime,252.9,"376,962","147,040",6.904005713
338,2013,NEBRASKA,1868516,rate,violent_crime,262.1,"198,974","77,348",24.15726328
339,2013,NEVADA,2790136,rate,violent_crime,603,"284,332","110,572",25.23365771
340,2013,NEW HAMPSHIRE,1323459,rate,violent_crime,215.3,"23,187","9,349",141.5615574
341,2013,NEW JERSEY,8899339,rate,violent_crime,288.5,"19,047","8,723",1020.215408
342,2013,NEW MEXICO,2085287,rate,violent_crime,613,"314,161","121,590",17.15015215
343,2013,NEW YORK,19651127,rate,violent_crime,393.7,"122,057","54,555",360.2076253
344,2013,NORTH CAROLINA,9848060,rate,violent_crime,342.2,"125,920","53,819",182.9848195
345,2013,NORTH DAKOTA,723393,rate,violent_crime,270.1,"178,711","70,698",10.2321565
346,2013,OHIO,11570808,rate,violent_crime,286.2,"105,829","44,826",258.1271583
347,2013,OKLAHOMA,3850568,rate,violent_crime,441.2,"177,660","69,899",55.08759782
348,2013,OREGON,3930065,rate,violent_crime,254,"248,608","98,379",39.94821049
349,2013,PENNSYLVANIA ,12773801,rate,violent_crime,335.4,"115,883","46,054",277.3657228
350,2013,PUERTO RICO,3615086,rate,violent_crime,258,"8,868","5,325",678.8893897
351,2013,RHODE ISLAND,1051511,rate,violent_crime,257.2,"2,678","1,545",680.589644
352,2013,SOUTH CAROLINA,4774839,rate,violent_crime,508.5,"77,857","32,020",149.1205184
353,2013,SOUTH DAKOTA,844877,rate,violent_crime,316.5,"196,350","77,116",10.95592354
354,2013,TENNESSEE,6495978,rate,violent_crime,590.6,"106,798","42,144",154.1376708
355,2013,TEXAS,26448193,rate,violent_crime,408.3,"676,587","268,596",98.46830556
356,2013,UTAH,2900872,rate,violent_crime,224,"212,818","84,897",34.16931105
357,2013,VERMONT,626630,rate,violent_crime,121.1,"23,871","9,616",65.16534942
358,2013,VIRGINIA,8260405,rate,violent_crime,196.2,"102,279","42,775",193.1129164
359,2013,WASHINGTON,6971406,rate,violent_crime,289.1,"172,119","71,298",97.77842296
360,2013,WEST VIRGINIA,1854304,rate,violent_crime,300.3,"62,259","24,230",76.52926125
361,2013,WISCONSIN,5742713,rate,violent_crime,277.9,"140,268","65,496",87.68036216
362,2013,WYOMING,582658,rate,violent_crime,205.1,"251,470","97,813",5.956856451
363,2013,ALABAMA,4833722,rate,property_crime,3351.3,"131,171","52,420",92.21140786
364,2013,ALASKA,735132,rate,property_crime,2885.2,"1,477,953","665,384",1.104823681
365,2013,ARIZONA,6626624,rate,property_crime,3399.1,"294,207","113,990",58.13338012
366,2013,ARKANSAS,2959373,rate,property_crime,3602.6,"134,771","53,179",55.64927885
367,2013,CALIFORNIA,38332521,rate,property_crime,2658.1,"403,466","163,695",234.1703839
368,2013,COLORADO,5268367,rate,property_crime,2658.5,"268,431","104,094",50.61162987
369,2013,CONNECTICUT,3596080,rate,property_crime,1974.1,"12,542","5,543",648.760599
370,2013,DELAWARE,925749,rate,property_crime,3065.5,"5,047","2,489",371.9361189
371,2013,DISTRICT OF COLUMBIA,646449,rate,property_crime,4808.3,158,68,9506.602941
372,2013,FLORIDA,19552860,rate,property_crime,3105.3,"138,887","65,758",297.3457222
373,2013,GEORGIA,9992167,rate,property_crime,3346.6,"148,959","59,425",168.1475305
374,2013,HAWAII,1404054,rate,property_crime,3053.7,"16,635","10,932",128.435236
375,2013,IDAHO,1612136,rate,property_crime,1864.3,"214,045","83,569",19.29107683
376,2013,ILLINOIS,12882135,rate,property_crime,2274.3,"143,793","57,914",222.4355942
377,2013,INDIANA,6570902,rate,property_crime,2854,"92,789","36,420",180.4201538
378,2013,IOWA,3090416,rate,property_crime,2193.9,"144,669","56,273",54.91827342
379,2013,KANSAS,2893957,rate,property_crime,2946.8,"211,754","82,278",35.17291378
380,2013,KENTUCKY,4395295,rate,property_crime,2362.9,"102,269","40,408",108.7728915
381,2013,LOUISIANA,4625470,rate,property_crime,3582,"111,898","52,378",88.30940471
382,2013,MAINE ,1328302,rate,property_crime,2292.2,"79,883","35,380",37.54386659
383,2013,MARYLAND,5928814,rate,property_crime,2663.5,"25,142","12,406",477.8989199
384,2013,MASSACHUSETTS,6692824,rate,property_crime,2051.2,"20,202","10,554",634.1504643
385,2013,MICHIGAN,9895622,rate,property_crime,2327.6,"146,435","96,714",102.3184027
386,2013,MINNESOTA,5420380,rate,property_crime,2420.4,"206,232","86,936",62.34908438
387,2013,MISSISSIPPI,2991207,rate,property_crime,2724.7,"121,531","48,432",61.76096383
388,2013,MISSOURI,6044171,rate,property_crime,3137,"178,040","69,707",86.7082359
389,2013,MONTANA,1015165,rate,property_crime,2556.5,"376,962","147,040",6.904005713
390,2013,NEBRASKA,1868516,rate,property_crime,2623.4,"198,974","77,348",24.15726328
391,2013,NEVADA,2790136,rate,property_crime,2837.7,"284,332","110,572",25.23365771
392,2013,NEW HAMPSHIRE,1323459,rate,property_crime,2194.3,"23,187","9,349",141.5615574
393,2013,NEW JERSEY,8899339,rate,property_crime,1882.8,"19,047","8,723",1020.215408
394,2013,NEW MEXICO,2085287,rate,property_crime,3704.8,"314,161","121,590",17.15015215
395,2013,NEW YORK,19651127,rate,property_crime,1824.8,"122,057","54,555",360.2076253
396,2013,NORTH CAROLINA,9848060,rate,property_crime,3128,"125,920","53,819",182.9848195
397,2013,NORTH DAKOTA,723393,rate,property_crime,2094,"178,711","70,698",10.2321565
398,2013,OHIO,11570808,rate,property_crime,2927.5,"105,829","44,826",258.1271583
399,2013,OKLAHOMA,3850568,rate,property_crime,3273.7,"177,660","69,899",55.08759782
400,2013,OREGON,3930065,rate,property_crime,3173.9,"248,608","98,379",39.94821049
401,2013,PENNSYLVANIA ,12773801,rate,property_crime,2060.8,"115,883","46,054",277.3657228
402,2013,PUERTO RICO,3615086,rate,property_crime,1351.3,"8,868","5,325",678.8893897
403,2013,RHODE ISLAND,1051511,rate,property_crime,2442,"2,678","1,545",680.589644
404,2013,SOUTH CAROLINA,4774839,rate,property_crime,3624.2,"77,857","32,020",149.1205184
405,2013,SOUTH DAKOTA,844877,rate,property_crime,1914.7,"196,350","77,116",10.95592354
406,2013,TENNESSEE,6495978,rate,property_crime,3180.9,"106,798","42,144",154.1376708
407,2013,TEXAS,26448193,rate,property_crime,3258.2,"676,587","268,596",98.46830556
408,2013,UTAH,2900872,rate,property_crime,2950.4,"212,818","84,897",34.16931105
409,2013,VERMONT,626630,rate,property_crime,2214.2,"23,871","9,616",65.16534942
410,2013,VIRGINIA,8260405,rate,property_crime,2065.9,"102,279","42,775",193.1129164
411,2013,WASHINGTON,6971406,rate,property_crime,3710.3,"172,119","71,298",97.77842296
412,2013,WEST VIRGINIA,1854304,rate,property_crime,2103.9,"62,259","24,230",76.52926125
413,2013,WISCONSIN,5742713,rate,property_crime,2188.7,"140,268","65,496",87.68036216
414,2013,WYOMING,582658,rate,property_crime,2198.4,"251,470","97,813",5.956856451
415,2014,ALABAMA,4849377,rate,violent_crime,427.4,"131,171","52,420",92.51005341
416,2014,ALASKA,736732,rate,violent_crime,635.8,"1,477,953","665,384",1.107228307
417,2014,ARIZONA,6731484,rate,violent_crime,399.9,"294,207","113,990",59.05328538
418,2014,ARKANSAS,2966369,rate,violent_crime,480.1,"134,771","53,179",55.78083454
419,2014,CALIFORNIA,38802500,rate,violent_crime,396.1,"403,466","163,695",237.041449
420,2014,COLORADO,5355866,rate,violent_crime,309.1,"268,431","104,094",51.45220666
421,2014,CONNECTICUT,3596677,rate,violent_crime,236.9,"12,542","5,543",648.8683024
422,2014,DELAWARE,935614,rate,violent_crime,489.1,"5,047","2,489",375.8995581
423,2014,DISTRICT OF COLUMBIA ,658893,rate,violent_crime,1244.4,158,68,9689.602941
424,2014,FLORIDA,19893297,rate,violent_crime,540.5,"138,887","65,758",302.5228413
425,2014,GEORGIA,10097343,rate,violent_crime,377.3,"148,959","59,425",169.9174253
426,2014,HAWAII,1419561,rate,violent_crime,259.2,"16,635","10,932",129.8537322
427,2014,IDAHO,1634464,rate,violent_crime,212.2,"214,045","83,569",19.55825725
428,2014,ILLINOIS,12880580,rate,violent_crime,370,"143,793","57,914",222.408744
429,2014,INDIANA,6596855,rate,violent_crime,365.3,"92,789","36,420",181.1327567
430,2014,IOWA,3107126,rate,violent_crime,273.5,"144,669","56,273",55.21521867
431,2014,KANSAS,2904021,rate,violent_crime,348.6,"211,754","82,278",35.2952308
432,2014,KENTUCKY,4413457,rate,violent_crime,211.6,"102,269","40,408",109.222357
433,2014,LOUISIANA,4649676,rate,violent_crime,514.7,"111,898","52,378",88.77154531
434,2014,MAINE,1330089,rate,violent_crime,127.8,"79,883","35,380",37.59437535
435,2014,MARYLAND,5976407,rate,violent_crime,446.1,"25,142","12,406",481.7352088
436,2014,MASSACHUSETTS,6745408,rate,violent_crime,391.4,"20,202","10,554",639.1328406
437,2014,MICHIGAN,9909877,rate,violent_crime,427.3,"146,435","96,714",102.4657961
438,2014,MINNESOTA,5457173,rate,violent_crime,229.1,"206,232","86,936",62.77230376
439,2014,MISSISSIPPI,2994079,rate,violent_crime,278.5,"121,531","48,432",61.82026346
440,2014,MISSOURI,6063589,rate,violent_crime,442.9,"178,040","69,707",86.9868019
441,2014,MONTANA,1023579,rate,violent_crime,323.7,"376,962","147,040",6.961228237
442,2014,NEBRASKA,1881503,rate,violent_crime,280.4,"198,974","77,348",24.32516678
443,2014,NEVADA,2839099,rate,violent_crime,635.6,"284,332","110,572",25.67647325
444,2014,NEW HAMPSHIRE,1326813,rate,violent_crime,196.1,"23,187","9,349",141.9203123
445,2014,NEW JERSEY,8938175,rate,violent_crime,261.2,"19,047","8,723",1024.667546
446,2014,NEW MEXICO,2085572,rate,violent_crime,597.4,"314,161","121,590",17.15249609
447,2014,NEW YORK,19746227,rate,violent_crime,381.8,"122,057","54,555",361.9508203
448,2014,NORTH CAROLINA,9943964,rate,violent_crime,329.5,"125,920","53,819",184.7667924
449,2014,NORTH DAKOTA,739482,rate,violent_crime,265.1,"178,711","70,698",10.45973012
450,2014,OHIO,11594163,rate,violent_crime,284.9,"105,829","44,826",258.6481729
451,2014,OKLAHOMA,3878051,rate,violent_crime,406,"177,660","69,899",55.48077941
452,2014,OREGON,3970239,rate,violent_crime,232.3,"248,608","98,379",40.35657
453,2014,PENNSYLVANIA,12787209,rate,violent_crime,314.1,"115,883","46,054",277.6568593
454,2014,PUERTO RICO,3548397,rate,violent_crime,236.2,"8,868","5,325",666.3656338
455,2014,RHODE ISLAND,1055173,rate,violent_crime,219.2,"2,678","1,545",682.9598706
456,2014,SOUTH CAROLINA,4832482,rate,violent_crime,497.7,"77,857","32,020",150.920737
457,2014,SOUTH DAKOTA,853175,rate,violent_crime,326.5,"196,350","77,116",11.06352767
458,2014,TENNESSEE,6549352,rate,violent_crime,608.4,"106,798","42,144",155.4041382
459,2014,TEXAS,26956958,rate,violent_crime,405.9,"676,587","268,596",100.36247
460,2014,UTAH,2942902,rate,violent_crime,215.6,"212,818","84,897",34.66438154
461,2014,VERMONT,626562,rate,violent_crime,99.3,"23,871","9,616",65.15827787
462,2014,VIRGINIA,8326289,rate,violent_crime,196.2,"102,279","42,775",194.6531619
463,2014,WASHINGTON,7061530,rate,violent_crime,285.2,"172,119","71,298",99.04246963
464,2014,WEST VIRGINIA,1850326,rate,violent_crime,302,"62,259","24,230",76.36508461
465,2014,WISCONSIN,5757564,rate,violent_crime,290.3,"140,268","65,496",87.90710883
466,2014,WYOMING,584153,rate,violent_crime,195.5,"251,470","97,813",5.972140717
467,2014,ALABAMA,4849377,rate,property_crime,3177.6,"131,171","52,420",92.51005341
468,2014,ALASKA,736732,rate,property_crime,2760,"1,477,953","665,384",1.107228307
469,2014,ARIZONA,6731484,rate,property_crime,3197.5,"294,207","113,990",59.05328538
470,2014,ARKANSAS,2966369,rate,property_crime,3338,"134,771","53,179",55.78083454
471,2014,CALIFORNIA,38802500,rate,property_crime,2441.1,"403,466","163,695",237.041449
472,2014,COLORADO,5355866,rate,property_crime,2530.1,"268,431","104,094",51.45220666
473,2014,CONNECTICUT,3596677,rate,property_crime,1920.4,"12,542","5,543",648.8683024
474,2014,DELAWARE,935614,rate,property_crime,2982,"5,047","2,489",375.8995581
475,2014,DISTRICT OF COLUMBIA ,658893,rate,property_crime,5182.5,158,68,9689.602941
476,2014,FLORIDA,19893297,rate,property_crime,3415.5,"138,887","65,758",302.5228413
477,2014,GEORGIA,10097343,rate,property_crime,3281.2,"148,959","59,425",169.9174253
478,2014,HAWAII,1419561,rate,property_crime,3050,"16,635","10,932",129.8537322
479,2014,IDAHO,1634464,rate,property_crime,1854.8,"214,045","83,569",19.55825725
480,2014,ILLINOIS,12880580,rate,property_crime,2075.9,"143,793","57,914",222.408744
481,2014,INDIANA,6596855,rate,property_crime,2649.4,"92,789","36,420",181.1327567
482,2014,IOWA,3107126,rate,property_crime,2093.8,"144,669","56,273",55.21521867
483,2014,KANSAS,2904021,rate,property_crime,2735.2,"211,754","82,278",35.2952308
484,2014,KENTUCKY,4413457,rate,property_crime,2246.9,"102,269","40,408",109.222357
485,2014,LOUISIANA,4649676,rate,property_crime,3458.8,"111,898","52,378",88.77154531
486,2014,MAINE,1330089,rate,property_crime,1986.4,"79,883","35,380",37.59437535
487,2014,MARYLAND,5976407,rate,property_crime,2507.5,"25,142","12,406",481.7352088
488,2014,MASSACHUSETTS,6745408,rate,property_crime,1857.1,"20,202","10,554",639.1328406
489,2014,MICHIGAN,9909877,rate,property_crime,2043.9,"146,435","96,714",102.4657961
490,2014,MINNESOTA,5457173,rate,property_crime,2297.5,"206,232","86,936",62.77230376
491,2014,MISSISSIPPI,2994079,rate,property_crime,2921.2,"121,531","48,432",61.82026346
492,2014,MISSOURI,6063589,rate,property_crime,2906.5,"178,040","69,707",86.9868019
493,2014,MONTANA,1023579,rate,property_crime,2472.9,"376,962","147,040",6.961228237
494,2014,NEBRASKA,1881503,rate,property_crime,2523.5,"198,974","77,348",24.32516678
495,2014,NEVADA,2839099,rate,property_crime,2625.4,"284,332","110,572",25.67647325
496,2014,NEW HAMPSHIRE,1326813,rate,property_crime,1962.7,"23,187","9,349",141.9203123
497,2014,NEW JERSEY,8938175,rate,property_crime,1734.1,"19,047","8,723",1024.667546
498,2014,NEW MEXICO,2085572,rate,property_crime,3542.3,"314,161","121,590",17.15249609
499,2014,NEW YORK,19746227,rate,property_crime,1718.2,"122,057","54,555",361.9508203
500,2014,NORTH CAROLINA,9943964,rate,property_crime,2873.1,"125,920","53,819",184.7667924
501,2014,NORTH DAKOTA,739482,rate,property_crime,2110.3,"178,711","70,698",10.45973012
502,2014,OHIO,11594163,rate,property_crime,2799.1,"105,829","44,826",258.6481729
503,2014,OKLAHOMA,3878051,rate,property_crime,2990.7,"177,660","69,899",55.48077941
504,2014,OREGON,3970239,rate,property_crime,2879,"248,608","98,379",40.35657
505,2014,PENNSYLVANIA,12787209,rate,property_crime,1931.7,"115,883","46,054",277.6568593
506,2014,PUERTO RICO,3548397,rate,property_crime,1285.7,"8,868","5,325",666.3656338
507,2014,RHODE ISLAND,1055173,rate,property_crime,2173.6,"2,678","1,545",682.9598706
508,2014,SOUTH CAROLINA,4832482,rate,property_crime,3460.3,"77,857","32,020",150.920737
509,2014,SOUTH DAKOTA,853175,rate,property_crime,1863.9,"196,350","77,116",11.06352767
510,2014,TENNESSEE,6549352,rate,property_crime,3060.6,"106,798","42,144",155.4041382
511,2014,TEXAS,26956958,rate,property_crime,3019.4,"676,587","268,596",100.36247
512,2014,UTAH,2942902,rate,property_crime,2878.5,"212,818","84,897",34.66438154
513,2014,VERMONT,626562,rate,property_crime,1524.4,"23,871","9,616",65.15827787
514,2014,VIRGINIA,8326289,rate,property_crime,1930.3,"102,279","42,775",194.6531619
515,2014,WASHINGTON,7061530,rate,property_crime,3706.1,"172,119","71,298",99.04246963
516,2014,WEST VIRGINIA,1850326,rate,property_crime,2034.7,"62,259","24,230",76.36508461
517,2014,WISCONSIN,5757564,rate,property_crime,2088.3,"140,268","65,496",87.90710883
518,2014,WYOMING,584153,rate,property_crime,1964.7,"251,470","97,813",5.972140717
519,2015,ALABAMA,4858979,rate,violent_crime,472.4,"131,171","52,420",92.69322778
520,2015,ALASKA,738432,rate,violent_crime,730.2,"1,477,953","665,384",1.109783223
521,2015,ARIZONA,6828065,rate,violent_crime,410.2,"294,207","113,990",59.90056145
522,2015,ARKANSAS,2978204,rate,violent_crime,521.3,"134,771","53,179",56.00338479
523,2015,CALIFORNIA,39144818,rate,violent_crime,426.3,"403,466","163,695",239.132643
524,2015,COLORADO,5456574,rate,violent_crime,321,"268,431","104,094",52.41967837
525,2015,CONNECTICUT,3590886,rate,violent_crime,218.5,"12,542","5,543",647.8235612
526,2015,DELAWARE,945934,rate,violent_crime,499,"5,047","2,489",380.0458015
527,2015,DISTRICT OF COLUMBIA,672228,rate,violent_crime,1269.1,158,68,9885.705882
528,2015,FLORIDA,20271272,rate,violent_crime,461.9,"138,887","65,758",308.2708112
529,2015,GEORGIA,10214860,rate,violent_crime,378.3,"148,959","59,425",171.8949937
530,2015,HAWAII,1431603,rate,violent_crime,293.4,"16,635","10,932",130.9552689
531,2015,IDAHO,1654930,rate,violent_crime,215.6,"214,045","83,569",19.80315667
532,2015,ILLINOIS,12859995,rate,violent_crime,383.8,"143,793","57,914",222.0533032
533,2015,INDIANA,6619680,rate,violent_crime,387.5,"92,789","36,420",181.7594728
534,2015,IOWA,3123899,rate,violent_crime,286.1,"144,669","56,273",55.51328346
535,2015,KANSAS,2911641,rate,violent_crime,389.9,"211,754","82,278",35.38784365
536,2015,KENTUCKY,4425092,rate,violent_crime,218.7,"102,269","40,408",109.510295
537,2015,LOUISIANA,4670724,rate,violent_crime,539.7,"111,898","52,378",89.17339341
538,2015,MAINE,1329328,rate,violent_crime,130.1,"79,883","35,380",37.57286603
539,2015,MARYLAND,6006401,rate,violent_crime,457.2,"25,142","12,406",484.1529099
540,2015,MASSACHUSETTS,6794422,rate,violent_crime,390.9,"20,202","10,554",643.7769566
541,2015,MICHIGAN,9922576,rate,violent_crime,415.5,"146,435","96,714",102.5971007
542,2015,MINNESOTA,5489594,rate,violent_crime,242.6,"206,232","86,936",63.14523328
543,2015,MISSISSIPPI,2992333,rate,violent_crime,275.8,"121,531","48,432",61.78421292
544,2015,MISSOURI,6083672,rate,violent_crime,497.4,"178,040","69,707",87.27490783
545,2015,MONTANA,1032949,rate,violent_crime,349.6,"376,962","147,040",7.024952394
546,2015,NEBRASKA,1896190,rate,violent_crime,274.9,"198,974","77,348",24.51504887
547,2015,NEVADA,2890845,rate,violent_crime,695.9,"284,332","110,572",26.14445791
548,2015,NEW HAMPSHIRE,1330608,rate,violent_crime,199.3,"23,187","9,349",142.3262381
549,2015,NEW JERSEY,8958013,rate,violent_crime,255.4,"19,047","8,723",1026.941763
550,2015,NEW MEXICO,2085109,rate,violent_crime,656.1,"314,161","121,590",17.14868821
551,2015,NEW YORK,19795791,rate,violent_crime,379.7,"122,057","54,555",362.8593346
552,2015,NORTH CAROLINA,10042802,rate,violent_crime,347,"125,920","53,819",186.6032814
553,2015,NORTH DAKOTA,756927,rate,violent_crime,239.4,"178,711","70,698",10.70648392
554,2015,OHIO,11613423,rate,violent_crime,291.9,"105,829","44,826",259.0778343
555,2015,OKLAHOMA,3911338,rate,violent_crime,422,"177,660","69,899",55.95699509
556,2015,OREGON,4028977,rate,violent_crime,259.8,"248,608","98,379",40.95362831
557,2015,PENNSYLVANIA,12802503,rate,violent_crime,315.1,"115,883","46,054",277.9889478
558,2015,PUERTO RICO,3474182,rate,violent_crime,219.6,"8,868","5,325",652.4285446
559,2015,RHODE ISLAND,1056298,rate,violent_crime,242.5,"2,678","1,545",683.6880259
560,2015,SOUTH CAROLINA,4896146,rate,violent_crime,504.5,"77,857","32,020",152.9089944
561,2015,SOUTH DAKOTA,858469,rate,violent_crime,383.1,"196,350","77,116",11.1321775
562,2015,TENNESSEE,6600299,rate,violent_crime,612.1,"106,798","42,144",156.6130173
563,2015,TEXAS,27469114,rate,violent_crime,412.2,"676,587","268,596",102.2692594
564,2015,UTAH,2995919,rate,violent_crime,236,"212,818","84,897",35.28886769
565,2015,VERMONT,626042,rate,violent_crime,118,"23,871","9,616",65.10420133
566,2015,VIRGINIA,8382993,rate,violent_crime,195.6,"102,279","42,775",195.978796
567,2015,WASHINGTON,7170351,rate,violent_crime,284.4,"172,119","71,298",100.5687537
568,2015,WEST VIRGINIA,1844128,rate,violent_crime,337.9,"62,259","24,230",76.10928601
569,2015,WISCONSIN,5771337,rate,violent_crime,305.8,"140,268","65,496",88.11739648
570,2015,WYOMING,586107,rate,violent_crime,222.1,"251,470","97,813",5.992117612
571,2015,ALABAMA,4858979,rate,property_crime,2978.9,"131,171","52,420",92.69322778
572,2015,ALASKA,738432,rate,property_crime,2817.6,"1,477,953","665,384",1.109783223
573,2015,ARIZONA,6828065,rate,property_crime,3033.2,"294,207","113,990",59.90056145
574,2015,ARKANSAS,2978204,rate,property_crime,3251.5,"134,771","53,179",56.00338479
575,2015,CALIFORNIA,39144818,rate,property_crime,2618.3,"403,466","163,695",239.132643
576,2015,COLORADO,5456574,rate,property_crime,2641.5,"268,431","104,094",52.41967837
577,2015,CONNECTICUT,3590886,rate,property_crime,1812,"12,542","5,543",647.8235612
578,2015,DELAWARE,945934,rate,property_crime,2691,"5,047","2,489",380.0458015
579,2015,DISTRICT OF COLUMBIA,672228,rate,property_crime,4676.2,158,68,9885.705882
580,2015,FLORIDA,20271272,rate,property_crime,2813.2,"138,887","65,758",308.2708112
581,2015,GEORGIA,10214860,rate,property_crime,3022.3,"148,959","59,425",171.8949937
582,2015,HAWAII,1431603,rate,property_crime,3796.2,"16,635","10,932",130.9552689
583,2015,IDAHO,1654930,rate,property_crime,1743.8,"214,045","83,569",19.80315667
584,2015,ILLINOIS,12859995,rate,property_crime,1988.6,"143,793","57,914",222.0533032
585,2015,INDIANA,6619680,rate,property_crime,2596,"92,789","36,420",181.7594728
586,2015,IOWA,3123899,rate,property_crime,2047.3,"144,669","56,273",55.51328346
587,2015,KANSAS,2911641,rate,property_crime,2720.1,"211,754","82,278",35.38784365
588,2015,KENTUCKY,4425092,rate,property_crime,2177.6,"102,269","40,408",109.510295
589,2015,LOUISIANA,4670724,rate,property_crime,3353.4,"111,898","52,378",89.17339341
590,2015,MAINE,1329328,rate,property_crime,1830,"79,883","35,380",37.57286603
591,2015,MARYLAND,6006401,rate,property_crime,2315,"25,142","12,406",484.1529099
592,2015,MASSACHUSETTS,6794422,rate,property_crime,1690.7,"20,202","10,554",643.7769566
593,2015,MICHIGAN,9922576,rate,property_crime,1885.6,"146,435","96,714",102.5971007
594,2015,MINNESOTA,5489594,rate,property_crime,2222.1,"206,232","86,936",63.14523328
595,2015,MISSISSIPPI,2992333,rate,property_crime,2833.6,"121,531","48,432",61.78421292
596,2015,MISSOURI,6083672,rate,property_crime,2854.2,"178,040","69,707",87.27490783
597,2015,MONTANA,1032949,rate,property_crime,2623.6,"376,962","147,040",7.024952394
598,2015,NEBRASKA,1896190,rate,property_crime,2241.1,"198,974","77,348",24.51504887
599,2015,NEVADA,2890845,rate,property_crime,2668.3,"284,332","110,572",26.14445791
600,2015,NEW HAMPSHIRE,1330608,rate,property_crime,1745.7,"23,187","9,349",142.3262381
601,2015,NEW JERSEY,8958013,rate,property_crime,1626.5,"19,047","8,723",1026.941763
602,2015,NEW MEXICO,2085109,rate,property_crime,3697.4,"314,161","121,590",17.14868821
603,2015,NEW YORK,19795791,rate,property_crime,1604,"122,057","54,555",362.8593346
604,2015,NORTH CAROLINA,10042802,rate,property_crime,2750.1,"125,920","53,819",186.6032814
605,2015,NORTH DAKOTA,756927,rate,property_crime,2116.5,"178,711","70,698",10.70648392
606,2015,OHIO,11613423,rate,property_crime,2587.7,"105,829","44,826",259.0778343
607,2015,OKLAHOMA,3911338,rate,property_crime,2885.9,"177,660","69,899",55.95699509
608,2015,OREGON,4028977,rate,property_crime,2946.6,"248,608","98,379",40.95362831
609,2015,PENNSYLVANIA,12802503,rate,property_crime,1812.8,"115,883","46,054",277.9889478
610,2015,PUERTO RICO,3474182,rate,property_crime,1085.6,"8,868","5,325",652.4285446
611,2015,RHODE ISLAND,1056298,rate,property_crime,1897.5,"2,678","1,545",683.6880259
612,2015,SOUTH CAROLINA,4896146,rate,property_crime,3293.3,"77,857","32,020",152.9089944
613,2015,SOUTH DAKOTA,858469,rate,property_crime,1943,"196,350","77,116",11.1321775
614,2015,TENNESSEE,6600299,rate,property_crime,2936.2,"106,798","42,144",156.6130173
615,2015,TEXAS,27469114,rate,property_crime,2831.3,"676,587","268,596",102.2692594
616,2015,UTAH,2995919,rate,property_crime,2980,"212,818","84,897",35.28886769
617,2015,VERMONT,626042,rate,property_crime,1406.6,"23,871","9,616",65.10420133
618,2015,VIRGINIA,8382993,rate,property_crime,1866.5,"102,279","42,775",195.978796
619,2015,WASHINGTON,7170351,rate,property_crime,3463.8,"172,119","71,298",100.5687537
620,2015,WEST VIRGINIA,1844128,rate,property_crime,2020,"62,259","24,230",76.10928601
621,2015,WISCONSIN,5771337,rate,property_crime,1974,"140,268","65,496",88.11739648
622,2015,WYOMING,586107,rate,property_crime,1902.6,"251,470","97,813",5.992117612
623,2016,ALABAMA,4863300,rate,violent_crime,532.3,"131,171","52,420",92.77565815
624,2016,ALASKA,741894,rate,violent_crime,804.2,"1,477,953","665,384",1.114986234
625,2016,ARIZONA,6931071,rate,violent_crime,470.1,"294,207","113,990",60.80420212
626,2016,ARKANSAS,2988248,rate,violent_crime,550.9,"134,771","53,179",56.19225634
627,2016,CALIFORNIA,39250017,rate,violent_crime,445.3,"403,466","163,695",239.7752955
628,2016,COLORADO,5540545,rate,violent_crime,342.6,"268,431","104,094",53.22636271
629,2016,CONNECTICUT,3576452,rate,violent_crime,227.1,"12,542","5,543",645.2195562
630,2016,DELAWARE,952065,rate,violent_crime,508.8,"5,047","2,489",382.5090398
631,2016,DISTRICT OF COLUMBIA,681170,rate,violent_crime,1205.9,158,68,10017.20588
632,2016,FLORIDA,20612439,rate,violent_crime,430.3,"138,887","65,758",313.4590316
633,2016,GEORGIA,10310371,rate,violent_crime,397.6,"148,959","59,425",173.5022465
634,2016,HAWAII,1428557,rate,violent_crime,309.2,"16,635","10,932",130.6766374
635,2016,IDAHO,1683140,rate,violent_crime,230.3,"214,045","83,569",20.14072204
636,2016,ILLINOIS,12801539,rate,violent_crime,436.3,"143,793","57,914",221.0439445
637,2016,INDIANA,6633053,rate,violent_crime,404.7,"92,789","36,420",182.1266612
638,2016,IOWA,3134693,rate,violent_crime,290.6,"144,669","56,273",55.70509836
639,2016,KANSAS,2907289,rate,violent_crime,380.4,"211,754","82,278",35.3349498
640,2016,KENTUCKY,4436974,rate,violent_crime,232.3,"102,269","40,408",109.8043457
641,2016,LOUISIANA,4681666,rate,violent_crime,566.1,"111,898","52,378",89.38229791
642,2016,MAINE,1331479,rate,violent_crime,123.8,"79,883","35,380",37.63366309
643,2016,MARYLAND,6016447,rate,violent_crime,472,"25,142","12,406",484.9626793
644,2016,MASSACHUSETTS,6811779,rate,violent_crime,376.9,"20,202","10,554",645.4215463
645,2016,MICHIGAN,9928300,rate,violent_crime,459,"146,435","96,714",102.6562855
646,2016,MINNESOTA,5519952,rate,violent_crime,242.6,"206,232","86,936",63.49443269
647,2016,MISSISSIPPI,2988726,rate,violent_crime,280.5,"121,531","48,432",61.70973736
648,2016,MISSOURI,6093000,rate,violent_crime,519.4,"178,040","69,707",87.40872509
649,2016,MONTANA,1042520,rate,violent_crime,368.3,"376,962","147,040",7.090043526
650,2016,NEBRASKA,1907116,rate,violent_crime,291,"198,974","77,348",24.65630656
651,2016,NEVADA,2940058,rate,violent_crime,678.1,"284,332","110,572",26.58953442
652,2016,NEW HAMPSHIRE,1334795,rate,violent_crime,197.6,"23,187","9,349",142.7740935
653,2016,NEW JERSEY,8944469,rate,violent_crime,245,"19,047","8,723",1025.389086
654,2016,NEW MEXICO,2081015,rate,violent_crime,702.5,"314,161","121,590",17.11501768
655,2016,NEW YORK,19745289,rate,violent_crime,376.2,"122,057","54,555",361.9336266
656,2016,NORTH CAROLINA,10146788,rate,violent_crime,372.2,"125,920","53,819",188.5354243
657,2016,NORTH DAKOTA,757952,rate,violent_crime,251.1,"178,711","70,698",10.72098221
658,2016,OHIO,11614373,rate,violent_crime,300.3,"105,829","44,826",259.0990274
659,2016,OKLAHOMA,3923561,rate,violent_crime,449.8,"177,660","69,899",56.13186169
660,2016,OREGON,4093465,rate,violent_crime,264.6,"248,608","98,379",41.60913406
661,2016,PENNSYLVANIA,12784227,rate,violent_crime,316.4,"115,883","46,054",277.5921093
662,2016,PUERTO RICO,3411307,rate,violent_crime,224,"8,868","5,325",640.6210329
663,2016,RHODE ISLAND,1056426,rate,violent_crime,238.9,"2,678","1,545",683.7708738
664,2016,SOUTH CAROLINA,4961119,rate,violent_crime,501.8,"77,857","32,020",154.9381324
665,2016,SOUTH DAKOTA,865454,rate,violent_crime,418.4,"196,350","77,116",11.22275533
666,2016,TENNESSEE,6651194,rate,violent_crime,632.9,"106,798","42,144",157.8206625
667,2016,TEXAS,27862596,rate,violent_crime,434.4,"676,587","268,596",103.7342179
668,2016,UTAH,3051217,rate,violent_crime,242.8,"212,818","84,897",35.94022168
669,2016,VERMONT,624594,rate,violent_crime,158.3,"23,871","9,616",64.95361897
670,2016,VIRGINIA,8411808,rate,violent_crime,217.6,"102,279","42,775",196.6524372
671,2016,WASHINGTON,7288000,rate,violent_crime,302.2,"172,119","71,298",102.2188561
672,2016,WEST VIRGINIA,1831102,rate,violent_crime,358.1,"62,259","24,230",75.57168799
673,2016,WISCONSIN,5778708,rate,violent_crime,305.9,"140,268","65,496",88.22993771
674,2016,WYOMING,585501,rate,violent_crime,244.2,"251,470","97,813",5.985922117
675,2016,ALABAMA,4863300,rate,property_crime,2947.8,"131,171","52,420",92.77565815
676,2016,ALASKA,741894,rate,property_crime,3353,"1,477,953","665,384",1.114986234
677,2016,ARIZONA,6931071,rate,property_crime,2978.4,"294,207","113,990",60.80420212
678,2016,ARKANSAS,2988248,rate,property_crime,3268.6,"134,771","53,179",56.19225634
679,2016,CALIFORNIA,39250017,rate,property_crime,2553,"403,466","163,695",239.7752955
680,2016,COLORADO,5540545,rate,property_crime,2740.7,"268,431","104,094",53.22636271
681,2016,CONNECTICUT,3576452,rate,property_crime,1808,"12,542","5,543",645.2195562
682,2016,DELAWARE,952065,rate,property_crime,2766,"5,047","2,489",382.5090398
683,2016,DISTRICT OF COLUMBIA,681170,rate,property_crime,4802.9,158,68,10017.20588
684,2016,FLORIDA,20612439,rate,property_crime,2686.8,"138,887","65,758",313.4590316
685,2016,GEORGIA,10310371,rate,property_crime,3004.5,"148,959","59,425",173.5022465
686,2016,HAWAII,1428557,rate,property_crime,2992.7,"16,635","10,932",130.6766374
687,2016,IDAHO,1683140,rate,property_crime,1744.2,"214,045","83,569",20.14072204
688,2016,ILLINOIS,12801539,rate,property_crime,2049,"143,793","57,914",221.0439445
689,2016,INDIANA,6633053,rate,property_crime,2589.4,"92,789","36,420",182.1266612
690,2016,IOWA,3134693,rate,property_crime,2086,"144,669","56,273",55.70509836
691,2016,KANSAS,2907289,rate,property_crime,2695.5,"211,754","82,278",35.3349498
692,2016,KENTUCKY,4436974,rate,property_crime,2189.7,"102,269","40,408",109.8043457
693,2016,LOUISIANA,4681666,rate,property_crime,3297.7,"111,898","52,378",89.38229791
694,2016,MAINE,1331479,rate,property_crime,1645.7,"79,883","35,380",37.63366309
695,2016,MARYLAND,6016447,rate,property_crime,2284.5,"25,142","12,406",484.9626793
696,2016,MASSACHUSETTS,6811779,rate,property_crime,1561.1,"20,202","10,554",645.4215463
697,2016,MICHIGAN,9928300,rate,property_crime,1909.9,"146,435","96,714",102.6562855
698,2016,MINNESOTA,5519952,rate,property_crime,2133.3,"206,232","86,936",63.49443269
699,2016,MISSISSIPPI,2988726,rate,property_crime,2768.1,"121,531","48,432",61.70973736
700,2016,MISSOURI,6093000,rate,property_crime,2799.1,"178,040","69,707",87.40872509
701,2016,MONTANA,1042520,rate,property_crime,2683.5,"376,962","147,040",7.090043526
702,2016,NEBRASKA,1907116,rate,property_crime,2263.3,"198,974","77,348",24.65630656
703,2016,NEVADA,2940058,rate,property_crime,2586.6,"284,332","110,572",26.58953442
704,2016,NEW HAMPSHIRE,1334795,rate,property_crime,1512.9,"23,187","9,349",142.7740935
705,2016,NEW JERSEY,8944469,rate,property_crime,1544.6,"19,047","8,723",1025.389086
706,2016,NEW MEXICO,2081015,rate,property_crime,3937.1,"314,161","121,590",17.11501768
707,2016,NEW YORK,19745289,rate,property_crime,1545.6,"122,057","54,555",361.9336266
708,2016,NORTH CAROLINA,10146788,rate,property_crime,2737.5,"125,920","53,819",188.5354243
709,2016,NORTH DAKOTA,757952,rate,property_crime,2295.9,"178,711","70,698",10.72098221
710,2016,OHIO,11614373,rate,property_crime,2577.5,"105,829","44,826",259.0990274
711,2016,OKLAHOMA,3923561,rate,property_crime,2982.9,"177,660","69,899",56.13186169
712,2016,OREGON,4093465,rate,property_crime,2964.4,"248,608","98,379",41.60913406
713,2016,PENNSYLVANIA,12784227,rate,property_crime,1742.7,"115,883","46,054",277.5921093
714,2016,PUERTO RICO,3411307,rate,property_crime,1031.9,"8,868","5,325",640.6210329
715,2016,RHODE ISLAND,1056426,rate,property_crime,1898.7,"2,678","1,545",683.7708738
716,2016,SOUTH CAROLINA,4961119,rate,property_crime,3243.8,"77,857","32,020",154.9381324
717,2016,SOUTH DAKOTA,865454,rate,property_crime,1980.6,"196,350","77,116",11.22275533
718,2016,TENNESSEE,6651194,rate,property_crime,2854.1,"106,798","42,144",157.8206625
719,2016,TEXAS,27862596,rate,property_crime,2759.8,"676,587","268,596",103.7342179
720,2016,UTAH,3051217,rate,property_crime,2951.5,"212,818","84,897",35.94022168
721,2016,VERMONT,624594,rate,property_crime,1697.4,"23,871","9,616",64.95361897
722,2016,VIRGINIA,8411808,rate,property_crime,1859.4,"102,279","42,775",196.6524372
723,2016,WASHINGTON,7288000,rate,property_crime,3494.1,"172,119","71,298",102.2188561
724,2016,WEST VIRGINIA,1831102,rate,property_crime,2047.2,"62,259","24,230",75.57168799
725,2016,WISCONSIN,5778708,rate,property_crime,1933.3,"140,268","65,496",88.22993771
726,2016,WYOMING,585501,rate,property_crime,1957.3,"251,470","97,813",5.985922117
727,2017,ALABAMA,4874747,rate,violent_crime,524.2,"131,171","52,420",92.994029
728,2017,ALASKA,739795,rate,violent_crime,829,"1,477,953","665,384",1.111831664
729,2017,ARIZONA,7016270,rate,violent_crime,508,"294,207","113,990",61.55162734
730,2017,ARKANSAS,3004279,rate,violent_crime,554.9,"134,771","53,179",56.49370992
731,2017,CALIFORNIA,39536653,rate,violent_crime,449.3,"403,466","163,695",241.5263325
732,2017,COLORADO,5607154,rate,violent_crime,368.1,"268,431","104,094",53.8662555
733,2017,CONNECTICUT,3588184,rate,violent_crime,228,"12,542","5,543",647.3360996
734,2017,DELAWARE,961939,rate,violent_crime,453.4,"5,047","2,489",386.4760948
735,2017,DISTRICT OF COLUMBIA,693972,rate,violent_crime,1004.9,158,68,10205.47059
736,2017,FLORIDA,20984400,rate,violent_crime,408,"138,887","65,758",319.1155449
737,2017,GEORGIA,10429379,rate,violent_crime,357.2,"148,959","59,425",175.5049053
738,2017,HAWAII,1427538,rate,violent_crime,250.6,"16,635","10,932",130.5834248
739,2017,IDAHO,1716943,rate,violent_crime,226.4,"214,045","83,569",20.54521413
740,2017,ILLINOIS,12802023,rate,violent_crime,438.8,"143,793","57,914",221.0523017
741,2017,INDIANA,6666818,rate,violent_crime,399,"92,789","36,420",183.0537617
742,2017,IOWA,3145711,rate,violent_crime,293.4,"144,669","56,273",55.90089386
743,2017,KANSAS,2913123,rate,violent_crime,413,"211,754","82,278",35.40585576
744,2017,KENTUCKY,4454189,rate,violent_crime,225.8,"102,269","40,408",110.2303752
745,2017,LOUISIANA,4684333,rate,violent_crime,557,"111,898","52,378",89.43321624
746,2017,MAINE,1335907,rate,violent_crime,121,"79,883","35,380",37.75881854
747,2017,MARYLAND,6052177,rate,violent_crime,500.2,"25,142","12,406",487.8427374
748,2017,MASSACHUSETTS,6859819,rate,violent_crime,358,"20,202","10,554",649.973375
749,2017,MICHIGAN,9962311,rate,violent_crime,450,"146,435","96,714",103.0079513
750,2017,MINNESOTA,5576606,rate,violent_crime,238.3,"206,232","86,936",64.14610748
751,2017,MISSISSIPPI,2984100,rate,violent_crime,285.7,"121,531","48,432",61.614222
752,2017,MISSOURI,6113532,rate,violent_crime,530.3,"178,040","69,707",87.70327227
753,2017,MONTANA,1050493,rate,violent_crime,377.1,"376,962","147,040",7.144266866
754,2017,NEBRASKA,1920076,rate,violent_crime,305.9,"198,974","77,348",24.82386099
755,2017,NEVADA,2998039,rate,violent_crime,555.9,"284,332","110,572",27.11390768
756,2017,NEW HAMPSHIRE,1342795,rate,violent_crime,198.7,"23,187","9,349",143.6298
757,2017,NEW JERSEY,9005644,rate,violent_crime,228.8,"19,047","8,723",1032.402155
758,2017,NEW MEXICO,2088070,rate,violent_crime,783.5,"314,161","121,590",17.17304055
759,2017,NEW YORK,19849399,rate,violent_crime,356.7,"122,057","54,555",363.841976
760,2017,NORTH CAROLINA,10273419,rate,violent_crime,363.7,"125,920","53,819",190.8883294
761,2017,NORTH DAKOTA,755393,rate,violent_crime,281.3,"178,711","70,698",10.68478599
762,2017,OHIO,11658609,rate,violent_crime,297.5,"105,829","44,826",260.0858653
763,2017,OKLAHOMA,3930864,rate,violent_crime,456.2,"177,660","69,899",56.23634101
764,2017,OREGON,4142776,rate,violent_crime,281.8,"248,608","98,379",42.11036908
765,2017,PENNSYLVANIA,12805537,rate,violent_crime,313.3,"115,883","46,054",278.0548269
766,2017,PUERTO RICO,3337177,rate,violent_crime,232.6,"8,868","5,325",626.6999061
767,2017,RHODE ISLAND,1059639,rate,violent_crime,232.2,"2,678","1,545",685.8504854
768,2017,SOUTH CAROLINA,5024369,rate,violent_crime,506.2,"77,857","32,020",156.9134603
769,2017,SOUTH DAKOTA,869666,rate,violent_crime,433.6,"196,350","77,116",11.27737435
770,2017,TENNESSEE,6715984,rate,violent_crime,651.5,"106,798","42,144",159.3580106
771,2017,TEXAS,28304596,rate,violent_crime,438.9,"676,587","268,596",105.3798121
772,2017,UTAH,3101833,rate,violent_crime,238.9,"212,818","84,897",36.53642649
773,2017,VERMONT,623657,rate,violent_crime,165.8,"23,871","9,616",64.8561772
774,2017,VIRGINIA,8470020,rate,violent_crime,208.2,"102,279","42,775",198.0133255
775,2017,WASHINGTON,7405743,rate,violent_crime,304.5,"172,119","71,298",103.8702769
776,2017,WEST VIRGINIA,1815857,rate,violent_crime,350.7,"62,259","24,230",74.94250929
777,2017,WISCONSIN,5795483,rate,violent_crime,319.9,"140,268","65,496",88.48606022
778,2017,WYOMING,579315,rate,violent_crime,237.5,"251,470","97,813",5.92267899
779,2017,ALABAMA,4874747,rate,property_crime,2957.3,"131,171","52,420",92.994029
780,2017,ALASKA,739795,rate,property_crime,3542.1,"1,477,953","665,384",1.111831664
781,2017,ARIZONA,7016270,rate,property_crime,2914.9,"294,207","113,990",61.55162734
782,2017,ARKANSAS,3004279,rate,property_crime,3078.6,"134,771","53,179",56.49370992
783,2017,CALIFORNIA,39536653,rate,property_crime,2496.7,"403,466","163,695",241.5263325
784,2017,COLORADO,5607154,rate,property_crime,2701.6,"268,431","104,094",53.8662555
785,2017,CONNECTICUT,3588184,rate,property_crime,1769.9,"12,542","5,543",647.3360996
786,2017,DELAWARE,961939,rate,property_crime,2440.6,"5,047","2,489",386.4760948
787,2017,DISTRICT OF COLUMBIA,693972,rate,property_crime,4283.9,158,68,10205.47059
788,2017,FLORIDA,20984400,rate,property_crime,2512.4,"138,887","65,758",319.1155449
789,2017,GEORGIA,10429379,rate,property_crime,2860.2,"148,959","59,425",175.5049053
790,2017,HAWAII,1427538,rate,property_crime,2829.5,"16,635","10,932",130.5834248
791,2017,IDAHO,1716943,rate,property_crime,1635.4,"214,045","83,569",20.54521413
792,2017,ILLINOIS,12802023,rate,property_crime,2011.4,"143,793","57,914",221.0523017
793,2017,INDIANA,6666818,rate,property_crime,2416.9,"92,789","36,420",183.0537617
794,2017,IOWA,3145711,rate,property_crime,2125.3,"144,669","56,273",55.90089386
795,2017,KANSAS,2913123,rate,property_crime,2800.9,"211,754","82,278",35.40585576
796,2017,KENTUCKY,4454189,rate,property_crime,2129.1,"102,269","40,408",110.2303752
797,2017,LOUISIANA,4684333,rate,property_crime,3366.8,"111,898","52,378",89.43321624
798,2017,MAINE,1335907,rate,property_crime,1507.1,"79,883","35,380",37.75881854
799,2017,MARYLAND,6052177,rate,property_crime,2222.3,"25,142","12,406",487.8427374
800,2017,MASSACHUSETTS,6859819,rate,property_crime,1437,"20,202","10,554",649.973375
801,2017,MICHIGAN,9962311,rate,property_crime,1800,"146,435","96,714",103.0079513
802,2017,MINNESOTA,5576606,rate,property_crime,2191.5,"206,232","86,936",64.14610748
803,2017,MISSISSIPPI,2984100,rate,property_crime,2733.9,"121,531","48,432",61.614222
804,2017,MISSOURI,6113532,rate,property_crime,2833.9,"178,040","69,707",87.70327227
805,2017,MONTANA,1050493,rate,property_crime,2591.6,"376,962","147,040",7.144266866
806,2017,NEBRASKA,1920076,rate,property_crime,2274,"198,974","77,348",24.82386099
807,2017,NEVADA,2998039,rate,property_crime,2612.4,"284,332","110,572",27.11390768
808,2017,NEW HAMPSHIRE,1342795,rate,property_crime,1381.8,"23,187","9,349",143.6298
809,2017,NEW JERSEY,9005644,rate,property_crime,1555.5,"19,047","8,723",1032.402155
810,2017,NEW MEXICO,2088070,rate,property_crime,3941.7,"314,161","121,590",17.17304055
811,2017,NEW YORK,19849399,rate,property_crime,1514.2,"122,057","54,555",363.841976
812,2017,NORTH CAROLINA,10273419,rate,property_crime,2545.3,"125,920","53,819",190.8883294
813,2017,NORTH DAKOTA,755393,rate,property_crime,2197.8,"178,711","70,698",10.68478599
814,2017,OHIO,11658609,rate,property_crime,2419.1,"105,829","44,826",260.0858653
815,2017,OKLAHOMA,3930864,rate,property_crime,2876.4,"177,660","69,899",56.23634101
816,2017,OREGON,4142776,rate,property_crime,2986.5,"248,608","98,379",42.11036908
817,2017,PENNSYLVANIA,12805537,rate,property_crime,1649.4,"115,883","46,054",278.0548269
818,2017,PUERTO RICO,3337177,rate,property_crime,934.2,"8,868","5,325",626.6999061
819,2017,RHODE ISLAND,1059639,rate,property_crime,1751.6,"2,678","1,545",685.8504854
820,2017,SOUTH CAROLINA,5024369,rate,property_crime,3195.9,"77,857","32,020",156.9134603
821,2017,SOUTH DAKOTA,869666,rate,property_crime,1876.2,"196,350","77,116",11.27737435
822,2017,TENNESSEE,6715984,rate,property_crime,2940.6,"106,798","42,144",159.3580106
823,2017,TEXAS,28304596,rate,property_crime,2562.6,"676,587","268,596",105.3798121
824,2017,UTAH,3101833,rate,property_crime,2780.2,"212,818","84,897",36.53642649
825,2017,VERMONT,623657,rate,property_crime,1436.7,"23,871","9,616",64.8561772
826,2017,VIRGINIA,8470020,rate,property_crime,1792.9,"102,279","42,775",198.0133255
827,2017,WASHINGTON,7405743,rate,property_crime,3173.6,"172,119","71,298",103.8702769
828,2017,WEST VIRGINIA,1815857,rate,property_crime,1852,"62,259","24,230",74.94250929
829,2017,WISCONSIN,5795483,rate,property_crime,1808.3,"140,268","65,496",88.48606022
830,2017,WYOMING,579315,rate,property_crime,1830.4,"251,470","97,813",5.92267899
831,2018,ALABAMA,4887871,rate,violent_crime,519.6,"131,171","52,420",93.24439145
832,2018,ALASKA,737438,rate,violent_crime,885,"1,477,953","665,384",1.108289349
833,2018,ARIZONA,7171646,rate,violent_crime,474.9,"294,207","113,990",62.91469427
834,2018,ARKANSAS,3013825,rate,violent_crime,543.6,"134,771","53,179",56.67321687
835,2018,CALIFORNIA,39557045,rate,violent_crime,447.4,"403,466","163,695",241.6509056
836,2018,COLORADO,5695564,rate,violent_crime,397.2,"268,431","104,094",54.71558399
837,2018,CONNECTICUT,3572665,rate,violent_crime,207.4,"12,542","5,543",644.5363522
838,2018,DELAWARE,967171,rate,violent_crime,423.6,"5,047","2,489",388.5781438
839,2018,DISTRICT OF COLUMBIA,702455,rate,violent_crime,995.9,158,68,10330.22059
840,2018,FLORIDA,21299325,rate,violent_crime,384.9,"138,887","65,758",323.904696
841,2018,GEORGIA,10519475,rate,violent_crime,326.6,"148,959","59,425",177.0210349
842,2018,HAWAII,1420491,rate,violent_crime,248.6,"16,635","10,932",129.9388035
843,2018,IDAHO,1754208,rate,violent_crime,227.1,"214,045","83,569",20.99113308
844,2018,ILLINOIS,12741080,rate,violent_crime,404.1,"143,793","57,914",220
845,2018,INDIANA,6691878,rate,violent_crime,382.3,"92,789","36,420",183.7418451
846,2018,IOWA,3156145,rate,violent_crime,250.1,"144,669","56,273",56.08631137
847,2018,KANSAS,2911505,rate,violent_crime,439,"211,754","82,278",35.38619072
848,2018,KENTUCKY,4468402,rate,violent_crime,211.9,"102,269","40,408",110.5821125
849,2018,LOUISIANA,4659978,rate,violent_crime,537.5,"111,898","52,378",88.96823094
850,2018,MAINE,1338404,rate,violent_crime,112.1,"79,883","35,380",37.82939514
851,2018,MARYLAND,6042718,rate,violent_crime,468.7,"25,142","12,406",487.0802837
852,2018,MASSACHUSETTS,6902149,rate,violent_crime,338.1,"20,202","10,554",653.9841766
853,2018,MICHIGAN,9995915,rate,violent_crime,449.4,"146,435","96,714",103.3554087
854,2018,MINNESOTA,5611179,rate,violent_crime,220.4,"206,232","86,936",64.54379083
855,2018,MISSISSIPPI,2986530,rate,violent_crime,234.4,"121,531","48,432",61.66439544
856,2018,MISSOURI,6126452,rate,violent_crime,502.1,"178,040","69,707",87.88861951
857,2018,MONTANA,1062305,rate,violent_crime,374.1,"376,962","147,040",7.224598749
858,2018,NEBRASKA,1929268,rate,violent_crime,284.8,"198,974","77,348",24.94270052
859,2018,NEVADA,3034392,rate,violent_crime,541.1,"284,332","110,572",27.44267988
860,2018,NEW HAMPSHIRE,1356458,rate,violent_crime,173.2,"23,187","9,349",145.0912397
861,2018,NEW JERSEY,8908520,rate,violent_crime,208.1,"19,047","8,723",1021.267912
862,2018,NEW MEXICO,2095428,rate,violent_crime,856.6,"314,161","121,590",17.23355539
863,2018,NEW YORK,19542209,rate,violent_crime,350.5,"122,057","54,555",358.2111447
864,2018,NORTH CAROLINA,10383620,rate,violent_crime,377.6,"125,920","53,819",192.935952
865,2018,NORTH DAKOTA,760077,rate,violent_crime,280.6,"178,711","70,698",10.75103963
866,2018,OHIO,11689442,rate,violent_crime,279.9,"105,829","44,826",260.7737028
867,2018,OKLAHOMA,3943079,rate,violent_crime,466.1,"177,660","69,899",56.41109315
868,2018,OREGON,4190713,rate,violent_crime,285.5,"248,608","98,379",42.59763771
869,2018,PENNSYLVANIA,12807060,rate,violent_crime,306,"115,883","46,054",278.0878968
870,2018,PUERTO RICO,3195153,rate,violent_crime,200.8,"8,868","5,325",600.0287324
871,2018,RHODE ISLAND,1057315,rate,violent_crime,219.1,"2,678","1,545",684.3462783
872,2018,SOUTH CAROLINA,5084127,rate,violent_crime,488.3,"77,857","32,020",158.7797314
873,2018,SOUTH DAKOTA,882235,rate,violent_crime,404.7,"196,350","77,116",11.44036257
874,2018,TENNESSEE,6770010,rate,violent_crime,623.7,"106,798","42,144",160.6399487
875,2018,TEXAS,28701845,rate,violent_crime,410.9,"676,587","268,596",106.8587954
876,2018,UTAH,3161105,rate,violent_crime,233.1,"212,818","84,897",37.23459015
877,2018,VERMONT,626299,rate,violent_crime,172,"23,871","9,616",65.13092762
878,2018,VIRGINIA,8517685,rate,violent_crime,200,"102,279","42,775",199.1276447
879,2018,WASHINGTON,7535591,rate,violent_crime,311.5,"172,119","71,298",105.691478
880,2018,WEST VIRGINIA,1805832,rate,violent_crime,289.9,"62,259","24,230",74.52876599
881,2018,WISCONSIN,5813568,rate,violent_crime,295.4,"140,268","65,496",88.76218395
882,2018,WYOMING,577737,rate,violent_crime,212.2,"251,470","97,813",5.906546165
883,2018,ALABAMA,4887871,rate,property_crime,2817.2,"131,171","52,420",93.24439145
884,2018,ALASKA,737438,rate,property_crime,3300.5,"1,477,953","665,384",1.108289349
885,2018,ARIZONA,7171646,rate,property_crime,2676.8,"294,207","113,990",62.91469427
886,2018,ARKANSAS,3013825,rate,property_crime,2913,"134,771","53,179",56.67321687
887,2018,CALIFORNIA,39557045,rate,property_crime,2380.4,"403,466","163,695",241.6509056
888,2018,COLORADO,5695564,rate,property_crime,2671.6,"268,431","104,094",54.71558399
889,2018,CONNECTICUT,3572665,rate,property_crime,1681,"12,542","5,543",644.5363522
890,2018,DELAWARE,967171,rate,property_crime,2324.4,"5,047","2,489",388.5781438
891,2018,DISTRICT OF COLUMBIA,702455,rate,property_crime,4373.8,158,68,10330.22059
892,2018,FLORIDA,21299325,rate,property_crime,2281.8,"138,887","65,758",323.904696
893,2018,GEORGIA,10519475,rate,property_crime,2573.7,"148,959","59,425",177.0210349
894,2018,HAWAII,1420491,rate,property_crime,2870.3,"16,635","10,932",129.9388035
895,2018,IDAHO,1754208,rate,property_crime,1461.4,"214,045","83,569",20.99113308
896,2018,ILLINOIS,12741080,rate,property_crime,1932.8,"143,793","57,914",220
897,2018,INDIANA,6691878,rate,property_crime,2179.3,"92,789","36,420",183.7418451
898,2018,IOWA,3156145,rate,property_crime,1691.5,"144,669","56,273",56.08631137
899,2018,KANSAS,2911505,rate,property_crime,2633.9,"211,754","82,278",35.38619072
900,2018,KENTUCKY,4468402,rate,property_crime,1962.6,"102,269","40,408",110.5821125
901,2018,LOUISIANA,4659978,rate,property_crime,3276,"111,898","52,378",88.96823094
902,2018,MAINE,1338404,rate,property_crime,1357.8,"79,883","35,380",37.82939514
903,2018,MARYLAND,6042718,rate,property_crime,2033.3,"25,142","12,406",487.0802837
904,2018,MASSACHUSETTS,6902149,rate,property_crime,1263.3,"20,202","10,554",653.9841766
905,2018,MICHIGAN,9995915,rate,property_crime,1653.5,"146,435","96,714",103.3554087
906,2018,MINNESOTA,5611179,rate,property_crime,1993.8,"206,232","86,936",64.54379083
907,2018,MISSISSIPPI,2986530,rate,property_crime,2403,"121,531","48,432",61.66439544
908,2018,MISSOURI,6126452,rate,property_crime,2647.1,"178,040","69,707",87.88861951
909,2018,MONTANA,1062305,rate,property_crime,2496.3,"376,962","147,040",7.224598749
910,2018,NEBRASKA,1929268,rate,property_crime,2079.9,"198,974","77,348",24.94270052
911,2018,NEVADA,3034392,rate,property_crime,2438.2,"284,332","110,572",27.44267988
912,2018,NEW HAMPSHIRE,1356458,rate,property_crime,1248.5,"23,187","9,349",145.0912397
913,2018,NEW JERSEY,8908520,rate,property_crime,1404.9,"19,047","8,723",1021.267912
914,2018,NEW MEXICO,2095428,rate,property_crime,3419.7,"314,161","121,590",17.23355539
915,2018,NEW YORK,19542209,rate,property_crime,1440.5,"122,057","54,555",358.2111447
916,2018,NORTH CAROLINA,10383620,rate,property_crime,2494.1,"125,920","53,819",192.935952
917,2018,NORTH DAKOTA,760077,rate,property_crime,2040.2,"178,711","70,698",10.75103963
918,2018,OHIO,11689442,rate,property_crime,2177.1,"105,829","44,826",260.7737028
919,2018,OKLAHOMA,3943079,rate,property_crime,2875,"177,660","69,899",56.41109315
920,2018,OREGON,4190713,rate,property_crime,2894,"248,608","98,379",42.59763771
921,2018,PENNSYLVANIA,12807060,rate,property_crime,1489.9,"115,883","46,054",278.0878968
922,2018,PUERTO RICO,3195153,rate,property_crime,777.8,"8,868","5,325",600.0287324
923,2018,RHODE ISLAND,1057315,rate,property_crime,1660.9,"2,678","1,545",684.3462783
924,2018,SOUTH CAROLINA,5084127,rate,property_crime,3017.6,"77,857","32,020",158.7797314
925,2018,SOUTH DAKOTA,882235,rate,property_crime,1728.7,"196,350","77,116",11.44036257
926,2018,TENNESSEE,6770010,rate,property_crime,2825.4,"106,798","42,144",160.6399487
927,2018,TEXAS,28701845,rate,property_crime,2367.2,"676,587","268,596",106.8587954
928,2018,UTAH,3161105,rate,property_crime,2377.5,"212,818","84,897",37.23459015
929,2018,VERMONT,626299,rate,property_crime,1283.1,"23,871","9,616",65.13092762
930,2018,VIRGINIA,8517685,rate,property_crime,1665.8,"102,279","42,775",199.1276447
931,2018,WASHINGTON,7535591,rate,property_crime,2946.2,"172,119","71,298",105.691478
932,2018,WEST VIRGINIA,1805832,rate,property_crime,1485.6,"62,259","24,230",74.52876599
933,2018,WISCONSIN,5813568,rate,property_crime,1559.9,"140,268","65,496",88.76218395
934,2018,WYOMING,577737,rate,property_crime,1785.1,"251,470","97,813",5.906546165
935,2019,ALABAMA,4903185,rate,violent_crime,510.8,"131,171","52,420",93.53653186
936,2019,ALASKA,731545,rate,violent_crime,867.1,"1,477,953","665,384",1.099432809
937,2019,ARIZONA,7278717,rate,violent_crime,455.3,"294,207","113,990",63.85399596
938,2019,ARKANSAS,3017804,rate,violent_crime,584.6,"134,771","53,179",56.74803964
939,2019,CALIFORNIA,39512223,rate,violent_crime,441.2,"403,466","163,695",241.3770915
940,2019,COLORADO,5758736,rate,violent_crime,381,"268,431","104,094",55.32245855
941,2019,CONNECTICUT,3565287,rate,violent_crime,183.6,"12,542","5,543",643.205304
942,2019,DELAWARE,973764,rate,violent_crime,422.6,"5,047","2,489",391.2269988
943,2019,DISTRICT OF COLUMBIA,705749,rate,violent_crime,1049,158,68,10378.66176
944,2019,FLORIDA,21477737,rate,violent_crime,378.4,"138,887","65,758",326.6178564
945,2019,GEORGIA,10617423,rate,violent_crime,340.7,"148,959","59,425",178.6692974
946,2019,HAWAII,1415872,rate,violent_crime,285.5,"16,635","10,932",129.5162825
947,2019,IDAHO,1787065,rate,violent_crime,223.8,"214,045","83,569",21.38430518
948,2019,ILLINOIS,12671821,rate,violent_crime,406.9,"143,793","57,914",218.8041061
949,2019,INDIANA,6732219,rate,violent_crime,370.8,"92,789","36,420",184.8495058
950,2019,IOWA,3155070,rate,violent_crime,266.6,"144,669","56,273",56.06720807
951,2019,KANSAS,2913314,rate,violent_crime,410.8,"211,754","82,278",35.40817716
952,2019,KENTUCKY,4467673,rate,violent_crime,217.1,"102,269","40,408",110.5640715
953,2019,LOUISIANA,4648794,rate,violent_crime,549.3,"111,898","52,378",88.75470617
954,2019,MAINE,1344212,rate,violent_crime,115.2,"79,883","35,380",37.99355568
955,2019,MARYLAND,6045680,rate,violent_crime,454.1,"25,142","12,406",487.3190392
956,2019,MASSACHUSETTS,6892503,rate,violent_crime,327.6,"20,202","10,554",653.0702103
957,2019,MICHIGAN,9986857,rate,violent_crime,437.4,"146,435","96,714",103.2617511
958,2019,MINNESOTA,5639632,rate,violent_crime,236.4,"206,232","86,936",64.87107757
959,2019,MISSISSIPPI,2976149,rate,violent_crime,277.9,"121,531","48,432",61.45005368
960,2019,MISSOURI,6137428,rate,violent_crime,495,"178,040","69,707",88.04607859
961,2019,MONTANA,1068778,rate,violent_crime,404.9,"376,962","147,040",7.268620783
962,2019,NEBRASKA,1934408,rate,violent_crime,300.9,"198,974","77,348",25.00915344
963,2019,NEVADA,3080156,rate,violent_crime,493.8,"284,332","110,572",27.85656405
964,2019,NEW HAMPSHIRE,1359711,rate,violent_crime,152.5,"23,187","9,349",145.4391914
965,2019,NEW JERSEY,8882190,rate,violent_crime,206.9,"19,047","8,723",1018.249455
966,2019,NEW MEXICO,2096829,rate,violent_crime,832.2,"314,161","121,590",17.24507772
967,2019,NEW YORK,19453561,rate,violent_crime,358.6,"122,057","54,555",356.5862157
968,2019,NORTH CAROLINA,10488084,rate,violent_crime,371.8,"125,920","53,819",194.8769765
969,2019,NORTH DAKOTA,762062,rate,violent_crime,284.6,"178,711","70,698",10.77911681
970,2019,OHIO,11689100,rate,violent_crime,293.2,"105,829","44,826",260.7660733
971,2019,OKLAHOMA,3956971,rate,violent_crime,431.8,"177,660","69,899",56.60983705
972,2019,OREGON,4217737,rate,violent_crime,284.4,"248,608","98,379",42.87233048
973,2019,PENNSYLVANIA,12801989,rate,violent_crime,306.4,"115,883","46,054",277.9777869
974,2019,PUERTO RICO,3193694,rate,violent_crime,202.9,"8,868","5,325",599.7547418
975,2019,RHODE ISLAND,1059361,rate,violent_crime,221.1,"2,678","1,545",685.6705502
976,2019,SOUTH CAROLINA,5148714,rate,violent_crime,511.3,"77,857","32,020",160.7968145
977,2019,SOUTH DAKOTA,884659,rate,violent_crime,399,"196,350","77,116",11.47179574
978,2019,TENNESSEE,6829174,rate,violent_crime,595.2,"106,798","42,144",162.0438022
979,2019,TEXAS,28995881,rate,violent_crime,418.9,"676,587","268,596",107.9535101
980,2019,UTAH,3205958,rate,violent_crime,235.6,"212,818","84,897",37.76291271
981,2019,VERMONT,623989,rate,violent_crime,202.2,"23,871","9,616",64.890703
982,2019,VIRGINIA,8535519,rate,violent_crime,208,"102,279","42,775",199.5445704
983,2019,WASHINGTON,7614893,rate,violent_crime,293.9,"172,119","71,298",106.8037392
984,2019,WEST VIRGINIA,1792147,rate,violent_crime,316.6,"62,259","24,230",73.96397028
985,2019,WISCONSIN,5822434,rate,violent_crime,293.2,"140,268","65,496",88.897551
986,2019,WYOMING,578759,rate,violent_crime,217.4,"251,470","97,813",5.916994674
987,2019,ALABAMA,4903185,rate,property_crime,2674.4,"131,171","52,420",93.53653186
988,2019,ALASKA,731545,rate,property_crime,2910.8,"1,477,953","665,384",1.099432809
989,2019,ARIZONA,7278717,rate,property_crime,2440.5,"294,207","113,990",63.85399596
990,2019,ARKANSAS,3017804,rate,property_crime,2858,"134,771","53,179",56.74803964
991,2019,CALIFORNIA,39512223,rate,property_crime,2331.2,"403,466","163,695",241.3770915
992,2019,COLORADO,5758736,rate,property_crime,2590.7,"268,431","104,094",55.32245855
993,2019,CONNECTICUT,3565287,rate,property_crime,1426.6,"12,542","5,543",643.205304
994,2019,DELAWARE,973764,rate,property_crime,2252.2,"5,047","2,489",391.2269988
995,2019,DISTRICT OF COLUMBIA,705749,rate,property_crime,4367.1,158,68,10378.66176
996,2019,FLORIDA,21477737,rate,property_crime,2145.7,"138,887","65,758",326.6178564
997,2019,GEORGIA,10617423,rate,property_crime,2375.8,"148,959","59,425",178.6692974
998,2019,HAWAII,1415872,rate,property_crime,2841.2,"16,635","10,932",129.5162825
999,2019,IDAHO,1787065,rate,property_crime,1219.5,"214,045","83,569",21.38430518
1000,2019,ILLINOIS,12671821,rate,property_crime,1846.5,"143,793","57,914",218.8041061
1001,2019,INDIANA,6732219,rate,property_crime,1971,"92,789","36,420",184.8495058
1002,2019,IOWA,3155070,rate,property_crime,1733.7,"144,669","56,273",56.06720807
1003,2019,KANSAS,2913314,rate,property_crime,2314.5,"211,754","82,278",35.40817716
1004,2019,KENTUCKY,4467673,rate,property_crime,1897.4,"102,269","40,408",110.5640715
1005,2019,LOUISIANA,4648794,rate,property_crime,3162,"111,898","52,378",88.75470617
1006,2019,MAINE,1344212,rate,property_crime,1245.6,"79,883","35,380",37.99355568
1007,2019,MARYLAND,6045680,rate,property_crime,1950.2,"25,142","12,406",487.3190392
1008,2019,MASSACHUSETTS,6892503,rate,property_crime,1179.8,"20,202","10,554",653.0702103
1009,2019,MICHIGAN,9986857,rate,property_crime,1585,"146,435","96,714",103.2617511
1010,2019,MINNESOTA,5639632,rate,property_crime,2078.8,"206,232","86,936",64.87107757
1011,2019,MISSISSIPPI,2976149,rate,property_crime,2375.8,"121,531","48,432",61.45005368
1012,2019,MISSOURI,6137428,rate,property_crime,2638.7,"178,040","69,707",88.04607859
1013,2019,MONTANA,1068778,rate,property_crime,2193.2,"376,962","147,040",7.268620783
1014,2019,NEBRASKA,1934408,rate,property_crime,2039.3,"198,974","77,348",25.00915344
1015,2019,NEVADA,3080156,rate,property_crime,2322.1,"284,332","110,572",27.85656405
1016,2019,NEW HAMPSHIRE,1359711,rate,property_crime,1209.2,"23,187","9,349",145.4391914
1017,2019,NEW JERSEY,8882190,rate,property_crime,1335.7,"19,047","8,723",1018.249455
1018,2019,NEW MEXICO,2096829,rate,property_crime,3112.7,"314,161","121,590",17.24507772
1019,2019,NEW YORK,19453561,rate,property_crime,1373.3,"122,057","54,555",356.5862157
1020,2019,NORTH CAROLINA,10488084,rate,property_crime,2357.3,"125,920","53,819",194.8769765
1021,2019,NORTH DAKOTA,762062,rate,property_crime,1977,"178,711","70,698",10.77911681
1022,2019,OHIO,11689100,rate,property_crime,2055.7,"105,829","44,826",260.7660733
1023,2019,OKLAHOMA,3956971,rate,property_crime,2845.3,"177,660","69,899",56.60983705
1024,2019,OREGON,4217737,rate,property_crime,2730.6,"248,608","98,379",42.87233048
1025,2019,PENNSYLVANIA,12801989,rate,property_crime,1403.4,"115,883","46,054",277.9777869
1026,2019,PUERTO RICO,3193694,rate,property_crime,702.7,"8,868","5,325",599.7547418
1027,2019,RHODE ISLAND,1059361,rate,property_crime,1534.8,"2,678","1,545",685.6705502
1028,2019,SOUTH CAROLINA,5148714,rate,property_crime,2940.3,"77,857","32,020",160.7968145
1029,2019,SOUTH DAKOTA,884659,rate,property_crime,1771,"196,350","77,116",11.47179574
1030,2019,TENNESSEE,6829174,rate,property_crime,2652.6,"106,798","42,144",162.0438022
1031,2019,TEXAS,28995881,rate,property_crime,2390.7,"676,587","268,596",107.9535101
1032,2019,UTAH,3205958,rate,property_crime,2169.3,"212,818","84,897",37.76291271
1033,2019,VERMONT,623989,rate,property_crime,1424.4,"23,871","9,616",64.890703
1034,2019,VIRGINIA,8535519,rate,property_crime,1642.7,"102,279","42,775",199.5445704
1035,2019,WASHINGTON,7614893,rate,property_crime,2681.9,"172,119","71,298",106.8037392
1036,2019,WEST VIRGINIA,1792147,rate,property_crime,1583.4,"62,259","24,230",73.96397028
1037,2019,WISCONSIN,5822434,rate,property_crime,1471.4,"140,268","65,496",88.897551
1038,2019,WYOMING,578759,rate,property_crime,1571.1,"251,470","97,813",5.916994674