"","year","state","property_crime","violent_crime","density"
"1",1995,"alabama",4215.7,632.4,83.8029556650246
"2",1995,"alaska",4982.9,770.9,1.05895430016095
"3",1995,"arizona",7500.1,713.5,37.1165590186727
"4",1995,"arkansas",4137.7,553.2,47.7004320691311
"5",1995,"california",4865.1,966,202.528642777917
"6",1995,"colorado",4956.1,440.2,36.1229742887717
"7",1995,"connecticut",4097.3,405.9,675.954592363261
"8",1995,"delaware",4433.8,725,366.751918158568
"9",1995,"district of columbia",9512.1,2661.4,9081.96721311475
"10",1995,"florida",6630.6,1071,262.347908217123
"11",1995,"georgia",5346.5,657.1,124.328804019406
"12",1995,"hawaii",6902.9,295.6,184.804608438424
"13",1995,"idaho",4079.4,322,14.0542108252468
"14",1995,"illinois",4459.6,996.1,212.796575108377
"15",1995,"indiana",4106.8,524.7,161.778645107332
"16",1995,"iowa",3747.5,354.4,50.8635346756152
"17",1995,"kansas",4466.2,420.7,31.3481539420456
"18",1995,"kentucky",2987,364.7,97.1509111043995
"19",1995,"louisiana",5668.6,1007.4,99.6648762796676
"20",1995,"maine",3153.3,131.4,40.2073546087802
"21",1995,"maryland",5307.9,986.9,515.805626598465
"22",1995,"massachusetts",3654.4,687.2,774.942587394744
"23",1995,"michigan",4495,687.8,168.089563273425
"24",1995,"minnesota",4141.2,356.1,57.9022068151274
"25",1995,"mississippi",4011.7,502.8,57.4881698426909
"26",1995,"missouri",4456.8,663.8,77.2736509042352
"27",1995,"montana",5134.4,170.6,5.97708098601226
"28",1995,"nebraska",4162.5,382,21.2934779780952
"29",1995,"nevada",5634.2,945.2,13.9336648270586
"30",1995,"new hampshire",NA,114.5,127.996432155201
"31",1995,"new jersey",4103.9,599.8,1070.89904299771
"32",1995,"new mexico",5608.8,819.2,13.883853531525
"33",1995,"new york",3718.3,841.9,384.042012535999
"34",1995,"north carolina",4993.1,646.4,147.686686645593
"35",1995,"north dakota",2779.6,86.7,9.29066295619909
"36",1995,"ohio",3922.7,482.5,272.287744487583
"37",1995,"oklahoma",4932.7,664.1,47.7292913408757
"38",1995,"oregon",6041.5,522.4,32.7180683735755
"39",1995,"pennsylvania",2937.6,427.3,269.344042838019
"41",1995,"rhode island",3876.6,368,947.368421052632
"42",1995,"south carolina",5081.8,981.9,121.981999933579
"43",1995,"south dakota",2853.1,207.5,9.60524928850005
"44",1995,"tennessee",4591.2,771.5,127.514010529125
"45",1995,"texas",5020.5,663.9,71.4891147475889
"46",1995,"utah",5762,328.8,23.7440366079252
"47",1995,"vermont",3315.4,118.3,63.2500810898475
"48",1995,"virginia",3627.7,361.5,167.129653012778
"49",1995,"washington",5785.5,484.3,81.5698172151214
"50",1995,"west virginia",2248,210.2,75.8915597625275
"51",1995,"wisconsin",3604.6,281.1,94.3219059542659
"52",1995,"wyoming",4066,254.2,4.94310282683693
"53",1996,"alabama",4254.7,565.4,84.1970443349754
"54",1996,"alaska",4722.7,727.7,1.06421400694983
"55",1996,"arizona",6435.5,631.5,38.9644673624188
"56",1996,"arkansas",4174.9,524.3,48.1997119539126
"57",1996,"california",4345.1,862.7,204.38152757208
"58",1996,"colorado",4714,404.5,36.8556527104281
"59",1996,"connecticut",3815.6,412,675.748194014448
"60",1996,"delaware",4226.6,668.3,370.843989769821
"61",1996,"district of columbia",9426.9,2469.8,8901.6393442623
"62",1996,"florida",6446.3,1051,266.681482304572
"63",1996,"georgia",5671,638.7,126.953158721663
"64",1996,"hawaii",6304,280.6,184.337536976491
"65",1996,"idaho",3745.3,267.2,14.3684064240916
"66",1996,"illinois",4429.6,886.2,213.102369003292
"67",1996,"indiana",3961.2,537,162.838026205743
"68",1996,"iowa",3376.4,272.5,51.0425055928412
"69",1996,"kansas",4268,413.8,31.4337044596263
"70",1996,"kentucky",2845.8,320.5,97.7549582200745
"71",1996,"louisiana",5909.7,929.1,99.871459394941
"72",1996,"maine",3269.2,124.9,40.272152924024
"73",1996,"maryland",5130.7,931.2,518.874680306905
"74",1996,"massachusetts",3194.9,642.2,777.239091605001
"75",1996,"michigan",4482.2,635.3,168.881691281311
"76",1996,"minnesota",4124.3,338.8,58.505093133376
"77",1996,"mississippi",4034.6,488.3,57.8931662190391
"78",1996,"missouri",4493,590.9,77.7816482336207
"79",1996,"montana",4332.7,161,6.03891285828135
"80",1996,"nebraska",4001.8,434.7,21.4885923150966
"81",1996,"nevada",5180.7,811.3,14.5984736717484
"82",1996,"new hampshire",2705.3,118.2,129.557364254655
"83",1996,"new jersey",3801.4,531.5,1076.69497236824
"84",1996,"new mexico",5761.7,840.6,14.1145644507432
"85",1996,"new york",3405.3,727,385.079620531933
"86",1996,"north carolina",4938.1,588.1,150.314052300998
"87",1996,"north dakota",2585.1,84,9.33414499811578
"88",1996,"ohio",4027,428.7,272.824945669426
"89",1996,"oklahoma",5055.8,597.1,48.0641826468062
"90",1996,"oregon",5533.6,463.1,33.3743047019854
"91",1996,"pennsylvania",2960.1,432.5,268.987059348505
"93",1996,"rhode island",3646.4,347.2,947.368421052632
"94",1996,"south carolina",5217.2,996.9,122.845471754508
"95",1996,"south dakota",2792.8,177.2,9.64477706334985
"96",1996,"tennessee",4675.4,774,129.0666925447
"97",1996,"texas",5064.5,644.4,73.0316057942683
"98",1996,"utah",5654,331.9,24.3403758154026
"99",1996,"vermont",2881.7,121.2,63.6825602767867
"100",1996,"virginia",3627,341.3,168.569119652508
"101",1996,"washington",5478.2,431.2,83.1017857947462
"102",1996,"west virginia",2273.3,210.1,75.8085274214307
"103",1996,"wisconsin",3568.7,252.7,95.0031299480797
"104",1996,"wyoming",4004.4,249.7,4.95340095772617
"105",1997,"alabama",4325.3,564.5,85.1034482758621
"106",1997,"alaska",4571.4,701.1,1.06772047814241
"107",1997,"arizona",6571.3,623.7,40.0820119322082
"108",1997,"arkansas",4191.8,526.9,48.4493518963034
"109",1997,"california",4067.1,798.3,206.881960339289
"110",1997,"colorado",4287.2,363.2,37.5304880987959
"111",1997,"connecticut",3593.4,390.9,674.922600619195
"112",1997,"delaware",4460.4,677.9,374.424552429668
"113",1997,"district of columbia",7814.9,2024.2,8672.13114754098
"114",1997,"florida",6248.2,1023.6,271.385447339667
"115",1997,"georgia",5185.1,606.6,129.249469086138
"116",1997,"hawaii",5745,277.9,184.804608438424
"117",1997,"idaho",3668.4,256.8,14.6221797923892
"118",1997,"illinois",4279.7,861.4,213.983774935693
"119",1997,"indiana",3951.6,514.6,163.479230554781
"120",1997,"iowa",3505.8,310,51.0425055928412
"121",1997,"kansas",4154.3,409.2,31.7147990173912
"122",1997,"kentucky",2810.1,316.9,98.3590053357495
"123",1997,"louisiana",5593.4,855.9,99.8944130744158
"124",1997,"maine",3011,120.8,40.2397537664021
"125",1997,"maryland",4806.5,846.6,521.125319693095
"126",1997,"massachusetts",3031,644.2,780.556264353151
"127",1997,"michigan",4326.9,590,172.050203312855
"128",1997,"minnesota",4076.1,337.8,58.8567768190211
"129",1997,"mississippi",4161.3,469,58.2129002003666
"130",1997,"missouri",4237.1,577.4,78.4057592382943
"131",1997,"montana",4276.7,132.1,6.03891285828135
"132",1997,"nebraska",3845.3,438.4,21.5536304274305
"133",1997,"nevada",5265.8,798.7,15.2723894869133
"134",1997,"new hampshire",2526.4,113.2,130.783810904226
"135",1997,"new jersey",3564.4,492.6,1085.45626095161
"136",1997,"new mexico",6053.2,853.3,14.2546389374114
"137",1997,"new york",3222.4,688.6,384.063188209385
"138",1997,"north carolina",4884.5,607,152.407734307648
"139",1997,"north dakota",2624.2,87.2,9.29066295619909
"140",1997,"ohio",4079.2,435.4,273.142382731424
"141",1997,"oklahoma",4935.1,559.5,48.2971505118013
"142",1997,"oregon",5825.3,444.4,33.78054623862
"143",1997,"pennsylvania",2989.4,442.1,268.1838464971
"145",1997,"rhode island",3320.9,333.5,944.497607655502
"146",1997,"south carolina",5143.7,990.3,124.871309488227
"147",1997,"south dakota",3047.6,197.4,9.72383261304944
"148",1997,"tennessee",4722.1,789.7,130.231204056382
"149",1997,"texas",4878,602.5,74.2190184564399
"150",1997,"utah",5661.4,334,25.058416901957
"151",1997,"vermont",2708.5,119.7,63.6825602767867
"152",1997,"virginia",3530.9,345.2,170.059093893631
"153",1997,"washington",5485.6,440.7,84.258271879365
"154",1997,"west virginia",2250.4,218.7,75.3933657159464
"155",1997,"wisconsin",3407.1,270.6,95.1872445410023
"156",1997,"wyoming",3925.6,255.2,4.94310282683693
"157",1998,"alabama",4085,512.1,85.7536945812808
"158",1998,"alaska",4123.1,653.9,1.07648665612388
"159",1998,"arizona",5997,577.9,41.0851621759561
"160",1998,"arkansas",3793.2,490.2,48.7373979836774
"161",1998,"california",3639.1,703.7,209.440095401127
"162",1998,"colorado",4109.5,377.9,38.2824475315486
"163",1998,"connecticut",3420.2,366.3,675.748194014448
"164",1998,"delaware",4600.8,762.4,380.562659846547
"165",1998,"district of columbia",7117,1718.5,8573.77049180328
"166",1998,"florida",5947.4,938.7,276.23756875382
"167",1998,"georgia",4890.3,572.7,131.942885754243
"168",1998,"hawaii",5086.1,246.9,185.738751362292
"169",1998,"idaho",3432.5,282.2,14.8517842684681
"170",1998,"illinois",4065,807.7,216.663968485241
"171",1998,"indiana",3738.4,431,164.454976303318
"172",1998,"iowa",3189.1,311.5,51.2214765100671
"173",1998,"kansas",4461.7,397,32.1303301027828
"174",1998,"kentucky",2605.3,284,99.0637269707037
"175",1998,"louisiana",5318.8,779.5,100.284625625488
"176",1998,"maine",2914.9,125.8,40.3045520816459
"177",1998,"maryland",4569.1,796.6,525.319693094629
"178",1998,"massachusetts",2814.6,621.3,784.256187803011
"179",1998,"michigan",4062.1,620.8,172.807125631502
"180",1998,"minnesota",3736.3,310.2,59.3466219525981
"181",1998,"mississippi",3973.3,410.7,58.6605277742252
"182",1998,"missouri",4270.7,555.7,78.9427849865018
"183",1998,"montana",3931.9,138.8,6.04578306631125
"184",1998,"nebraska",3953.8,451.4,21.6316761622311
"185",1998,"nevada",4636.9,643.6,15.9098774201774
"186",1998,"new hampshire",2312.7,107.2,132.121752703757
"187",1998,"new jersey",3213.9,440.1,1093.81318236959
"188",1998,"new mexico",5757.7,961.4,14.312316667216
"189",1998,"new york",2950.7,637.8,384.867863798069
"190",1998,"north carolina",4742.8,579.4,154.891415903773
"191",1998,"north dakota",2591.7,89.3,9.2471809142824
"192",1998,"ohio",3965,362.5,273.704002148805
"193",1998,"oklahoma",4464.5,539.4,48.7339652586671
"194",1998,"oregon",5226.8,419.8,34.1867877752547
"195",1998,"pennsylvania",2852.4,420.5,267.759928603302
"197",1998,"rhode island",3205.7,312.1,945.454545454545
"198",1998,"south carolina",4873.8,903.2,127.395304041712
"199",1998,"south dakota",2469.8,154.3,9.72383261304944
"200",1998,"tennessee",4319.4,715,131.759625415464
"201",1998,"texas",4547,564.6,75.4446115900639
"202",1998,"utah",5191.7,314.2,25.5573946061727
"203",1998,"vermont",3032.8,106.3,63.8987998702562
"204",1998,"virginia",3334.7,325.7,171.49856053336
"205",1998,"washington",5438.9,428.5,85.4447965635842
"206",1998,"west virginia",2298.6,248.6,75.1857848632042
"207",1998,"wisconsin",3294.1,249,96.1814633427846
"208",1998,"wyoming",3560.1,247.6,4.95340095772617
"209",1999,"alabama",3922.2,490.2,86.1083743842365
"210",1999,"alaska",3731.7,631.5,1.08525283410534
"211",1999,"arizona",5345.4,551.2,42.0443146019957
"212",1999,"arkansas",3617.5,425.2,48.9870379260682
"213",1999,"california",3177.8,627.2,212.504728382476
"214",1999,"colorado",3722.9,340.5,39.101890503138
"215",1999,"connecticut",3043.7,345.6,677.399380804954
"216",1999,"delaware",4101.1,734,385.677749360614
"217",1999,"district of columbia",6439.3,1627.7,8508.19672131147
"218",1999,"florida",5351.6,854,279.848880493361
"219",1999,"georgia",4614.6,534,134.463647507726
"220",1999,"hawaii",4602.4,235,184.493227463802
"221",1999,"idaho",2904.4,244.9,15.1297265289845
"222",1999,"illinois",3774.1,732.5,218.156962207472
"223",1999,"indiana",3391.3,374.6,165.681628101478
"224",1999,"iowa",2944,280,51.3467561521253
"225",1999,"kansas",4055.9,382.8,32.4358676655708
"226",1999,"kentucky",2577.5,300.6,99.6929427161985
"227",1999,"louisiana",5014.2,732.7,100.353486663912
"228",1999,"maine",2762.8,112.2,40.596144500243
"229",1999,"maryland",4175.8,743.4,529.104859335038
"230",1999,"massachusetts",2711.5,551,787.828527685634
"231",1999,"michigan",3749.9,574.9,173.634459328628
"232",1999,"minnesota",3323.2,274,59.9871886657372
"233",1999,"mississippi",3920.5,349.3,59.022892953063
"234",1999,"missouri",4078.5,500.2,79.3636970594212
"235",1999,"montana",3863.4,206.5,6.06639369040095
"236",1999,"nebraska",3678.1,430.2,21.6706990296314
"237",1999,"nevada",4083.7,570,16.4745095896399
"238",1999,"new hampshire",2185.4,96.5,133.905675103133
"239",1999,"new jersey",2988.2,411.9,1097.5872759132
"240",1999,"new mexico",5127.6,834.5,14.3370356942751
"241",1999,"new york",2690.5,588.8,385.33372861257
"242",1999,"north carolina",4633.3,542.1,157.046676792972
"243",1999,"north dakota",2326.2,66.9,9.18920485839348
"244",1999,"ohio",3680.1,316.4,274.876077454643
"245",1999,"oklahoma",4175.7,508.2,48.8941306658513
"246",1999,"oregon",4627.1,374.9,34.5409470636028
"247",1999,"pennsylvania",2693.2,420.5,267.60374832664
"249",1999,"rhode island",3295.4,286.6,948.325358851675
"250",1999,"south carolina",4477.3,847.1,129.055826774269
"251",1999,"south dakota",2477.4,167.4,9.65795298829978
"252",1999,"tennessee",3998.9,694.9,133.045440209612
"253",1999,"texas",4471.5,560.3,76.5289369793138
"254",1999,"utah",4700.9,275.5,25.9225002434038
"255",1999,"vermont",2703.5,113.8,64.2231592604606
"256",1999,"virginia",3059.2,314.7,173.569372190515
"257",1999,"washington",4878.3,377.3,86.4510896502005
"258",1999,"west virginia",2370,350.6,75.0197201810105
"259",1999,"wisconsin",3050.6,245.9,96.6601612843834
"260",1999,"wyoming",3222.5,232.3,4.94310282683693
"261",2000,"alabama",4059.7,486.2,87.6275862068966
"262",2000,"alaska",3682.5,566.9,1.09915949885514
"263",2000,"arizona",5297.8,531.7,45.1473222928143
"264",2000,"arkansas",3670,445.3,51.3374939990398
"265",2000,"california",3118.2,621.6,217.163534714342
"266",2000,"colorado",3648.6,334,41.4663305343732
"267",2000,"connecticut",NA,324.7,702.902992776058
"268",2000,"delaware",3793.6,684.4,400.818414322251
"269",2000,"district of columbia",5768.6,1507.9,9378.01639344262
"270",2000,"florida",4882.7,812,296.31566457163
"271",2000,"georgia",4246.4,504.7,141.34313437732
"272",2000,"hawaii",4955.1,243.8,188.62478592558
"273",2000,"idaho",2933.7,252.5,15.6367052966127
"274",2000,"illinois",3629.4,656.8,223.396704621085
"275",2000,"indiana",3402.8,349.1,169.514496793978
"276",2000,"iowa",2967.3,266.4,52.3726890380313
"277",2000,"kansas",4019.4,389.4,32.8565073390123
"278",2000,"kentucky",2665.2,294.5,101.725787778113
"279",2000,"louisiana",4741.7,681.1,102.579442684662
"280",2000,"maine",2510.2,109.6,41.306431232788
"281",2000,"maryland",4029.5,786.6,541.84
"282",2000,"massachusetts",2550,476.1,810.040443990814
"283",2000,"michigan",3554.9,555,174.944885493496
"284",2000,"minnesota",3207.6,280.8,61.7893037919037
"285",2000,"mississippi",3643.5,360.9,60.6355885236816
"286",2000,"missouri",4037.7,490,81.2100641528056
"287",2000,"montana",3292.7,240.6,6.19826733353486
"288",2000,"nebraska",3767.9,327.6,22.2594630453446
"289",2000,"nevada",3744.4,524.2,18.1980675008652
"290",2000,"new hampshire",2257.8,175.4,137.784145389676
"291",2000,"new jersey",2776.6,383.8,1134.16228602237
"292",2000,"new mexico",4761,757.9,14.9883490985795
"293",2000,"new york",2545.7,553.9,401.839255463324
"294",2000,"north carolina",4421.8,497.6,165.222566607825
"295",2000,"north dakota",2206.6,81.4,9.30805577296577
"296",2000,"ohio",3707.7,334.1,277.223646619295
"297",2000,"oklahoma",4060.8,497.8,50.2432184510549
"298",2000,"oregon",4494.7,350.7,35.6388304410325
"299",2000,"pennsylvania",2575.3,420,274.008344489067
"301",2000,"rhode island",3178.7,297.7,1003.17607655502
"302",2000,"south carolina",4416.5,804.9,133.240742585766
"303",2000,"south dakota",2153,166.8,9.94576789290608
"304",2000,"tennessee",4183,707.2,138.025740556539
"305",2000,"texas",4410.4,545.1,79.6132318241866
"306",2000,"utah",4220.3,255.7,27.1780863596534
"307",2000,"vermont",2873.4,113.5,65.8262514866472
"308",2000,"virginia",2746.4,281.7,178.75940704076
"309",2000,"washington",4736,369.7,88.5255703579099
"310",2000,"west virginia",2286.3,316.5,75.0755179142276
"311",2000,"wisconsin",2972.3,236.8,98.7530839194315
"312",2000,"wyoming",3031.5,266.5,5.08503166675248
"313",2001,"alabama",3880.8,438.6,87.9676059113301
"314",2001,"alaska",3647.9,588.3,1.11311525420163
"315",2001,"arizona",5537.1,540.3,46.70219637106
"316",2001,"arkansas",3681.4,452.8,51.6963994239078
"317",2001,"california",3286,617,221.199374250672
"318",2001,"colorado",3868.2,350.7,42.5889963269674
"319",2001,"connecticut",2782.4,335.5,706.929618163055
"320",2001,"delaware",3441.4,611.4,407.245524296675
"321",2001,"district of columbia",5972.8,1736.7,9374.13114754098
"322",2001,"florida",4772.5,797.2,303.993826130486
"323",2001,"georgia",4149.3,497,144.752412852432
"324",2001,"hawaii",5131.5,254.6,190.62712128289
"325",2001,"idaho",2890.3,243.1,15.9636258172107
"326",2001,"illinois",3460.8,636.9,224.530084722897
"327",2001,"indiana",3459.6,371.8,170.469612489546
"328",2001,"iowa",3032.1,269.1,52.3164026845638
"329",2001,"kansas",3916.6,404.8,32.9325617491414
"330",2001,"kentucky",2681.1,257,102.324473975637
"331",2001,"louisiana",4651.1,687,102.498048937245
"332",2001,"maine",2576.7,111.5,41.6870241373724
"333",2001,"maryland",4083.8,783,549.888081841432
"334",2001,"massachusetts",2619.1,479.5,813.894360806328
"335",2001,"michigan",3526.8,554.7,175.866799274763
"336",2001,"minnesota",3319.3,264.4,62.4526671439517
"337",2001,"mississippi",3835.1,350.1,60.920599394637
"338",2001,"missouri",4234.9,541.3,81.7107463206479
"339",2001,"montana",3336.3,352.4,6.21364285910577
"340",2001,"nebraska",4025.3,304.3,22.285114076849
"341",2001,"nevada",3679.2,586.8,19.17995373659
"342",2001,"new hampshire",2151.3,170.3,140.392574423013
"343",2001,"new jersey",2835.2,390.1,1143.60843779485
"344",2001,"new mexico",4542.8,781.1,15.0715698230118
"345",2001,"new york",2409.1,516,402.578731153651
"346",2001,"north carolina",4443.7,494.3,168.033745227637
"347",2001,"north dakota",2338.1,79.6,9.19569817665304
"348",2001,"ohio",3825.7,351.9,277.721803042512
"349",2001,"oklahoma",4094.7,512.3,50.3807131728767
"350",2001,"oregon",4737.4,306.7,36.1749442719943
"351",2001,"pennsylvania",2550.7,410.4,274.144355198572
"353",2001,"rhode island",3375.3,309.6,1013.32057416268
"354",2001,"south carolina",4032.4,720.3,134.934442562519
"355",2001,"south dakota",2177.2,154.8,9.96890481711816
"356",2001,"tennessee",4407.5,745.3,139.2566777457
"357",2001,"texas",4579.9,572.8,81.4199240972227
"358",2001,"utah",4008.9,234.1,27.6237586408334
"359",2001,"vermont",2664.2,105,66.2871661801276
"360",2001,"virginia",2886.9,291.3,181.517601899086
"361",2001,"washington",4796.8,355,89.9351616827624
"362",2001,"west virginia",2280.1,279.4,74.8086519699423
"363",2001,"wisconsin",3090.1,231.1,99.456972419634
"364",2001,"wyoming",3260.4,257.3,5.09163276865249
"365",2002,"alabama",4020.9,444.2,88.4040985221675
"366",2002,"alaska",3746.3,563.4,1.12870853159506
"367",2002,"arizona",5833.4,552.9,48.0144048855177
"368",2002,"arkansas",3733.1,424.4,52.0418434949592
"369",2002,"california",3350.3,593.4,225.14174248107
"370",2002,"colorado",3995.4,352.4,43.445343153795
"371",2002,"connecticut",2686.1,311.1,714.242105263158
"372",2002,"delaware",3340,599,412.984654731458
"373",2002,"district of columbia",6389.4,1632.9,9358.98360655738
"374",2002,"florida",4650.4,770.2,309.864267571426
"375",2002,"georgia",4048.4,458.8,147.797959218909
"376",2002,"hawaii",5781.7,262,193.81877627277
"377",2002,"idaho",2917.5,254.9,16.2068252951626
"378",2002,"illinois",3395.6,620.7,226.658392243628
"379",2002,"indiana",3392.8,357.2,171.705269027042
"380",2002,"iowa",3162.6,285.6,52.5594630872483
"381",2002,"kansas",3710.3,376.6,33.1921831269936
"382",2002,"kentucky",2623.6,279,103.012458471761
"383",2002,"louisiana",4435.7,662.3,102.893219483083
"384",2002,"maine",2548.2,107.8,41.9395431718775
"385",2002,"maryland",3977.6,769.8,558.377186700767
"386",2002,"massachusetts",2609.8,484.4,820.081781066599
"387",2002,"michigan",3333.8,540.3,176.91643929659
"388",2002,"minnesota",3267.6,267.5,63.0483439466446
"389",2002,"mississippi",3815.9,343.3,61.2137528243168
"390",2002,"missouri",4063.8,538.7,82.3329995065169
"391",2002,"montana",3161.4,351.5,6.24813130341587
"392",2002,"nebraska",3942.8,313.9,22.4925206170816
"393",2002,"nevada",3860,637.5,19.7939183651167
"394",2002,"new hampshire",2058.7,161.2,142.162559928643
"395",2002,"new jersey",2649.7,374.5,1157.87842027227
"396",2002,"new mexico",4338.2,739.5,15.2850845390725
"397",2002,"new york",2307.7,496,405.673640521769
"398",2002,"north carolina",4251.2,470.2,170.781764440248
"399",2002,"north dakota",2328,78.2,9.19079919993043
"400",2002,"ohio",3755.9,351.3,278.887187751813
"401",2002,"oklahoma",4239.8,503.4,50.870193217723
"402",2002,"oregon",4576,292.4,36.6816837149226
"403",2002,"pennsylvania",2439.1,401.9,275.213989290495
"405",2002,"rhode island",3303.8,285.2,1023.66028708134
"406",2002,"south carolina",4475.3,822,136.401414765368
"407",2002,"south dakota",2101.3,177.4,10.0277089701697
"408",2002,"tennessee",4302,716.9,140.646037021762
"409",2002,"texas",4611,578.6,83.1566582924166
"410",2002,"utah",4215.5,236.9,28.1892707623406
"411",2002,"vermont",2423.3,106.7,66.6658017082928
"412",2002,"virginia",2848.9,291.4,184.189656043234
"413",2002,"washington",4761.4,345.4,91.1520704104775
"414",2002,"west virginia",2280.9,234.3,74.8068667746087
"415",2002,"wisconsin",3027.8,224.9,100.180358655227
"416",2002,"wyoming",3307.4,273.5,5.13570876885845
"417",2003,"alabama",4049.1,429.5,88.6847684729064
"418",2003,"alaska",3742.2,593.4,1.1375308131156
"419",2003,"arizona",5632.4,513.2,49.10870100843
"420",2003,"arkansas",3621.4,456.1,52.3420835333653
"421",2003,"california",3424.3,579.3,227.503817968495
"422",2003,"colorado",3940.9,345.1,43.8709329117219
"423",2003,"connecticut",2606.7,308.2,718.962229102167
"424",2003,"delaware",3384.4,658,418.153964194373
"425",2003,"district of columbia",5800.3,1608.1,9235.80327868853
"426",2003,"florida",4452,730.2,315.536051319132
"427",2003,"georgia",4254.6,453.9,149.945872684266
"428",2003,"hawaii",5237.5,270.4,195.797602366495
"429",2003,"idaho",2908.7,242.7,16.5113654215659
"430",2003,"illinois",3284.4,556.8,227.610382602126
"431",2003,"indiana",3357.7,352.8,172.724923334263
"432",2003,"iowa",2961.1,272.4,52.6901476510067
"433",2003,"kansas",3994,395.5,33.2853476406389
"434",2003,"kentucky",2681.5,261.7,103.640063424947
"435",2003,"louisiana",4349.5,646.3,103.207409447734
"436",2003,"maine",2456.7,108.9,42.3044872833306
"437",2003,"maryland",3801.4,703.9,563.571253196931
"438",2003,"massachusetts",2549.5,469.4,820.798928298035
"439",2003,"michigan",3277.3,511.2,177.436409723811
"440",2003,"minnesota",3116.8,262.6,63.5464159664393
"441",2003,"mississippi",3720.4,325.5,61.4162296968922
"442",2003,"missouri",4014.5,472.8,82.7960753577753
"443",2003,"montana",3098,365.2,6.30424716260408
"444",2003,"nebraska",3711.4,289,22.6240406878431
"445",2003,"nevada",4288.4,614.2,20.4101233083802
"446",2003,"new hampshire",2053.9,148.8,143.5708551678
"447",2003,"new jersey",2544.4,365.8,1164.36123466775
"448",2003,"new mexico",4123.6,665.2,15.4462113971194
"449",2003,"new york",2248.3,465.2,406.363607487718
"450",2003,"north carolina",4278,454.9,172.569645716162
"451",2003,"north dakota",2096.1,77.8,9.18684233411601
"452",2003,"ohio",3640.5,333.2,279.24200913242
"453",2003,"oklahoma",4306,505.7,51.1296320563782
"454",2003,"oregon",4782.3,295.5,37.0783525343222
"455",2003,"pennsylvania",2431.3,398,275.89145470772
"457",2003,"rhode island",2995,285.6,1029.82200956938
"458",2003,"south carolina",4477.1,793.5,137.728803427319
"459",2003,"south dakota",2001.7,173.4,10.0704780225572
"460",2003,"tennessee",4379.4,687.8,141.7246415488
"461",2003,"texas",4595.3,552.5,84.4495101445513
"462",2003,"utah",4225.5,248.6,28.6177952487586
"463",2003,"vermont",2200.1,110.2,66.9377229970808
"464",2003,"virginia",2704.1,275.8,186.532905702308
"465",2003,"washington",4754.9,347,92.0900106637029
"466",2003,"west virginia",2359.4,257.5,75.1589654170299
"467",2003,"wisconsin",2882.6,221,100.753010273594
"468",2003,"wyoming",3321.3,262.1,5.16185572318624
"469",2004,"alabama",4025,426.6,89.2646699507389
"470",2004,"alaska",3382.8,634.5,1.14913197305628
"471",2004,"arizona",5340.5,504.1,50.5432322556801
"472",2004,"arkansas",4013,499.1,52.8589342294767
"473",2004,"california",3419,551.8,230.12828502369
"474",2004,"colorado",3919.3,373.5,44.3598511505943
"475",2004,"connecticut",2627.2,286.3,723.138080495356
"476",2004,"delaware",3163.9,568.4,424.738618925831
"477",2004,"district of columbia",4859.1,1371.2,9074.14754098361
"478",2004,"florida",4179.7,711.3,322.545951758533
"479",2004,"georgia",4265.9,455.5,152.443636803122
"480",2004,"hawaii",4792.8,254.4,196.612174996108
"481",2004,"idaho",2794.4,244.9,16.8367995552924
"482",2004,"illinois",3186.1,542.9,228.691274081269
"483",2004,"indiana",3397.6,325.4,173.893755227209
"484",2004,"iowa",2905.3,270.9,52.8760805369128
"485",2004,"kansas",3973.5,374.5,33.4319445632646
"486",2004,"kentucky",2537.7,244.9,104.347176079734
"487",2004,"louisiana",4410.2,638.7,103.653537162007
"488",2004,"maine",2409.6,103.5,42.6778875749231
"489",2004,"maryland",3640.2,700.5,568.599283887468
"490",2004,"massachusetts",2459.7,458.8,818.640597091095
"491",2004,"michigan",3057.6,490.2,178.010878557975
"492",2004,"minnesota",3039,269.6,64.0687039200171
"493",2004,"mississippi",3478.5,295.1,61.878458455898
"494",2004,"missouri",3903.5,490.5,83.523730732387
"495",2004,"montana",2936.2,293.8,6.36775536563247
"496",2004,"nebraska",3520.6,308.7,22.7271000806473
"497",2004,"nevada",4206.6,615.9,21.2626905633572
"498",2004,"new hampshire",2040.1,167,144.887947374289
"499",2004,"new jersey",2429.2,355.7,1172.5136810891
"500",2004,"new mexico",4197.7,687.3,15.6824840974259
"501",2004,"new york",2198.6,441.6,407.146535659834
"502",2004,"north carolina",4160.2,447.8,175.319614926721
"503",2004,"north dakota",1916.6,79.4,9.19450966750732
"504",2004,"ohio",3673.2,341.8,279.808829633971
"505",2004,"oklahoma",4242.1,500.5,51.3046637254474
"506",2004,"oregon",4631.3,298.3,37.4428241078311
"507",2004,"pennsylvania",2415,411.1,276.802588130299
"509",2004,"rhode island",2884.1,247.4,1034.0976076555
"510",2004,"south carolina",4504.8,784.2,139.419746936336
"511",2004,"south dakota",1933.5,171.5,10.157096553178
"512",2004,"tennessee",4306.5,695.2,143.161212062398
"513",2004,"texas",4494,540.5,85.8679642936231
"514",2004,"utah",4085.6,236,29.0750535488268
"515",2004,"vermont",2308.2,112,67.1849929722132
"516",2004,"virginia",2676.6,275.6,188.388984292136
"517",2004,"washington",4849.2,343.8,93.1765518691519
"518",2004,"west virginia",2506.2,271.2,75.3665462697721
"519",2004,"wisconsin",2663.1,209.6,101.429207939021
"520",2004,"wyoming",3334.3,229.6,5.21630194119767
"521",2005,"alabama",3892.1,431.7,89.8090246305419
"522",2005,"alaska",3612.5,631.9,1.16355408907138
"523",2005,"arizona",4838,513.2,52.2631773464036
"524",2005,"arkansas",4057.9,527.5,53.3682957273164
"525",2005,"california",3322.6,526.3,231.656421303687
"526",2005,"colorado",4039.5,396.5,44.9746647514196
"527",2005,"connecticut",2558,274.5,724.519504643963
"528",2005,"delaware",3111.4,632.1,431.470076726343
"529",2005,"district of columbia",4747,1459,9024.93442622951
"530",2005,"florida",4007.9,708,329.826723770325
"531",2005,"georgia",4172.3,448.9,156.642483468292
"532",2005,"hawaii",4792.6,255.1,198.535575276351
"533",2005,"idaho",2697.9,256.8,17.2698335971771
"534",2005,"illinois",3080.3,551.5,229.585937078409
"535",2005,"indiana",3456.3,323.7,174.852885419571
"536",2005,"iowa",2833.7,291.3,53.0887516778524
"537",2005,"kansas",3787,387.4,33.5441990638329
"538",2005,"kentucky",2530.5,266.8,105.038885533072
"539",2005,"louisiana",3683.1,594.4,103.83390717532
"540",2005,"maine",2413.1,112.2,42.8156487931314
"541",2005,"maryland",3544.1,703,572.929718670077
"542",2005,"massachusetts",2363.6,456.9,816.374457769839
"543",2005,"michigan",3091.1,552.1,178.155925997641
"544",2005,"minnesota",3084.1,297,64.4686310712536
"545",2005,"mississippi",3260.1,278.4,62.2647397365392
"546",2005,"missouri",3927.5,525.4,84.186913988795
"547",2005,"montana",3142.9,281.5,6.42824754733573
"548",2005,"nebraska",3423.2,287,22.8776372954551
"549",2005,"nevada",4241.5,606.8,21.9915760523104
"550",2005,"new hampshire",1796.4,132,146.051956739882
"551",2005,"new jersey",2333,354.7,1175.08087343308
"552",2005,"new mexico",4148.3,702.2,15.8892587587753
"553",2005,"new york",2108.5,445.8,407.729756056243
"554",2005,"north carolina",4075.1,468.1,178.234779752863
"555",2005,"north dakota",1978.2,98.2,9.22800533379714
"556",2005,"ohio",3662.7,351.3,279.931677776964
"557",2005,"oklahoma",4042,508.6,51.6589350456471
"558",2005,"oregon",4399.8,286.8,37.9268765234058
"559",2005,"pennsylvania",2417.2,424.5,277.322980812137
"561",2005,"rhode island",2718.9,251.2,1029.84593301435
"562",2005,"south carolina",4339.4,761.1,141.313241008269
"563",2005,"south dakota",1776.4,175.7,10.2236349741752
"564",2005,"tennessee",4275.5,752.8,144.665299983018
"565",2005,"texas",4332,529.7,87.2804355628183
"566",2005,"utah",3868.9,227.2,30.0553135040405
"567",2005,"vermont",2280.7,119.7,67.364039355606
"568",2005,"virginia",2638.2,282.8,191.10725289156
"569",2005,"washington",4893,345.8,94.4377374926781
"570",2005,"west virginia",2625.2,272.8,75.4289035579358
"571",2005,"wisconsin",2660.2,241.5,101.929539345289
"572",2005,"wyoming",3155.3,230.1,5.24477627310643
"573",2006,"alabama",3936.1,425.2,90.6212807881773
"574",2006,"alaska",3604.9,688,1.17476077100289
"575",2006,"arizona",4627.9,501.4,54.2609070590099
"576",2006,"arkansas",3967.5,551.6,53.9773787806049
"577",2006,"california",3170.9,532.5,233.742692645522
"578",2006,"colorado",3451.3,391.6,45.8249573407629
"579",2006,"connecticut",2504.1,280.8,723.386790505676
"580",2006,"delaware",3417.9,681.6,436.560613810742
"581",2006,"district of columbia",4653.8,1508.4,9533.27868852459
"582",2006,"florida",3986.1,712,335.389213341491
"583",2006,"georgia",3889.2,471,161.67304338818
"584",2006,"hawaii",4230.4,281.2,200.139810057605
"585",2006,"idaho",2418.8,247.2,17.7214172638397
"586",2006,"illinois",3019.6,541.6,230.819887395895
"587",2006,"indiana",3502.4,314.8,176.011151379983
"588",2006,"iowa",2802.7,283.5,53.3706487695749
"589",2006,"kansas",3750.2,425,33.7811495545262
"590",2006,"kentucky",2544.5,263,105.861119500654
"591",2006,"louisiana",3993.7,697.8,98.4200523343892
"592",2006,"maine",2518.7,115.5,42.8178843350073
"593",2006,"maryland",3480.9,678.6,574.498925831202
"594",2006,"massachusetts",2391,447,821.280045930084
"595",2006,"michigan",3212.8,562.4,177.712035064866
"596",2006,"minnesota",3079.5,312,64.899468706432
"597",2006,"mississippi",3208.8,298.6,62.0399028008697
"598",2006,"missouri",3826.5,545.6,84.8023600104502
"599",2006,"montana",2687.5,253.7,6.48981835169969
"600",2006,"nebraska",3340.7,281.8,23.0017820442779
"601",2006,"nevada",4088.8,741.6,22.7267089230097
"602",2006,"new hampshire",1874.1,138.7,146.604415207938
"603",2006,"new jersey",2291.9,351.6,1175.97519881386
"604",2006,"new mexico",3937.2,643.2,16.1052618568933
"605",2006,"new york",2052.7,434.9,408.821425546332
"606",2006,"north carolina",4120.8,475.6,181.791227061866
"607",2006,"north dakota",2000.3,127.9,9.21626518247964
"608",2006,"ohio",3678.6,350.3,280.272654018021
"609",2006,"oklahoma",3604.2,497.4,52.1150861253076
"610",2006,"oregon",3672.1,280.3,38.5487594008458
"611",2006,"pennsylvania",2443.5,439.4,277.568518518519
"613",2006,"rhode island",2586.9,227.5,1021.63636363636
"614",2006,"south carolina",4242.3,765.5,143.510643950716
"615",2006,"south dakota",1619.6,171.4,10.3025060609255
"616",2006,"tennessee",4128.3,760.2,146.5053252141
"617",2006,"texas",4081.5,516.3,89.753823774216
"618",2006,"utah",3516.4,224.4,31.0347458864765
"619",2006,"vermont",2304.7,136.6,67.4568061412045
"620",2006,"virginia",2478.2,282.2,193.011869286328
"621",2006,"washington",4480,345.9,96.0604076237966
"622",2006,"west virginia",2621.5,279.7,75.495910657201
"623",2006,"wisconsin",2817.8,284,102.303384026218
"624",2006,"wyoming",2980.6,239.6,5.30357860048401
"625",2007,"alabama",3971.6,448,91.1891822660099
"626",2007,"alaska",3379.5,661.2,1.19829795888312
"627",2007,"arizona",4414,482.7,55.7782773974411
"628",2007,"arkansas",3953.1,529.4,54.4368122899664
"629",2007,"california",3033,522.6,234.356042391952
"630",2007,"colorado",3006.1,347.8,46.8674623297246
"631",2007,"connecticut",2399.9,256,722.870794633643
"632",2007,"delaware",3370.1,689.2,442.33452685422
"633",2007,"district of columbia",4913.9,1414.3,9644.13114754098
"634",2007,"florida",4089.3,722.6,338.380759033687
"635",2007,"georgia",3901,493.2,164.794799633972
"636",2007,"hawaii",4225.4,272.8,199.811303129379
"637",2007,"idaho",2246.6,239.4,18.1194426653454
"638",2007,"illinois",2935.8,533.2,231.190041911751
"639",2007,"indiana",3396.6,333.6,176.896821856705
"640",2007,"iowa",2615.6,294.7,53.4773333333333
"641",2007,"kansas",3678.7,452.7,33.9268543074686
"642",2007,"kentucky",2518.3,295,106.752088996275
"643",2007,"louisiana",4076,729.5,98.5448285360143
"644",2007,"maine",2428.8,118,42.6763972136724
"645",2007,"maryland",3431.5,641.9,574.766649616368
"646",2007,"massachusetts",2391.5,431.5,822.88275070171
"647",2007,"michigan",3065.7,536,177.292717703181
"648",2007,"minnesota",3036.6,288.7,65.2828039237851
"649",2007,"mississippi",3200.8,291.3,62.215649912606
"650",2007,"missouri",3738.4,504.9,85.3205463148422
"651",2007,"montana",2765.4,287.5,6.58070433372723
"652",2007,"nebraska",3161.4,302.4,23.0829496084706
"653",2007,"nevada",3777.8,750.6,23.3628581316139
"654",2007,"new hampshire",1892,137.3,146.708440182852
"655",2007,"new jersey",2213.1,329.3,1170.76694972368
"656",2007,"new mexico",3725.7,664.2,16.2314607297057
"657",2007,"new york",1978.6,414.1,408.642406403524
"658",2007,"north carolina",4087.3,466.4,185.989408432202
"659",2007,"north dakota",1889.6,142.4,9.27203814824477
"660",2007,"ohio",3455.2,343.2,280.001880204136
"661",2007,"oklahoma",3526.4,499.6,52.6698990957935
"662",2007,"oregon",3526.2,287.6,39.0351763504927
"663",2007,"pennsylvania",2361.3,416.5,277.393842034806
"665",2007,"rhode island",2622.6,227.3,1012.27942583732
"666",2007,"south carolina",4271.7,788.3,146.382019859852
"667",2007,"south dakota",1652.3,169.2,10.4908559080847
"668",2007,"tennessee",4088.6,753.3,149.366044785172
"669",2007,"texas",4121.2,510.6,91.2680498178791
"670",2007,"utah",3500.3,234.8,32.1941631778795
"671",2007,"vermont",2322.7,124.3,67.1698562006703
"672",2007,"virginia",2466.4,269.7,194.759609071165
"673",2007,"washington",4030.8,333.1,97.151199291089
"674",2007,"west virginia",2525,275.2,75.2287540997218
"675",2007,"wisconsin",2837.7,290.9,103.134366829915
"676",2007,"wyoming",2865.9,239.3,5.38417177282323
"677",2008,"alabama",4082.9,452.8,91.8600985221675
"678",2008,"alaska",2932.3,651.9,1.20323331708668
"679",2008,"arizona",4291,447,57.1987469421517
"680",2008,"arkansas",3835.1,503.4,54.8322611617859
"681",2008,"california",2940.3,503.8,235.660441230213
"682",2008,"colorado",2849,343.1,47.6188529726499
"683",2008,"connecticut",2458.7,297.8,722.652631578947
"684",2008,"delaware",3585.3,703.4,446.594373401535
"685",2008,"district of columbia",5104.6,1437.7,9702.18032786885
"686",2008,"florida",4140.8,688.9,339.810148877394
"687",2008,"georgia",4015.5,478.9,167.229130337195
"688",2008,"hawaii",3571.2,272.6,200.560174373346
"689",2008,"idaho",2101.2,228.6,18.4144723326606
"690",2008,"illinois",2932.6,525.4,232.071717662296
"691",2008,"indiana",3335.8,333.8,177.775076665737
"692",2008,"iowa",2420.9,283.8,53.7370022371365
"693",2008,"kansas",3377.2,410.6,34.2462877186121
"694",2008,"kentucky",2583.9,296.2,107.451047015
"695",2008,"louisiana",3823.1,656.2,101.243997612817
"696",2008,"maine",2452.4,117.5,42.6520654462984
"697",2008,"maryland",3517.6,628.2,576.327058823529
"698",2008,"massachusetts",2400.1,449,829.033809645318
"699",2008,"michigan",2934.8,501.5,176.088683131194
"700",2008,"minnesota",2850.6,262.8,65.5688232412676
"701",2008,"mississippi",2940.4,284.9,62.6384021827173
"702",2008,"missouri",3663.7,504.4,85.8022729251938
"703",2008,"montana",2603,258.1,6.64651405644563
"704",2008,"nebraska",2878.6,303.7,23.1982101511486
"705",2008,"nevada",3447.5,724.5,23.6796440995938
"706",2008,"new hampshire",2091.9,157.2,146.706321775003
"707",2008,"new jersey",2293.4,326.5,1170.32767219302
"708",2008,"new mexico",3909.2,649.9,16.3504498862925
"709",2008,"new york",1993.5,398.1,412.720163476199
"710",2008,"north carolina",4044.1,467.3,189.301982840018
"711",2008,"north dakota",1894.4,166.5,9.29763457691973
"712",2008,"ohio",3411.7,348.2,280.465655751715
"713",2008,"oklahoma",3442.4,526.7,53.0345666069687
"714",2008,"oregon",3282.2,257.2,39.4789691881419
"715",2008,"pennsylvania",2410.2,410,277.739379741187
"717",2008,"rhode island",2840.6,249.4,1005.53875598086
"718",2008,"south carolina",4234.2,729.7,148.776194746106
"719",2008,"south dakota",1645.6,201.4,10.5959997891852
"720",2008,"tennessee",4042.6,722.4,150.777262912734
"721",2008,"texas",3985.6,507.9,92.8815336331773
"722",2008,"utah",3357.4,221.8,33.3027942751436
"723",2008,"vermont",2538.5,135.9,67.1715861174181
"724",2008,"virginia",2518.1,255.9,196.199025203293
"725",2008,"washington",3758.4,331.2,98.3647587149487
"726",2008,"west virginia",2568.6,273.8,75.3297629426662
"727",2008,"wisconsin",2756.4,274,103.619085318702
"728",2008,"wyoming",2717.3,232,5.48548478451161
"729",2009,"alabama",3772.4,449.8,92.7824236453202
"730",2009,"alaska",2946,633,1.22458772664953
"731",2009,"arizona",3556.5,408.3,58.0399676176062
"732",2009,"arkansas",3773.7,517.7,55.4863178108497
"733",2009,"california",2731.5,472,236.974758451783
"734",2009,"colorado",2666.2,337.8,48.4411109718594
"735",2009,"connecticut",2335.8,298.7,726.168833849329
"736",2009,"delaware",3349.6,636.6,452.747826086957
"737",2009,"district of columbia",4745.4,1345.9,9830.44262295082
"738",2009,"florida",3840.8,612.5,343.696701707548
"739",2009,"georgia",3666.6,426.1,169.706158600805
"740",2009,"hawaii",3661.2,274.8,201.646893974778
"741",2009,"idaho",1988.7,228.4,18.6801488803761
"742",2009,"illinois",2736.9,497.2,232.230838414908
"743",2009,"indiana",3116.2,333.2,179.06643434625
"744",2009,"iowa",2308.7,279.2,53.8318747203579
"745",2009,"kansas",3207.8,400.1,34.449323539836
"746",2009,"kentucky",2512.7,258.7,108.580313097755
"747",2009,"louisiana",3794.6,620,103.109672680531
"748",2009,"maine",2403.5,119.8,42.7118418921108
"749",2009,"maryland",3200.7,589.9,583.066803069054
"750",2009,"massachusetts",2304,457.1,841.233350344476
"751",2009,"michigan",2837.8,497,175.495555281734
"752",2009,"minnesota",2641,243.9,66.144341032694
"753",2009,"mississippi",2953.3,281.3,62.923562262864
"754",2009,"missouri",3385.3,491.8,86.9049899851955
"755",2009,"montana",2464,253.6,6.69837725686334
"756",2009,"nebraska",2761.5,281.6,23.3697416686178
"757",2009,"nevada",3055.6,702.2,24.0704970584485
"758",2009,"new hampshire",2161,159.6,147.683688259561
"759",2009,"new jersey",2079.7,311.5,1173.70791211754
"760",2009,"new mexico",3735.8,619,16.5590372762928
"761",2009,"new york",1936,384.7,413.803426223954
"762",2009,"north carolina",3668.1,404.3,192.554784679174
"763",2009,"north dakota",1932.8,200.7,9.3753659738528
"764",2009,"ohio",3270.9,332.1,281.851024344981
"765",2009,"oklahoma",3573.8,501.1,53.6852604143916
"766",2009,"oregon",2967.1,254.7,39.8497635465928
"767",2009,"pennsylvania",2201.6,380.5,281.230856760375
"769",2009,"rhode island",2610.8,252.6,1007.85550239234
"770",2009,"south carolina",3888.6,670.8,151.480920593803
"771",2009,"south dakota",1719.4,185.6,10.7038974386002
"772",2009,"tennessee",3754.1,667.7,152.751255488974
"773",2009,"texas",4015.5,490.9,94.6199974037279
"774",2009,"utah",3275.4,212.7,33.8887644825236
"775",2009,"vermont",2401.4,131.4,67.2245648178181
"776",2009,"virginia",2428.8,226.8,199.065356836204
"777",2009,"washington",3666.9,331,100.091542632282
"778",2009,"west virginia",2526.7,296.5,75.5501722921078
"779",2009,"wisconsin",2608.2,257,104.11264130795
"780",2009,"wyoming",2637.3,228.2,5.60496369908862
"781",2010,"alabama",3516.8,377.8,94.3772534307434
"782",2010,"alaska",2852.5,638.8,1.24461964702852
"783",2010,"arizona",3534,408.1,56.2707273271476
"784",2010,"arkansas",3558.9,505.3,56.0376285192659
"785",2010,"california",2635.8,440.6,239.146200707412
"786",2010,"colorado",2684.2,320.8,48.5246907624322
"787",2010,"connecticut",2193.2,281.4,738.144774886411
"788",2010,"delaware",3448.2,620.9,460.715238583889
"789",2010,"district of columbia",4778.9,1330.2,9864.31147540984
"790",2010,"florida",3558.4,542.4,350.60717948718
"791",2010,"georgia",3640.5,403.3,168.442839010311
"792",2010,"hawaii",3314.2,262.7,211.785925579947
"793",2010,"idaho",1995.8,221,18.9681158718827
"794",2010,"illinois",2681,435.2,231.103442064879
"795",2010,"indiana",3042.4,314.5,180.980349466868
"796",2010,"iowa",2242.5,273.5,54.5384642927475
"797",2010,"kansas",3119.9,369.1,34.8966841570959
"798",2010,"kentucky",2551.3,242.6,109.896343007648
"799",2010,"louisiana",3647.5,549,104.929450976761
"800",2010,"maine",2479.3,122,43.0684758291995
"801",2010,"maryland",2997.3,547.7,594.782322035644
"802",2010,"massachusetts",2350.5,466.6,839.439615384615
"803",2010,"michigan",2713.6,490.3,174.811015405295
"804",2010,"minnesota",2572.3,236,66.609629899406
"805",2010,"mississippi",2985,269.7,63.2375807173454
"806",2010,"missouri",3346.4,455,87.1218032643798
"807",2010,"montana",2543.8,272.2,6.79795391147816
"808",2010,"nebraska",2673.2,279.5,23.7730526918671
"809",2010,"nevada",2774.7,660.6,24.5994388828668
"810",2010,"new hampshire",2186.3,167,147.042332179158
"811",2010,"new jersey",2081.9,307.7,1195.52542833832
"812",2010,"new mexico",3435.4,588.9,16.9761991129285
"813",2010,"new york",1941.2,392.1,411.197682807792
"814",2010,"north carolina",3447.3,363.4,196.130712904686
"815",2010,"north dakota",1768.5,225,9.74755438326981
"816",2010,"ohio",3245.2,315.2,282.335331979149
"817",2010,"oklahoma",3415.5,479.5,54.688402944821
"818",2010,"oregon",3012.9,252,39.9120098345627
"819",2010,"pennsylvania",2173,366.2,283.896453076459
"820",2010,"rhode island",2556.6,256.6,1017.95647969052
"821",2010,"south carolina",3900.4,597.7,153.865939256844
"822",2010,"south dakota",1852.4,268.5,10.7396024323647
"823",2010,"tennessee",3657.9,613.3,153.900933672851
"824",2010,"texas",3783,450.3,96.2575832976052
"825",2010,"utah",3179.6,212.7,33.6361810879883
"826",2010,"vermont",2282.3,130.2,67.8898774004557
"827",2010,"virginia",2327.2,213.6,202.608863003292
"828",2010,"washington",3706.6,313.8,101.187853617431
"829",2010,"west virginia",2239.6,314.6,77.0860304517847
"830",2010,"wisconsin",2507.7,248.7,105.007311939141
"831",2010,"wyoming",2461.6,195.9,5.80501168982316
"832",2011,"alabama",3606.1,420.1,94.8314739855859
"833",2011,"alaska",2632.8,606.5,1.26650205645932
"834",2011,"arizona",3554.5,405.9,57.06731869641
"835",2011,"arkansas",3754.1,480.9,56.461593158451
"836",2011,"california",2583.8,411.1,241.957593770662
"837",2011,"colorado",2606.3,320.2,49.3699079523745
"838",2011,"connecticut",2167.4,272.8,739.510326311442
"839",2011,"delaware",3410.6,559.5,465.436121087737
"840",2011,"district of columbia",4795.5,1202.1,10131.0819672131
"841",2011,"florida",3522,515.3,355.385398601399
"842",2011,"georgia",3626.5,373.2,170.660720185002
"843",2011,"hawaii",3337.8,287.2,214.044838860346
"844",2011,"idaho",2068.6,200.9,19.1786963203175
"845",2011,"illinois",2688.8,429.3,231.799149840595
"846",2011,"indiana",3161.8,331.8,181.90481773014
"847",2011,"iowa",2330.3,255.6,54.8240865066151
"848",2011,"kansas",3080.1,353.9,35.1183111339424
"849",2011,"kentucky",2708.8,238.2,110.655827381857
"850",2011,"louisiana",3688.5,555.3,105.889176928062
"851",2011,"maine",2545.5,123.2,43.0628667769024
"852",2011,"maryland",2860.2,494.1,600.42124240239
"853",2011,"massachusetts",2258.7,428.4,844.555897435897
"854",2011,"michigan",2612.1,445.3,174.679194892021
"855",2011,"minnesota",2549.4,221.2,67.123726876562
"856",2011,"mississippi",3025.5,269.8,63.4765893058841
"857",2011,"missouri",3308.8,447.4,87.4383637368712
"858",2011,"montana",2319.7,267.5,6.85830596512443
"859",2011,"nebraska",2752.9,253.2,23.9852259710507
"860",2011,"nevada",2560.5,562.1,24.8068609322196
"861",2011,"new hampshire",2283.9,188,147.234893331844
"862",2011,"new jersey",2150.7,308.4,1199.5043513734
"863",2011,"new mexico",3531.5,567.5,17.1661857573909
"864",2011,"new york",1912.4,398.1,413.045813351441
"865",2011,"north carolina",3526.8,349.8,198.617816446584
"866",2011,"north dakota",1936.7,247,9.91191432008232
"867",2011,"ohio",3354.7,307.4,282.542057218375
"868",2011,"oklahoma",3356.2,454.8,55.2738246227859
"869",2011,"oregon",3114.6,247.6,40.3369066966704
"870",2011,"pennsylvania",2222.3,355,284.801779049237
"872",2011,"rhode island",2676.8,247.5,1016.7330754352
"873",2011,"south carolina",3904.2,571.9,155.657829080869
"874",2011,"south dakota",1817.7,254.1,10.8702167231668
"875",2011,"tennessee",3595.9,608.2,155.289268825027
"876",2011,"texas",3472.3,408.5,98.2830625650762
"877",2011,"utah",2973.1,195,34.2852866009492
"878",2011,"vermont",2309,135.2,67.9647390691114
"879",2011,"virginia",2249.6,196.7,205.029222587997
"880",2011,"washington",3574.6,294.6,102.775340074636
"881",2011,"west virginia",2273.9,315.9,77.1846243447874
"882",2011,"wisconsin",2432.7,236.9,105.464880534732
"883",2011,"wyoming",2266.4,219.3,5.8516885872308
"884",2012,"alabama",3502.2,449.9,95.2122223319183
"885",2012,"alaska",2739.4,603.2,1.28180239414974
"886",2012,"arizona",3539.2,428.9,57.6901508882511
"887",2012,"arkansas",3660.1,469.1,56.6759104448929
"888",2012,"california",2758.7,423.1,244.201272315267
"889",2012,"colorado",2684.7,308.9,50.0528936145578
"890",2012,"connecticut",2140,283,741.500826104915
"891",2012,"delaware",3340.9,547.4,470.544894817855
"892",2012,"district of columbia",4860.8,1243.7,10365.9508196721
"893",2012,"florida",3276.7,487.1,360.234368298368
"894",2012,"georgia",3410.6,378.9,172.481786726479
"895",2012,"hawaii",3075.2,239.2,216.769889459754
"896",2012,"idaho",1983.5,207.9,19.3086891811769
"897",2012,"illinois",2578.7,414.8,231.907184927682
"898",2012,"indiana",3029.2,345.7,182.474571540222
"899",2012,"iowa",2271.8,263.9,55.0367187639866
"900",2012,"kansas",3143.2,354.6,35.2977042282807
"901",2012,"kentucky",2552.9,222.6,110.935901332118
"902",2012,"louisiana",3540.6,496.9,106.515438385335
"903",2012,"maine",2509.9,122.7,43.0954187335862
"904",2012,"maryland",2753.5,476.8,606.218502111878
"905",2012,"massachusetts",2153,405.5,852.069743589744
"906",2012,"michigan",2530.5,454.5,174.806063071508
"907",2012,"minnesota",2568.3,230.9,67.55420899946
"908",2012,"mississippi",2811,260.8,63.6132813332481
"909",2012,"missouri",3314.4,450.9,87.6027465014111
"910",2012,"montana",2583.7,272.2,6.90600222610034
"911",2012,"nebraska",2754.9,259.4,24.1529339789649
"912",2012,"nevada",2809.4,607.6,25.1312248931965
"913",2012,"new hampshire",2324,187.9,147.516810007819
"914",2012,"new jersey",2047.3,290.2,1205.41066086484
"915",2012,"new mexico",3600.7,559.1,17.1935069003611
"916",2012,"new york",1922,406.8,415.275240843696
"917",2012,"north carolina",3369.5,353.4,200.585647291127
"918",2012,"north dakota",2010.1,244.7,10.1393892842133
"919",2012,"ohio",3117.4,299.7,282.524289664962
"920",2012,"oklahoma",3401,469.3,55.613674466069
"921",2012,"oregon",3224.2,247.6,40.6233383339584
"922",2012,"pennsylvania",2166.3,348.7,285.263303757012
"924",2012,"rhode island",2572.3,252.4,1015.75628626692
"925",2012,"south carolina",3822.2,558.8,157.137919563554
"926",2012,"south dakota",2060.1,321.8,10.9925208742795
"927",2012,"tennessee",3371.4,643.6,156.571917060749
"928",2012,"texas",3361.8,408.6,99.7550185275923
"929",2012,"utah",2991.8,205.8,34.7485335280516
"930",2012,"vermont",2398.7,142.6,67.9191710968862
"931",2012,"virginia",2162.1,190.1,207.289617624715
"932",2012,"washington",3658.6,295.6,103.78313470567
"933",2012,"west virginia",2364.9,316.3,77.1866627839255
"934",2012,"wisconsin",2453.8,280.5,105.735034528602
"935",2012,"wyoming",2293.8,201.4,5.93669986507781
"936",2013,"alabama",3351.3,430.8,95.4432224306447
"937",2013,"alaska",2885.2,640.4,1.28825653957567
"938",2013,"arizona",3399.1,416.5,58.3360388752927
"939",2013,"arkansas",3602.6,460.3,56.8727395022581
"940",2013,"california",2658.1,402.1,246.069887468786
"941",2013,"colorado",2658.5,308,50.8323556087301
"942",2013,"connecticut",1974.1,262.5,742.684840974804
"943",2013,"delaware",3065.5,491.4,474.986659825552
"944",2013,"district of columbia",4808.3,1300.3,10597.5245901639
"945",2013,"florida",3105.3,470.4,364.622097902098
"946",2013,"georgia",3346.6,365.7,173.737537600195
"947",2013,"hawaii",3053.7,251.6,218.597851471275
"948",2013,"idaho",1864.3,217,19.5072298924289
"949",2013,"illinois",2274.3,380.2,232.031106468056
"950",2013,"indiana",2854,357.4,183.411544688215
"951",2013,"iowa",2193.9,271.4,55.3272821669621
"952",2013,"kansas",2946.8,339.9,35.3961887987867
"953",2013,"kentucky",2362.9,209.8,111.312743757281
"954",2013,"louisiana",3582,518.5,107.061151745209
"955",2013,"maine",2292.2,129.3,43.0665629154103
"956",2013,"maryland",2663.5,473.8,610.777171113629
"957",2013,"massachusetts",2051.2,413.4,858.054358974359
"958",2013,"michigan",2327.6,449.9,175.022939917579
"959",2013,"minnesota",2420.4,234.4,68.072136335665
"960",2013,"mississippi",2724.7,274.6,63.747138929736
"961",2013,"missouri",3137,433.4,87.9254458700649
"962",2013,"montana",2556.5,252.9,6.9748739230209
"963",2013,"nebraska",2623.4,262.1,24.3220347807977
"964",2013,"nevada",2837.7,603,25.4154726227671
"965",2013,"new hampshire",2194.3,215.3,147.822964369485
"966",2013,"new jersey",1882.8,288.5,1210.1358444384
"967",2013,"new mexico",3704.8,613,17.1914376164487
"968",2013,"new york",1824.8,393.7,416.991193820821
"969",2013,"north carolina",3128,342.2,202.559957217491
"970",2013,"north dakota",2094,270.1,10.4838045825423
"971",2013,"ohio",2927.5,286.2,283.17486111451
"972",2013,"oklahoma",3273.7,441.2,56.1348203221809
"973",2013,"oregon",3173.9,254,40.9432949952077
"974",2013,"pennsylvania",2060.8,335.4,285.492725119013
"976",2013,"rhode island",2442,257.2,1016.93520309478
"977",2013,"south carolina",3624.2,508.5,158.838328731579
"978",2013,"south dakota",1914.7,316.5,11.1445172864096
"979",2013,"tennessee",3180.9,590.6,157.535540196435
"980",2013,"texas",3258.2,408.3,101.244078060881
"981",2013,"utah",2950.4,224,35.3032980406474
"982",2013,"vermont",2214.2,121.1,67.9863296083324
"983",2013,"virginia",2065.9,196.2,209.177133451507
"984",2013,"washington",3710.3,289.1,104.902582159624
"985",2013,"west virginia",2103.9,300.3,77.140527498128
"986",2013,"wisconsin",2188.7,277.9,106.036282728313
"987",2013,"wyoming",2198.4,205.1,6.00102994036645
"988",2014,"alabama",3177.6,427.4,95.7523348800474
"989",2014,"alaska",2760,635.8,1.29106040400182
"990",2014,"arizona",3197.5,399.9,59.2591510114971
"991",2014,"arkansas",3338,480.1,57.0071874699721
"992",2014,"california",2441.1,396.1,249.086847392781
"993",2014,"colorado",2530.1,309.1,51.6765982902684
"994",2014,"connecticut",1920.4,236.9,742.808137133416
"995",2014,"delaware",2982,489.1,480.048229861467
"996",2014,"district of columbia",5182.5,1244.4,10801.5245901639
"997",2014,"florida",3415.5,540.5,370.970573426573
"998",2014,"georgia",3281.2,377.3,175.566271973293
"999",2014,"hawaii",3050,259.2,221.01214385801
"1000",2014,"idaho",1854.8,212.2,19.7774040148591
"1001",2014,"illinois",2075.9,370,232.003098038509
"1002",2014,"indiana",2649.4,365.3,184.135962708647
"1003",2014,"iowa",2093.8,273.5,55.6264389422991
"1004",2014,"kansas",2735.2,348.6,35.5192822808498
"1005",2014,"kentucky",2246.9,211.6,111.772704249607
"1006",2014,"louisiana",3458.8,514.7,107.621423942228
"1007",2014,"maine",1986.4,127.8,43.1245015076354
"1008",2014,"maryland",2507.5,446.1,615.680127742866
"1009",2014,"massachusetts",1857.1,391.4,864.795897435897
"1010",2014,"michigan",2043.9,427.3,175.275066768072
"1011",2014,"minnesota",2297.5,229.1,68.534203222525
"1012",2014,"mississippi",2921.2,278.5,63.8083455874518
"1013",2014,"missouri",2906.5,442.9,88.207922376422
"1014",2014,"montana",2472.9,323.7,7.032683825045
"1015",2014,"nebraska",2523.5,280.4,24.4910835155681
"1016",2014,"nevada",2625.4,635.6,25.8614787622631
"1017",2014,"new hampshire",1962.7,196.1,148.197587400871
"1018",2014,"new jersey",1734.1,261.2,1215.41677998368
"1019",2014,"new mexico",3542.3,597.4,17.1937872017675
"1020",2014,"new york",1718.2,381.8,419.009188133939
"1021",2014,"north carolina",2873.1,329.5,204.532559957218
"1022",2014,"north dakota",2110.3,265.1,10.7169751163027
"1023",2014,"ohio",2799.1,284.9,283.74643302905
"1024",2014,"oklahoma",2990.7,406,56.5354763466725
"1025",2014,"oregon",2879,232.3,41.3618264783098
"1026",2014,"pennsylvania",1931.7,314.1,285.792392106028
"1028",2014,"rhode island",2173.6,219.2,1020.47678916828
"1029",2014,"south carolina",3460.3,497.7,160.755863078407
"1030",2014,"south dakota",1863.9,326.5,11.2539736977483
"1031",2014,"tennessee",3060.6,608.4,158.829926033709
"1032",2014,"texas",3019.4,405.9,103.191638084155
"1033",2014,"utah",2878.5,215.6,35.8147985882926
"1034",2014,"vermont",1524.4,99.3,67.9789519366388
"1035",2014,"virginia",1930.3,196.2,210.845505191188
"1036",2014,"washington",3706.1,285.2,106.25872757915
"1037",2014,"west virginia",2034.7,302,76.9750395207588
"1038",2014,"wisconsin",2088.3,290.3,106.310498910595
"1039",2014,"wyoming",1964.7,195.5,6.01642754884492
"1040",2015,"alabama",2978.9,472.4,95.9419291144239
"1041",2015,"alaska",2817.6,730.2,1.29403950995459
"1042",2015,"arizona",3033.2,410.2,60.1093807771537
"1043",2015,"arkansas",3251.5,521.3,57.2346305371385
"1044",2015,"california",2618.3,426.3,251.284306613857
"1045",2015,"colorado",2641.5,321,52.6482893035642
"1046",2015,"connecticut",1812,218.5,741.612143742255
"1047",2015,"delaware",2691,499,485.343252950231
"1048",2015,"district of columbia",4676.2,1269.1,11020.131147541
"1049",2015,"florida",2813.2,461.9,378.019058275058
"1050",2015,"georgia",3022.3,378.3,177.609583920157
"1051",2015,"hawaii",3796.2,293.4,222.886968706212
"1052",2015,"idaho",1743.8,215.6,20.0250474934356
"1053",2015,"illinois",1988.6,383.8,231.632324069238
"1054",2015,"indiana",2596,387.5,184.773069837548
"1055",2015,"iowa",2047.3,286.1,55.9267235977586
"1056",2015,"kansas",2720.1,389.9,35.6124830293913
"1057",2015,"kentucky",2177.6,218.7,112.067365648584
"1058",2015,"louisiana",3353.4,539.7,108.108601055458
"1059",2015,"maine",1830,130.1,43.0998281619816
"1060",2015,"maryland",2315,457.2,618.770062841249
"1061",2015,"massachusetts",1690.7,390.9,871.079743589744
"1062",2015,"michigan",1885.6,415.5,175.499672792232
"1063",2015,"minnesota",2222.1,242.6,68.9413641101636
"1064",2015,"mississippi",2833.6,275.8,63.7711356903864
"1065",2015,"missouri",2854.2,497.4,88.5000727357365
"1066",2015,"montana",2623.6,349.6,7.09706209720638
"1067",2015,"nebraska",2241.1,274.9,24.6822607518484
"1068",2015,"nevada",2668.3,695.9,26.3328353722411
"1069",2015,"new hampshire",1745.7,199.3,148.62146766447
"1070",2015,"new jersey",1626.5,255.4,1218.11435953223
"1071",2015,"new mexico",3697.4,656.1,17.1899701561444
"1072",2015,"new york",1604,379.7,420.060921784153
"1073",2015,"north carolina",2750.1,347,206.565510716196
"1074",2015,"north dakota",2116.5,239.4,10.9697975391661
"1075",2015,"ohio",2587.7,291.9,284.217787131984
"1076",2015,"oklahoma",2885.9,422,57.020744952256
"1077",2015,"oregon",2946.6,259.8,41.9737571363087
"1078",2015,"pennsylvania",1812.8,315.1,286.134210938024
"1080",2015,"rhode island",1897.5,242.5,1021.56479690522
"1081",2015,"south carolina",3293.3,504.5,162.873690163335
"1082",2015,"south dakota",1943,383.1,11.3238052525359
"1083",2015,"tennessee",2936.2,612.1,160.065454104523
"1084",2015,"texas",2831.3,412.2,105.152178906106
"1085",2015,"utah",2980,236,36.4600097359134
"1086",2015,"vermont",1406.6,118,67.9225344472171
"1087",2015,"virginia",1866.5,195.6,212.281413015953
"1088",2015,"washington",3463.8,284.4,107.896217045865
"1089",2015,"west virginia",2020,337.9,76.7171977701972
"1090",2015,"wisconsin",1974,305.8,106.564810369659
"1091",2015,"wyoming",1902.6,222.1,6.03655258360541
"1092",2016,"alabama",2947.8,532.3,96.027248494422
"1093",2016,"alaska",3353,804.2,1.30010637160667
"1094",2016,"arizona",2978.4,470.1,61.0161716287832
"1095",2016,"arkansas",3268.6,550.9,57.427654463342
"1096",2016,"california",2553,445.3,251.959615866067
"1097",2016,"colorado",2740.7,342.6,53.4584917311515
"1098",2016,"connecticut",1808,227.1,738.631144155308
"1099",2016,"delaware",2766,508.8,488.488968701898
"1100",2016,"district of columbia",4802.9,1205.9,11166.7213114754
"1101",2016,"florida",2686.8,430.3,384.381146853147
"1102",2016,"georgia",3004.5,397.6,179.270269330412
"1103",2016,"hawaii",2992.7,309.2,222.412735481862
"1104",2016,"idaho",1744.2,230.3,20.3663952179858
"1105",2016,"illinois",2049,436.3,230.579423260505
"1106",2016,"indiana",2589.4,404.7,185.146346228996
"1107",2016,"iowa",2086,290.6,56.1199670587393
"1108",2016,"kansas",2695.5,380.4,35.5592534155261
"1109",2016,"kentucky",2189.7,232.3,112.368282429215
"1110",2016,"louisiana",3297.7,566.1,108.361864642163
"1111",2016,"maine",1645.7,123.8,43.1695684596181
"1112",2016,"maryland",2284.5,472,619.804986092511
"1113",2016,"massachusetts",1561.1,376.9,873.305
"1114",2016,"michigan",1909.9,459,175.600912644369
"1115",2016,"minnesota",2133.3,242.6,69.3226167003655
"1116",2016,"mississippi",2768.1,280.5,63.6942650725657
"1117",2016,"missouri",2799.1,519.4,88.6357685257921
"1118",2016,"montana",2683.5,368.3,7.1628213760598
"1119",2016,"nebraska",2263.3,291,24.8244819327294
"1120",2016,"nevada",2586.6,678.1,26.7811187728295
"1121",2016,"new hampshire",1512.9,197.6,149.08913213448
"1122",2016,"new jersey",1544.6,245,1216.27264073973
"1123",2016,"new mexico",3937.1,702.5,17.1562185691438
"1124",2016,"new york",1545.6,376.2,418.989284047023
"1125",2016,"north carolina",2737.5,372.2,208.7043481838
"1126",2016,"north dakota",2295.9,251.1,10.9846523963421
"1127",2016,"ohio",2577.5,300.3,284.241036685348
"1128",2016,"oklahoma",2982.9,449.8,57.1989357824914
"1129",2016,"oregon",2964.4,264.6,42.6455911155561
"1130",2016,"pennsylvania",1742.7,316.4,285.725744809244
"1132",2016,"rhode island",1898.7,238.9,1021.68858800774
"1133",2016,"south carolina",3243.8,501.8,165.035062040518
"1134",2016,"south dakota",1980.6,418.4,11.4159422775059
"1135",2016,"tennessee",2854.1,632.9,161.299721110707
"1136",2016,"texas",2759.8,434.4,106.658433882526
"1137",2016,"utah",2951.5,242.8,37.1329804064744
"1138",2016,"vermont",1697.4,158.3,67.765433438212
"1139",2016,"virginia",1859.4,217.6,213.011091415548
"1140",2016,"washington",3494.1,302.2,109.666546286265
"1141",2016,"west virginia",2047.2,358.1,76.1753057658707
"1142",2016,"wisconsin",1933.3,305.9,106.700912145943
"1143",2016,"wyoming",1957.3,244.2,6.03031114498471
"1144",2017,"alabama",2957.3,524.2,96.2532727811235
"1145",2017,"alaska",3542.1,829,1.29642805196262
"1146",2017,"arizona",2914.9,508,61.7662024402697
"1147",2017,"arkansas",3078.6,554.9,57.7357355626021
"1148",2017,"california",2496.7,449.3,253.799632813152
"1149",2017,"colorado",2701.6,368.1,54.1011751992435
"1150",2017,"connecticut",1769.9,228,741.054109871954
"1151",2017,"delaware",2440.6,453.4,493.555156490508
"1152",2017,"district of columbia",4283.9,1004.9,11376.5901639344
"1153",2017,"florida",2512.4,408,391.317482517483
"1154",2017,"georgia",2860.2,357.2,181.339505850851
"1155",2017,"hawaii",2829.5,250.6,222.254086875292
"1156",2017,"idaho",1635.4,226.4,20.7754195757656
"1157",2017,"illinois",2011.4,438.8,230.588140996776
"1158",2017,"indiana",2416.9,399,186.088818176743
"1159",2017,"iowa",2125.3,293.4,56.3172207601554
"1160",2017,"kansas",2800.9,413,35.6306094741863
"1161",2017,"kentucky",2129.1,225.8,112.804259737629
"1162",2017,"louisiana",3366.8,557,108.423595037497
"1163",2017,"maine",1507.1,121,43.3131342606102
"1164",2017,"maryland",2222.3,500.2,623.485834964459
"1165",2017,"massachusetts",1437,358,879.463974358974
"1166",2017,"michigan",1800,450,176.202462017369
"1167",2017,"minnesota",2191.5,238.3,70.0341090333681
"1168",2017,"mississippi",2733.9,285.7,63.5956780257017
"1169",2017,"missouri",2833.9,530.3,88.9344505542463
"1170",2017,"montana",2591.6,377.1,7.21760130817748
"1171",2017,"nebraska",2274,305.9,24.9931792148287
"1172",2017,"nevada",2612.4,555.9,27.3092702744555
"1173",2017,"new hampshire",1381.8,198.7,149.982687367363
"1174",2017,"new jersey",1555.5,228.8,1224.59124286103
"1175",2017,"new mexico",3941.7,783.5,17.2143811109829
"1176",2017,"new york",1514.2,356.7,421.19846793702
"1177",2017,"north carolina",2545.3,363.7,211.308959644576
"1178",2017,"north dakota",2197.8,281.3,10.9475659773047
"1179",2017,"ohio",2419.1,297.5,285.323633782825
"1180",2017,"oklahoma",2876.4,456.2,57.305401268314
"1181",2017,"oregon",2986.5,281.8,43.1593115806142
"1182",2017,"pennsylvania",1649.4,313.3,286.202020427776
"1184",2017,"rhode island",1751.6,232.2,1024.79593810445
"1185",2017,"south carolina",3195.9,506.2,167.139117128505
"1186",2017,"south dakota",1876.2,433.6,11.4715014971442
"1187",2017,"tennessee",2940.6,651.5,162.870959136656
"1188",2017,"texas",2562.6,438.9,108.350416488026
"1189",2017,"utah",2780.2,238.9,37.7489716441524
"1190",2017,"vermont",1436.7,165.8,67.6637734620809
"1191",2017,"virginia",1792.9,208.2,214.485186123069
"1192",2017,"washington",3173.6,304.5,111.438289996389
"1193",2017,"west virginia",1852,350.7,75.5411015891505
"1194",2017,"wisconsin",1808.3,319.9,107.010654012334
"1195",2017,"wyoming",1830.4,237.5,5.96659903391594
"1196",2018,"alabama",2817.2,519.6,96.5124099121335
"1197",2018,"alaska",3300.5,885,1.29229760917985
"1198",2018,"arizona",2676.8,474.9,63.1340211630896
"1199",2018,"arkansas",2913,543.6,57.9191890073989
"1200",2018,"california",2380.4,447.4,253.930536208346
"1201",2018,"colorado",2671.6,397.2,54.9542077536134
"1202",2018,"connecticut",1681,207.4,737.849029326724
"1203",2018,"delaware",2324.4,423.6,496.239610056439
"1204",2018,"district of columbia",4373.8,995.9,11515.6557377049
"1205",2018,"florida",2281.8,384.9,397.19020979021
"1206",2018,"georgia",2573.7,326.6,182.906038634743
"1207",2018,"hawaii",2870.3,248.6,221.15693601121
"1208",2018,"idaho",1461.4,227.1,21.2263349587987
"1209",2018,"illinois",1932.8,404.1,229.490444712621
"1210",2018,"indiana",2179.3,382.3,186.788310165801
"1211",2018,"iowa",1691.5,250.1,56.5040191918649
"1212",2018,"kansas",2633.9,439,35.610819603958
"1213",2018,"kentucky",1962.6,211.9,113.164210099782
"1214",2018,"louisiana",3276,537.5,107.859874085733
"1215",2018,"maine",1357.8,112.1,43.3940926628408
"1216",2018,"maryland",2033.3,468.7,622.511383537653
"1217",2018,"massachusetts",1263.3,338.1,884.890897435897
"1218",2018,"michigan",1653.5,449.4,176.79681281947
"1219",2018,"minnesota",1993.8,220.4,70.4682959297726
"1220",2018,"mississippi",2403,234.4,63.6474649958443
"1221",2018,"missouri",2647.1,502.1,89.1223996974193
"1222",2018,"montana",2496.3,374.1,7.29875778104517
"1223",2018,"nebraska",2079.9,284.8,25.1128293241695
"1224",2018,"nevada",2438.2,541.1,27.6404113644438
"1225",2018,"new hampshire",1248.5,173.2,151.508768010723
"1226",2018,"new jersey",1404.9,208.1,1211.38428066358
"1227",2018,"new mexico",3419.7,856.6,17.275041633003
"1228",2018,"new york",1440.5,350.5,414.679985570598
"1229",2018,"north carolina",2494.1,377.6,213.575630424946
"1230",2018,"north dakota",2040.2,280.6,11.015449051463
"1231",2018,"ohio",2177.1,279.9,286.078216392159
"1232",2018,"oklahoma",2875,466.1,57.4834754719732
"1233",2018,"oregon",2894,285.5,43.6587177563862
"1234",2018,"pennsylvania",1489.9,306,286.236059271841
"1236",2018,"rhode island",1660.9,219.1,1022.54835589942
"1237",2018,"south carolina",3017.6,488.3,169.12700841622
"1238",2018,"south dakota",1728.7,404.7,11.6372953792985
"1239",2018,"tennessee",2825.4,623.7,164.181156784285
"1240",2018,"texas",2367.2,410.9,109.871091596742
"1241",2018,"utah",2377.5,233.1,38.4703054642814
"1242",2018,"vermont",1283.1,172,67.9504177064121
"1243",2018,"virginia",1665.8,200,215.692200557103
"1244",2018,"washington",2946.2,311.5,113.392184302396
"1245",2018,"west virginia",1485.6,289.9,75.1240535818288
"1246",2018,"wisconsin",1559.9,295.4,107.344584364268
"1247",2018,"wyoming",1785.1,212.2,5.95034657493331
