"","year","region","vio_crime_rate","youth_rate","emp_rate","pop_density","white_rate","male_rate","pol_officer_rate"
"1",2010,"alabama",377.8,0.254,0.736,"94.4",0.674,0.482,2.35
"2",2010,"alaska",638.8,0.287,0.795,"1.2",0.642,0.508,1.77
"3",2010,"arizona",408.1,0.27,0.769,"56.3",0.58,0.492,2
"4",2010,"arkansas",505.3,0.26,0.756,"56",0.746,0.488,2.12
"5",2010,"california",440.6,0.265,0.779,"239.1",0.4,0.493,2.19
"6",2010,"colorado",320.8,0.259,0.807,"48.5",0.702,0.498,2.42
"7",2010,"connecticut",281.4,0.244,0.818,"738.1",0.712,0.483,2.35
"8",2010,"delaware",620.9,0.245,0.805,"460.8",0.656,0.481,3.89
"9",2010,"district of columbia",1330.2,0.184,0.755,"9,856.50",0.335,0.467,7.59
"10",2010,"florida",542.4,0.227,0.765,"350.6",0.579,0.484,2.45
"11",2010,"georgia",403.3,0.274,0.773,"168.4",0.56,0.483,4.03
"12",2010,"hawaii",262.7,0.24,0.79,"211.8",0.217,0.489,2.28
"13",2010,"idaho",221,0.289,0.789,"19",0.842,0.498,1.92
"14",2010,"illinois",435.2,0.259,0.796,"231.1",0.637,0.489,2.76
"15",2010,"indiana",314.5,0.263,0.787,"181",0.817,0.49,1.86
"16",2010,"iowa",273.5,0.252,0.831,"54.5",0.888,0.494,1.71
"17",2010,"kansas",369.1,0.272,0.823,"34.9",0.783,0.489,2.6
"18",2010,"kentucky",242.6,0.249,0.737,"109.9",0.868,0.487,2.11
"19",2010,"louisiana",549,0.264,0.77,"104.9",0.607,0.483,3.76
"20",2010,"maine",122,0.218,0.777,"43.1",0.946,0.487,1.68
"21",2010,"maryland",547.7,0.248,0.844,"594.8",0.548,0.48,2.69
"22",2010,"massachusetts",466.6,0.232,0.798,"839.4",0.764,0.483,2.47
"23",2010,"michigan",490.3,0.251,0.734,"174.8",0.767,0.489,2.02
"24",2010,"minnesota",236,0.255,0.817,"66.6",0.832,0.496,1.62
"25",2010,"mississippi",269.7,0.274,0.731,"63.2",0.584,0.479,2.19
"26",2010,"missouri",455,0.252,0.786,"87.1",0.812,0.486,2.62
"27",2010,"montana",272.2,0.243,0.776,"6.8",0.88,0.503,1.86
"28",2010,"nebraska",279.5,0.265,0.842,"23.8",0.824,0.494,1.93
"29",2010,"nevada",660.6,0.261,0.773,"24.6",0.539,0.501,2.18
"30",2010,"new hampshire",167,0.232,0.845,"147",0.921,0.491,1.98
"31",2010,"new jersey",307.7,0.248,0.838,"1,195.50",0.594,0.484,3.56
"32",2010,"new mexico",588.9,0.267,0.754,"17",0.405,0.489,2.2
"33",2010,"new york",392.1,0.237,0.801,"411.2",0.582,0.482,3
"34",2010,"north carolina",363.4,0.256,0.756,"196.1",0.654,0.481,2.58
"35",2010,"north dakota",225,0.241,0.842,"9.7",0.893,0.506,1.98
"36",2010,"ohio",315.2,0.25,0.771,"282.3",0.813,0.486,2.03
"37",2010,"oklahoma",479.5,0.268,0.788,"54.7",0.688,0.487,2.05
"38",2010,"oregon",252,0.239,0.747,"39.9",0.785,0.493,1.81
"39",2010,"pennsylvania",366.2,0.235,0.795,"283.9",0.798,0.485,2.06
"40",2010,"rhode island",256.6,0.229,0.765,"1,018.10",0.764,0.483,2.41
"41",2010,"south carolina",597.7,0.251,0.74,"153.9",0.644,0.479,2.67
"42",2010,"south dakota",268.5,0.267,0.828,"10.7",0.85,0.501,1.79
"43",2010,"tennessee",613.3,0.251,0.756,"153.9",0.758,0.483,2.67
"44",2010,"texas",450.3,0.291,0.811,"96.3",0.452,0.49,2.19
"45",2010,"utah",212.7,0.333,0.837,"33.6",0.804,0.5,1.78
"46",2010,"vermont",130.2,0.22,0.804,"67.9",0.945,0.49,1.95
"47",2010,"virginia",213.6,0.249,0.822,"202.6",0.649,0.483,2.39
"48",2010,"washington",313.8,0.25,0.778,"101.2",0.727,0.494,1.58
"49",2010,"west virginia",314.6,0.223,0.741,"77.1",0.936,0.489,1.95
"50",2010,"wisconsin",248.7,0.249,0.811,"105",0.835,0.494,2.29
"51",2010,"wyoming",195.9,0.259,0.849,"5.8",0.861,0.502,2.52
"52",2011,"alabama",420.1,0.251,0.739,"91.6203739",0.669,0.478,2.38
"53",2011,"alaska",606.5,0.278,0.792,"1.086166785",0.633,0.507,1.82
"54",2011,"arizona",405.9,0.266,0.757,"56.86906746",0.575,0.492,1.93
"55",2011,"arkansas",480.9,0.257,0.762,"55.24697719",0.745,0.491,2.16
"56",2011,"california",411.1,0.262,0.777,"230.2569535",0.395,0.494,2.09
"57",2011,"colorado",320.2,0.254,0.801,"49.1555325",0.699,0.497,2.33
"58",2011,"connecticut",272.8,0.241,0.818,"645.9875519",0.709,0.485,2.28
"59",2011,"delaware",559.5,0.243,0.788,"364.4576135",0.653,0.48,3.77
"60",2011,"district of columbia",1202.1,0.187,0.753,"9088.176471",0.343,0.474,7.88
"61",2011,"florida",515.3,0.224,0.765,"289.8132851",0.575,0.485,2.39
"62",2011,"georgia",373.2,0.273,0.762,"165.1697097",0.557,0.484,3.96
"63",2011,"hawaii",287.2,0.24,0.784,"125.7601537",0.219,0.487,2.26
"64",2011,"idaho",200.9,0.283,0.798,"18.96618363",0.839,0.5,1.88
"65",2011,"illinois",429.3,0.256,0.797,"222.21323",0.632,0.488,2.71
"66",2011,"indiana",331.8,0.262,0.787,"178.9380011",0.814,0.49,1.84
"67",2011,"iowa",255.6,0.251,0.833,"54.41879765",0.886,0.494,1.71
"68",2011,"kansas",353.9,0.269,0.828,"34.89678894",0.78,0.493,2.57
"69",2011,"kentucky",238.2,0.25,0.728,"108.1309642",0.864,0.488,2.1
"70",2011,"louisiana",555.3,0.263,0.759,"87.34270113",0.605,0.483,3.82
"71",2011,"maine",123.2,0.214,0.764,"37.54064443",0.945,0.487,1.69
"72",2011,"maryland",494.1,0.246,0.837,"469.7959858",0.543,0.48,2.64
"73",2011,"massachusetts",428.4,0.23,0.803,"624.1743415",0.759,0.484,2.49
"74",2011,"michigan",445.3,0.246,0.736,"102.1174494",0.766,0.488,1.94
"75",2011,"minnesota",221.2,0.254,0.829,"61.48041088",0.829,0.495,1.64
"76",2011,"mississippi",269.8,0.271,0.739,"61.49884374",0.581,0.482,2.14
"77",2011,"missouri",447.4,0.25,0.782,"86.22789677",0.811,0.487,2.6
"78",2011,"montana",267.5,0.234,0.763,"6.788622144",0.876,0.5,1.89
"79",2011,"nebraska",253.2,0.264,0.85,"23.82273621",0.819,0.495,1.98
"80",2011,"nevada",562.1,0.256,0.773,"24.62939985",0.535,0.5,2.02
"81",2011,"new hampshire",188,0.227,0.844,"140.9983956",0.922,0.495,1.98
"82",2011,"new jersey",308.4,0.246,0.835,"1011.252436",0.587,0.485,3.35
"83",2011,"new mexico",567.5,0.267,0.747,"17.12496093",0.401,0.491,2.21
"84",2011,"new york",398.1,0.234,0.795,"356.7995051",0.579,0.482,2.95
"85",2011,"north carolina",349.8,0.256,0.757,"179.4236422",0.651,0.48,2.56
"86",2011,"north dakota",247,0.237,0.861,"9.673993607",0.887,0.502,1.97
"87",2011,"ohio",307.4,0.248,0.771,"257.5503279",0.812,0.487,2
"88",2011,"oklahoma",454.8,0.266,0.792,"54.24266442",0.684,0.49,1.99
"89",2011,"oregon",247.6,0.233,0.745,"39.35655983",0.78,0.492,5.71
"90",2011,"pennsylvania",355,0.232,0.79,"276.6944457",0.795,0.485,2.06
"91",2011,"rhode island",247.5,0.224,0.786,"680.4543689",0.761,0.482,2.36
"92",2011,"south carolina",571.9,0.248,0.748,"146.1346034",0.642,0.48,2.81
"93",2011,"south dakota",254.1,0.263,0.841,"10.68626485",0.846,0.495,1.83
"94",2011,"tennessee",608.2,0.247,0.763,"151.9398491",0.756,0.484,2.66
"95",2011,"texas",408.5,0.29,0.814,"95.58847116",0.447,0.491,2.16
"96",2011,"utah",195,0.33,0.837,"33.18399943",0.8,0.501,1.82
"97",2011,"vermont",135.2,0.213,0.813,"65.14465474",0.944,0.491,1.89
"98",2011,"virginia",196.7,0.247,0.819,"189.2835535",0.646,0.485,2.37
"99",2011,"washington",294.6,0.245,0.786,"95.79564644",0.721,0.494,1.52
"100",2011,"west virginia",315.9,0.22,0.721,"76.57300867",0.936,0.491,1.83
"101",2011,"wisconsin",236.9,0.247,0.81,"87.20787529",0.833,0.494,2.22
"102",2011,"wyoming",219.3,0.251,0.854,"5.808614397",0.858,0.505,2.72
"103",2012,"alabama",449.9,0.249,0.748,"91.98822968",0.67,0.48,2.32
"104",2012,"alaska",603.2,0.27,0.785,"1.099288531",0.632,0.516,1.81
"105",2012,"arizona",428.9,0.262,0.775,"57.48973594",0.572,0.492,1.99
"106",2012,"arkansas",469.1,0.255,0.775,"55.45668403",0.742,0.488,2.16
"107",2012,"california",423.1,0.258,0.784,"232.3921317",0.392,0.493,2.04
"108",2012,"colorado",308.9,0.252,0.824,"49.83555248",0.697,0.497,2.37
"109",2012,"connecticut",283,0.238,0.815,"647.7263215",0.702,0.485,2.3
"110",2012,"delaware",547.4,0.238,0.808,"368.4580153",0.645,0.483,2.52
"111",2012,"district of columbia",1243.7,0.192,0.773,"9298.867647",0.348,0.469,7.81
"112",2012,"florida",487.1,0.22,0.769,"293.767572",0.569,0.485,2.46
"113",2012,"georgia",378.9,0.269,0.767,"166.9321834",0.553,0.483,3.92
"114",2012,"hawaii",239.2,0.237,0.789,"127.3612331",0.217,0.494,2.22
"115",2012,"idaho",207.9,0.281,0.804,"19.09473609",0.836,0.498,1.87
"116",2012,"illinois",414.8,0.253,0.806,"222.3167973",0.63,0.488,2.67
"117",2012,"indiana",345.7,0.259,0.801,"179.4984624",0.811,0.49,1.79
"118",2012,"iowa",263.9,0.25,0.845,"54.62985801",0.881,0.495,1.67
"119",2012,"kansas",354.6,0.267,0.837,"35.07505044",0.778,0.494,2.57
"120",2012,"kentucky",222.6,0.246,0.741,"108.4046476",0.863,0.487,2.11
"121",2012,"louisiana",496.9,0.26,0.76,"87.85927298",0.601,0.482,3.77
"122",2012,"maine",122.7,0.213,0.769,"37.56902205",0.942,0.491,1.67
"123",2012,"maryland",476.8,0.244,0.845,"474.3320168",0.539,0.48,2.88
"124",2012,"massachusetts",405.5,0.227,0.803,"629.7274967",0.754,0.483,2.45
"125",2012,"michigan",454.5,0.243,0.743,"102.1916165",0.764,0.489,1.88
"126",2012,"minnesota",230.9,0.252,0.838,"61.87470093",0.824,0.496,1.64
"127",2012,"mississippi",260.8,0.271,0.726,"61.63127684",0.579,0.477,2.05
"128",2012,"missouri",450.9,0.247,0.791,"86.39000387",0.809,0.487,2.54
"129",2012,"montana",272.2,0.232,0.791,"6.835833787",0.872,0.497,1.87
"130",2012,"nebraska",259.4,0.266,0.872,"23.98930806",0.815,0.494,1.91
"131",2012,"nevada",607.6,0.252,0.782,"24.9514434",0.529,0.502,2.06
"132",2012,"new hampshire",187.9,0.222,0.847,"141.2683709",0.919,0.49,1.96
"133",2012,"new jersey",290.2,0.243,0.838,"1016.231801",0.581,0.485,3.3
"134",2012,"new mexico",559.1,0.266,0.745,"17.15221647",0.398,0.493,2.19
"135",2012,"new york",406.8,0.232,0.797,"358.7253414",0.574,0.483,2.92
"136",2012,"north carolina",353.4,0.251,0.767,"181.2013044",0.647,0.482,2.55
"137",2012,"north dakota",244.7,0.237,0.867,"9.896008374",0.884,0.512,2.04
"138",2012,"ohio",299.7,0.244,0.78,"257.534132",0.809,0.486,1.94
"139",2012,"oklahoma",469.3,0.263,0.802,"54.57617419",0.681,0.49,2.04
"140",2012,"oregon",247.6,0.233,0.753,"39.63603005",0.778,0.495,1.75
"141",2012,"pennsylvania",348.7,0.229,0.795,"277.1428323",0.791,0.487,1.98
"142",2012,"rhode island",252.4,0.223,0.793,"679.8006472",0.753,0.483,2.33
"143",2012,"south carolina",558.8,0.247,0.749,"147.5241412",0.643,0.48,2.65
"144",2012,"south dakota",321.8,0.261,0.843,"10.8064993",0.84,0.499,1.87
"145",2012,"tennessee",643.6,0.246,0.768,"153.194832",0.753,0.484,2.68
"146",2012,"texas",408.6,0.286,0.82,"97.02007104",0.444,0.492,2.07
"147",2012,"utah",205.8,0.324,0.843,"33.63236628",0.8,0.502,1.63
"148",2012,"vermont",142.6,0.21,0.814,"65.10097754",0.943,0.496,2
"149",2012,"virginia",190.1,0.245,0.828,"191.3703565",0.642,0.482,2.36
"150",2012,"washington",295.6,0.243,0.791,"96.73499958",0.717,0.495,1.46
"151",2012,"west virginia",316.3,0.219,0.734,"76.57503095",0.933,0.49,1.89
"152",2012,"wisconsin",280.5,0.244,0.816,"87.43126298",0.831,0.494,2.2
"153",2012,"wyoming",201.4,0.249,0.849,"5.892999908",0.848,0.504,2.55
"154",2013,"alabama",430.8,0.248,0.749,"92.21140786",0.666,0.481,2.37
"155",2013,"alaska",640.4,0.272,0.806,"1.104823681",0.625,0.513,1.84
"156",2013,"arizona",416.5,0.258,0.785,"58.13338012",0.568,0.492,1.84
"157",2013,"arkansas",460.3,0.255,0.771,"55.64927885",0.738,0.491,2.17
"158",2013,"california",402.1,0.253,0.791,"234.1703839",0.389,0.494,2.02
"159",2013,"colorado",308,0.251,0.824,"50.61162987",0.694,0.498,2.4
"160",2013,"connecticut",262.5,0.235,0.818,"648.760599",0.695,0.486,2.32
"161",2013,"delaware",491.4,0.235,0.793,"371.9361189",0.643,0.482,2.62
"162",2013,"district of columbia",1300.3,0.187,0.757,"9506.602941",0.351,0.468,8.04
"163",2013,"florida",470.4,0.219,0.775,"297.3457222",0.563,0.485,2.45
"164",2013,"georgia",365.7,0.267,0.783,"168.1475305",0.549,0.483,3.74
"165",2013,"hawaii",251.6,0.236,0.804,"128.435236",0.217,0.489,2.17
"166",2013,"idaho",217,0.28,0.82,"19.29107683",0.833,0.499,1.81
"167",2013,"illinois",380.2,0.248,0.81,"222.4355942",0.628,0.489,2.63
"168",2013,"indiana",357.4,0.257,0.803,"180.4201538",0.807,0.489,1.75
"169",2013,"iowa",271.4,0.25,0.849,"54.91827342",0.876,0.494,1.67
"170",2013,"kansas",339.9,0.265,0.841,"35.17291378",0.773,0.494,2.55
"171",2013,"kentucky",209.8,0.245,0.754,"108.7728915",0.86,0.489,2.07
"172",2013,"louisiana",518.5,0.257,0.768,"88.30940471",0.599,0.482,3.63
"173",2013,"maine",129.3,0.206,0.798,"37.54386659",0.941,0.488,1.67
"174",2013,"maryland",473.8,0.241,0.849,"477.8989199",0.532,0.483,3.16
"175",2013,"massachusetts",413.4,0.223,0.81,"634.1504643",0.748,0.484,2.47
"176",2013,"michigan",449.9,0.24,0.764,"102.3184027",0.762,0.489,1.86
"177",2013,"minnesota",234.4,0.249,0.847,"62.34908438",0.82,0.493,1.61
"178",2013,"mississippi",274.6,0.265,0.731,"61.76096383",0.576,0.48,2.11
"179",2013,"missouri",433.4,0.244,0.797,"86.7082359",0.806,0.487,2.6
"180",2013,"montana",252.9,0.234,0.765,"6.904005713",0.874,0.497,1.72
"181",2013,"nebraska",262.1,0.264,0.868,"24.15726328",0.809,0.494,1.9
"182",2013,"nevada",603,0.25,0.787,"25.23365771",0.522,0.499,1.92
"183",2013,"new hampshire",215.3,0.219,0.846,"141.5615574",0.917,0.491,1.95
"184",2013,"new jersey",288.5,0.242,0.838,"1020.215408",0.575,0.486,3.23
"185",2013,"new mexico",613,0.26,0.732,"17.15015215",0.394,0.492,1.92
"186",2013,"new york",393.7,0.229,0.802,"360.2076253",0.57,0.484,2.9
"187",2013,"north carolina",342.2,0.248,0.774,"182.9848195",0.645,0.482,2.51
"188",2013,"north dakota",270.1,0.236,0.87,"10.2321565",0.874,0.507,2.01
"189",2013,"ohio",286.2,0.242,0.785,"258.1271583",0.806,0.487,1.96
"190",2013,"oklahoma",441.2,0.262,0.814,"55.08759782",0.677,0.49,2.01
"191",2013,"oregon",254,0.229,0.767,"39.94821049",0.775,0.493,1.69
"192",2013,"pennsylvania",335.4,0.226,0.802,"277.3657228",0.786,0.486,1.95
"193",2013,"rhode island",257.2,0.217,0.793,"680.589644",0.746,0.49,2.31
"194",2013,"south carolina",508.5,0.242,0.759,"149.1205184",0.642,0.48,2.84
"195",2013,"south dakota",316.5,0.256,0.821,"10.95592354",0.837,0.502,1.76
"196",2013,"tennessee",590.6,0.244,0.772,"154.1376708",0.751,0.486,2.7
"197",2013,"texas",408.3,0.283,0.826,"98.46830556",0.44,0.492,2.05
"198",2013,"utah",224,0.326,0.845,"34.16931105",0.796,0.502,1.5
"199",2013,"vermont",121.1,0.215,0.806,"65.16534942",0.941,0.493,1.93
"200",2013,"virginia",196.2,0.243,0.825,"193.1129164",0.638,0.484,2.36
"201",2013,"washington",289.1,0.241,0.801,"97.77842296",0.71,0.496,1.47
"202",2013,"west virginia",300.3,0.217,0.74,"76.52926125",0.932,0.491,1.9
"203",2013,"wisconsin",277.9,0.241,0.823,"87.68036216",0.826,0.495,2.17
"204",2013,"wyoming",205.1,0.251,0.866,"5.956856451",0.85,0.504,2.81
"205",2014,"alabama",427.4,0.243,0.76,"92.51005341",0.664,0.482,2.35
"206",2014,"alaska",635.8,0.272,0.821,"1.107228307",0.62,0.517,1.78
"207",2014,"arizona",399.9,0.255,0.791,"59.05328538",0.564,0.49,1.89
"208",2014,"arkansas",480.1,0.256,0.777,"55.78083454",0.736,0.487,2.17
"209",2014,"california",396.1,0.25,0.801,"237.041449",0.383,0.493,2.01
"210",2014,"colorado",309.1,0.247,0.833,"51.45220666",0.69,0.498,2.34
"211",2014,"connecticut",236.9,0.231,0.825,"648.8683024",0.688,0.486,2.33
"212",2014,"delaware",489.1,0.234,0.814,"375.8995581",0.639,0.482,2.99
"213",2014,"district of columbia",1244.4,0.188,0.79,"9689.602941",0.354,0.474,7.83
"214",2014,"florida",540.5,0.217,0.786,"302.5228413",0.557,0.485,2.3
"215",2014,"georgia",377.3,0.264,0.788,"169.9174253",0.545,0.482,3.72
"216",2014,"hawaii",259.2,0.233,0.809,"129.8537322",0.217,0.491,2.22
"217",2014,"idaho",212.2,0.278,0.819,"19.55825725",0.829,0.496,1.79
"218",2014,"illinois",370,0.246,0.816,"222.408744",0.623,0.488,2.66
"219",2014,"indiana",365.3,0.254,0.806,"181.1327567",0.805,0.49,1.77
"220",2014,"iowa",273.5,0.248,0.851,"55.21521867",0.873,0.497,1.64
"221",2014,"kansas",348.6,0.266,0.84,"35.2952308",0.77,0.491,2.59
"222",2014,"kentucky",211.6,0.243,0.749,"109.222357",0.858,0.491,2.17
"223",2014,"louisiana",514.7,0.256,0.773,"88.77154531",0.596,0.482,3.68
"224",2014,"maine",127.8,0.204,0.789,"37.59437535",0.938,0.482,1.69
"225",2014,"maryland",446.1,0.24,0.852,"481.7352088",0.525,0.482,2.64
"226",2014,"massachusetts",391.4,0.221,0.821,"639.1328406",0.74,0.485,2.5
"227",2014,"michigan",427.3,0.236,0.769,"102.4657961",0.76,0.489,1.88
"228",2014,"minnesota",229.1,0.247,0.855,"62.77230376",0.815,0.495,1.69
"229",2014,"mississippi",278.5,0.263,0.742,"61.82026346",0.576,0.481,2.03
"230",2014,"missouri",442.9,0.243,0.794,"86.9868019",0.802,0.487,2.61
"231",2014,"montana",323.7,0.231,0.784,"6.961228237",0.87,0.496,1.76
"232",2014,"nebraska",280.4,0.266,0.871,"24.32516678",0.806,0.498,1.96
"233",2014,"nevada",635.6,0.245,0.798,"25.67647325",0.514,0.499,1.95
"234",2014,"new hampshire",196.1,0.217,0.851,"141.9203123",0.913,0.493,2
"235",2014,"new jersey",261.2,0.239,0.851,"1024.667546",0.568,0.487,3.38
"236",2014,"new mexico",597.4,0.254,0.757,"17.15249609",0.387,0.489,2.12
"237",2014,"new york",381.8,0.227,0.806,"361.9508203",0.564,0.484,2.89
"238",2014,"north carolina",329.5,0.246,0.781,"184.7667924",0.641,0.481,2.55
"239",2014,"north dakota",265.1,0.241,0.852,"10.45973012",0.87,0.508,2.1
"240",2014,"ohio",284.9,0.241,0.792,"258.6481729",0.803,0.488,1.97
"241",2014,"oklahoma",406,0.26,0.811,"55.48077941",0.672,0.489,2.04
"242",2014,"oregon",232.3,0.227,0.779,"40.35657",0.77,0.492,1.9
"243",2014,"pennsylvania",314.1,0.225,0.808,"277.6568593",0.781,0.487,1.99
"244",2014,"rhode island",219.2,0.218,0.798,"682.9598706",0.741,0.484,2.36
"245",2014,"south carolina",497.7,0.24,0.773,"150.920737",0.641,0.481,2.51
"246",2014,"south dakota",326.5,0.261,0.848,"11.06352767",0.836,0.5,1.9
"247",2014,"tennessee",608.4,0.242,0.776,"155.4041382",0.748,0.484,2.7
"248",2014,"texas",405.9,0.281,0.83,"100.36247",0.435,0.491,2
"249",2014,"utah",215.6,0.324,0.865,"34.66438154",0.794,0.5,1.6
"250",2014,"vermont",99.3,0.207,0.818,"65.15827787",0.934,0.487,1.98
"251",2014,"virginia",196.2,0.242,0.826,"194.6531619",0.631,0.484,2.36
"252",2014,"washington",285.2,0.24,0.809,"99.04246963",0.703,0.497,1.43
"253",2014,"west virginia",302,0.217,0.734,"76.36508461",0.929,0.492,1.63
"254",2014,"wisconsin",290.3,0.238,0.827,"87.90710883",0.824,0.494,2.2
"255",2014,"wyoming",195.5,0.248,0.868,"5.972140717",0.843,0.507,2.66
"256",2015,"alabama",472.4,0.243,0.763,"92.69322778",0.662,0.481,2.37
"257",2015,"alaska",730.2,0.271,0.792,"1.109783223",0.615,0.514,1.77
"258",2015,"arizona",410.2,0.251,0.799,"59.90056145",0.558,0.49,1.91
"259",2015,"arkansas",521.3,0.25,0.779,"56.00338479",0.731,0.486,2.16
"260",2015,"california",426.3,0.246,0.813,"239.132643",0.378,0.493,2
"261",2015,"colorado",321,0.245,0.843,"52.41967837",0.686,0.498,2.3
"262",2015,"connecticut",218.5,0.229,0.83,"647.8235612",0.68,0.487,2.16
"263",2015,"delaware",499,0.231,0.813,"380.0458015",0.632,0.479,2.96
"264",2015,"district of columbia",1269.1,0.189,0.781,"9885.705882",0.355,0.475,7.27
"265",2015,"florida",461.9,0.215,0.796,"308.2708112",0.552,0.484,2.41
"266",2015,"georgia",378.3,0.263,0.801,"171.8949937",0.54,0.482,3.66
"267",2015,"hawaii",293.4,0.233,0.818,"130.9552689",0.217,0.49,2.16
"268",2015,"idaho",215.6,0.276,0.821,"19.80315667",0.828,0.497,1.8
"269",2015,"illinois",383.8,0.243,0.821,"222.0533032",0.619,0.487,2.74
"270",2015,"indiana",387.5,0.253,0.818,"181.7594728",0.801,0.49,1.78
"271",2015,"iowa",286.1,0.246,0.852,"55.51328346",0.869,0.495,1.66
"272",2015,"kansas",389.9,0.264,0.848,"35.38784365",0.765,0.493,2.54
"273",2015,"kentucky",218.7,0.242,0.762,"109.510295",0.855,0.489,2.35
"274",2015,"louisiana",539.7,0.255,0.769,"89.17339341",0.594,0.483,3.65
"275",2015,"maine",130.1,0.2,0.799,"37.57286603",0.937,0.489,1.73
"276",2015,"maryland",457.2,0.237,0.853,"484.1529099",0.519,0.48,2.87
"277",2015,"massachusetts",390.9,0.218,0.822,"643.7769566",0.731,0.485,2.53
"278",2015,"michigan",415.5,0.235,0.778,"102.5971007",0.757,0.489,1.9
"279",2015,"minnesota",242.6,0.246,0.856,"63.14523328",0.811,0.497,1.74
"280",2015,"mississippi",275.8,0.263,0.747,"61.78421292",0.573,0.478,2.07
"281",2015,"missouri",497.4,0.243,0.816,"87.27490783",0.802,0.488,2.61
"282",2015,"montana",349.6,0.229,0.808,"7.024952394",0.869,0.502,1.82
"283",2015,"nebraska",274.9,0.264,0.868,"24.51504887",0.802,0.496,1.98
"284",2015,"nevada",695.9,0.243,0.795,"26.14445791",0.506,0.497,2.2
"285",2015,"new hampshire",199.3,0.213,0.864,"142.3262381",0.913,0.495,2.03
"286",2015,"new jersey",255.4,0.237,0.85,"1026.941763",0.562,0.486,3.72
"287",2015,"new mexico",656.1,0.255,0.751,"17.14868821",0.383,0.492,2.22
"288",2015,"new york",379.7,0.225,0.813,"362.8593346",0.559,0.484,2.94
"289",2015,"north carolina",347,0.244,0.794,"186.6032814",0.638,0.483,2.53
"290",2015,"north dakota",239.4,0.246,0.855,"10.70648392",0.862,0.509,2.22
"291",2015,"ohio",291.9,0.24,0.796,"259.0778343",0.799,0.488,2.03
"292",2015,"oklahoma",422,0.263,0.814,"55.95699509",0.667,0.491,2.11
"293",2015,"oregon",259.8,0.224,0.797,"40.95362831",0.767,0.492,1.7
"294",2015,"pennsylvania",315.1,0.224,0.817,"277.9889478",0.776,0.486,1.98
"295",2015,"rhode island",242.5,0.216,0.803,"683.6880259",0.733,0.484,2.3
"296",2015,"south carolina",504.5,0.236,0.779,"152.9089944",0.64,0.482,2.66
"297",2015,"south dakota",383.1,0.262,0.837,"11.1321775",0.829,0.501,1.94
"298",2015,"tennessee",612.1,0.241,0.792,"156.6130173",0.745,0.484,2.68
"299",2015,"texas",412.2,0.28,0.839,"102.2692594",0.43,0.491,2.05
"300",2015,"utah",236,0.321,0.864,"35.28886769",0.79,0.502,1.56
"301",2015,"vermont",118,0.201,0.832,"65.10420133",0.936,0.494,1.91
"302",2015,"virginia",195.6,0.241,0.831,"195.978796",0.628,0.483,2.33
"303",2015,"washington",284.4,0.237,0.819,"100.5687537",0.699,0.497,1.41
"304",2015,"west virginia",337.9,0.216,0.738,"76.10928601",0.928,0.49,2.04
"305",2015,"wisconsin",305.8,0.236,0.842,"88.11739648",0.821,0.495,2.19
"306",2015,"wyoming",222.1,0.256,0.862,"5.992117612",0.843,0.495,2.59
"307",2016,"alabama",532.3,0.241,0.77,"92.77565815",0.66,0.481,2.4
"308",2016,"alaska",804.2,0.272,0.781,"1.114986234",0.614,0.517,1.7
"309",2016,"arizona",470.1,0.249,0.8,"60.80420212",0.555,0.492,1.83
"310",2016,"arkansas",550.9,0.253,0.789,"56.19225634",0.73,0.488,2.21
"311",2016,"california",445.3,0.245,0.82,"239.7752955",0.375,0.494,2
"312",2016,"colorado",342.6,0.241,0.846,"53.22636271",0.687,0.499,2.28
"313",2016,"connecticut",227.1,0.225,0.837,"645.2195562",0.676,0.486,2.17
"314",2016,"delaware",508.8,0.228,0.834,"382.5090398",0.63,0.48,3.03
"315",2016,"district of columbia",1205.9,0.192,0.771,"10017.20588",0.359,0.471,7.04
"316",2016,"florida",430.3,0.213,0.803,"313.4590316",0.547,0.485,2.38
"317",2016,"georgia",397.6,0.261,0.81,"173.5022465",0.534,0.481,3.68
"318",2016,"hawaii",309.2,0.232,0.823,"130.6766374",0.211,0.492,2.08
"319",2016,"idaho",230.3,0.274,0.838,"20.14072204",0.825,0.496,1.81
"320",2016,"illinois",436.3,0.242,0.827,"221.0439445",0.618,0.488,2.66
"321",2016,"indiana",404.7,0.252,0.824,"182.1266612",0.798,0.49,1.76
"322",2016,"iowa",290.6,0.244,0.862,"55.70509836",0.866,0.495,1.66
"323",2016,"kansas",380.4,0.262,0.863,"35.3349498",0.765,0.494,2.59
"324",2016,"kentucky",232.3,0.242,0.764,"109.8043457",0.852,0.488,2.07
"325",2016,"louisiana",566.1,0.255,0.761,"89.38229791",0.594,0.483,3.52
"326",2016,"maine",123.8,0.205,0.795,"37.63366309",0.936,0.486,1.93
"327",2016,"maryland",472,0.238,0.86,"484.9626793",0.514,0.48,2.81
"328",2016,"massachusetts",376.9,0.218,0.83,"645.4215463",0.726,0.486,2.57
"329",2016,"michigan",459,0.232,0.794,"102.6562855",0.756,0.489,1.91
"330",2016,"minnesota",242.6,0.245,0.867,"63.49443269",0.807,0.496,1.75
"331",2016,"mississippi",280.5,0.262,0.755,"61.70973736",0.572,0.476,2.02
"332",2016,"missouri",519.4,0.244,0.823,"87.40872509",0.798,0.49,2.63
"333",2016,"montana",368.3,0.232,0.798,"7.090043526",0.866,0.502,1.85
"334",2016,"nebraska",291,0.259,0.879,"24.65630656",0.8,0.496,1.92
"335",2016,"nevada",678.1,0.242,0.817,"26.58953442",0.499,0.498,2.36
"336",2016,"new hampshire",197.6,0.21,0.875,"142.7740935",0.911,0.499,2.03
"337",2016,"new jersey",245,0.236,0.858,"1025.389086",0.557,0.486,3.76
"338",2016,"new mexico",702.5,0.248,0.756,"17.11501768",0.379,0.489,2.31
"339",2016,"new york",376.2,0.223,0.817,"361.9336266",0.556,0.484,2.98
"340",2016,"north carolina",372.2,0.242,0.797,"188.5354243",0.636,0.481,2.51
"341",2016,"north dakota",251.1,0.243,0.855,"10.72098221",0.854,0.512,2.31
"342",2016,"ohio",300.3,0.238,0.808,"259.0990274",0.796,0.489,1.96
"343",2016,"oklahoma",449.8,0.263,0.809,"56.13186169",0.663,0.491,2.21
"344",2016,"oregon",264.6,0.223,0.811,"41.60913406",0.763,0.495,1.8
"345",2016,"pennsylvania",316.4,0.222,0.819,"277.5921093",0.773,0.488,1.96
"346",2016,"rhode island",238.9,0.213,0.799,"683.7708738",0.728,0.484,2.33
"347",2016,"south carolina",501.8,0.237,0.794,"154.9381324",0.64,0.48,2.64
"348",2016,"south dakota",418.4,0.263,0.849,"11.22275533",0.827,0.502,1.92
"349",2016,"tennessee",632.9,0.24,0.798,"157.8206625",0.744,0.484,2.66
"350",2016,"texas",434.4,0.279,0.839,"103.7342179",0.425,0.492,2.04
"351",2016,"utah",242.8,0.321,0.871,"35.94022168",0.788,0.502,1.55
"352",2016,"vermont",158.3,0.204,0.841,"64.95361897",0.935,0.492,2.01
"353",2016,"virginia",217.6,0.239,0.836,"196.6524372",0.623,0.485,2.35
"354",2016,"washington",302.2,0.236,0.827,"102.2188561",0.695,0.495,1.43
"355",2016,"west virginia",358.1,0.217,0.743,"75.57168799",0.924,0.492,2.06
"356",2016,"wisconsin",305.9,0.234,0.841,"88.22993771",0.819,0.494,2.21
"357",2016,"wyoming",244.2,0.255,0.839,"5.985922117",0.847,0.505,2.58
"358",2017,"alabama",524.2,0.24,0.75,"92.994029",0.658,0.482,1.07
"359",2017,"alaska",829,0.271,0.779,"1.111831664",0.61,0.513,1.67
"360",2017,"arizona",508,0.247,0.786,"61.55162734",0.55,0.492,1.83
"361",2017,"arkansas",554.9,0.251,0.773,"56.49370992",0.725,0.489,1.98
"362",2017,"california",449.3,0.242,0.795,"241.5263325",0.37,0.494,1.98
"363",2017,"colorado",368.1,0.238,0.824,"53.8662555",0.683,0.499,2.19
"364",2017,"connecticut",228,0.222,0.809,"647.3360996",0.667,0.486,2.01
"365",2017,"delaware",453.4,0.224,0.787,"386.4760948",0.626,0.481,2.33
"366",2017,"district of columbia",1004.9,0.191,0.747,"10205.47059",0.36,0.471,6.09
"367",2017,"florida",408,0.213,0.778,"319.1155449",0.539,0.485,2.17
"368",2017,"georgia",357.2,0.258,0.797,"175.5049053",0.529,0.481,2.25
"369",2017,"hawaii",250.6,0.231,0.796,"130.5834248",0.207,0.488,2.07
"370",2017,"idaho",226.4,0.273,0.812,"20.54521413",0.821,0.501,1.6
"371",2017,"illinois",438.8,0.241,0.808,"221.0523017",0.613,0.489,1.96
"372",2017,"indiana",399,0.25,0.803,"183.0537617",0.794,0.49,1.06
"373",2017,"iowa",293.4,0.248,0.838,"55.90089386",0.859,0.493,1.63
"374",2017,"kansas",413,0.26,0.833,"35.40585576",0.761,0.495,2.29
"375",2017,"kentucky",225.8,0.242,0.753,"110.2303752",0.849,0.491,1.7
"376",2017,"louisiana",557,0.255,0.746,"89.43321624",0.588,0.482,3.21
"377",2017,"maine",121,0.201,0.778,"37.75881854",0.937,0.489,1.9
"378",2017,"maryland",500.2,0.236,0.836,"487.8427374",0.507,0.482,2.68
"379",2017,"massachusetts",358,0.216,0.804,"649.973375",0.717,0.486,2.4
"380",2017,"michigan",450,0.23,0.774,"103.0079513",0.753,0.49,1.64
"381",2017,"minnesota",238.3,0.244,0.839,"64.14610748",0.8,0.496,1.66
"382",2017,"mississippi",285.7,0.259,0.74,"61.614222",0.569,0.48,0.74
"383",2017,"missouri",530.3,0.241,0.795,"87.70327227",0.797,0.488,2.37
"384",2017,"montana",377.1,0.225,0.789,"7.144266866",0.865,0.496,1.73
"385",2017,"nebraska",305.9,0.26,0.848,"24.82386099",0.792,0.498,1.66
"386",2017,"nevada",555.9,0.239,0.788,"27.11390768",0.489,0.497,2.27
"387",2017,"new hampshire",198.7,0.204,0.839,"143.6298",0.906,0.496,2.02
"388",2017,"new jersey",228.8,0.233,0.845,"1032.402155",0.55,0.486,3.46
"389",2017,"new mexico",783.5,0.25,0.727,"17.17304055",0.373,0.493,1.43
"390",2017,"new york",356.7,0.221,0.795,"363.841976",0.552,0.484,2.85
"391",2017,"north carolina",363.7,0.241,0.784,"190.8883294",0.631,0.482,2.35
"392",2017,"north dakota",281.3,0.244,0.854,"10.68478599",0.847,0.51,2.24
"393",2017,"ohio",297.5,0.237,0.785,"260.0858653",0.792,0.487,1.15
"394",2017,"oklahoma",456.2,0.262,0.783,"56.23634101",0.659,0.489,2.23
"395",2017,"oregon",281.8,0.222,0.773,"42.11036908",0.758,0.494,1.59
"396",2017,"pennsylvania",313.3,0.222,0.799,"278.0548269",0.767,0.488,1.9
"397",2017,"rhode island",232.2,0.212,0.808,"685.8504854",0.722,0.485,2.36
"398",2017,"south carolina",506.2,0.233,0.775,"156.9134603",0.64,0.48,1.8
"399",2017,"south dakota",433.6,0.256,0.831,"11.27737435",0.825,0.502,1.95
"400",2017,"tennessee",651.5,0.239,0.79,"159.3580106",0.741,0.484,2.49
"401",2017,"texas",438.9,0.277,0.823,"105.3798121",0.419,0.492,1.54
"402",2017,"utah",238.9,0.315,0.853,"36.53642649",0.785,0.502,1.5
"403",2017,"vermont",165.8,0.2,0.797,"64.8561772",0.931,0.493,1.87
"404",2017,"virginia",208.2,0.237,0.818,"198.0133255",0.619,0.484,2.25
"405",2017,"washington",304.5,0.235,0.8,"103.8702769",0.687,0.496,1.44
"406",2017,"west virginia",350.7,0.219,0.702,"74.94250929",0.926,0.49,2.01
"407",2017,"wisconsin",319.9,0.234,0.82,"88.48606022",0.815,0.495,2.18
"408",2017,"wyoming",237.5,0.253,0.818,"5.92267899",0.842,0.509,2.11
"409",2018,"alabama",519.6,0.237,0.759,"93.24439145",0.656,0.481,2.17
"410",2018,"alaska",885,0.27,0.764,"1.108289349",0.601,0.503,1.73
"411",2018,"arizona",474.9,0.244,0.789,"62.91469427",0.545,0.492,1.79
"412",2018,"arkansas",543.6,0.249,0.767,"56.67321687",0.722,0.486,2.22
"413",2018,"california",447.4,0.241,0.802,"241.6509056",0.367,0.494,1.99
"414",2018,"colorado",397.2,0.238,0.827,"54.71558399",0.68,0.498,2.17
"415",2018,"connecticut",207.4,0.222,0.818,"644.5363522",0.663,0.485,2.15
"416",2018,"delaware",423.6,0.22,0.813,"388.5781438",0.621,0.479,2.35
"417",2018,"district of columbia",995.9,0.195,0.769,"10330.22059",0.367,0.472,6.25
"418",2018,"florida",384.9,0.211,0.79,"323.904696",0.533,0.484,2.08
"419",2018,"georgia",326.6,0.256,0.807,"177.0210349",0.525,0.481,2.52
"420",2018,"hawaii",248.6,0.23,0.786,"129.9388035",0.206,0.49,2
"421",2018,"idaho",227.1,0.269,0.801,"20.99113308",0.819,0.499,1.59
"422",2018,"illinois",404.1,0.238,0.817,"220",0.61,0.49,2.09
"423",2018,"indiana",382.3,0.248,0.814,"183.7418451",0.79,0.489,1.33
"424",2018,"iowa",250.1,0.247,0.838,"56.08631137",0.855,0.496,1.48
"425",2018,"kansas",439,0.259,0.834,"35.38619072",0.76,0.495,2.2
"426",2018,"kentucky",211.9,0.237,0.754,"110.5821125",0.848,0.487,1.65
"427",2018,"louisiana",537.5,0.253,0.75,"88.96823094",0.588,0.482,3.02
"428",2018,"maine",112.1,0.193,0.788,"37.82939514",0.934,0.485,1.91
"429",2018,"maryland",468.7,0.235,0.844,"487.0802837",0.503,0.481,2.72
"430",2018,"massachusetts",338.1,0.212,0.812,"653.9841766",0.708,0.486,2.42
"431",2018,"michigan",449.4,0.228,0.778,"103.3554087",0.75,0.49,1.66
"432",2018,"minnesota",220.4,0.244,0.838,"64.54379083",0.796,0.499,1.67
"433",2018,"mississippi",234.4,0.255,0.752,"61.66439544",0.567,0.478,0.9
"434",2018,"missouri",502.1,0.237,0.802,"87.88861951",0.795,0.487,2.31
"435",2018,"montana",374.1,0.225,0.787,"7.224598749",0.861,0.505,1.74
"436",2018,"nebraska",284.8,0.261,0.849,"24.94270052",0.787,0.496,1.9
"437",2018,"nevada",541.1,0.237,0.792,"27.44267988",0.485,0.498,2.07
"438",2018,"new hampshire",173.2,0.203,0.837,"145.0912397",0.902,0.494,2.05
"439",2018,"new jersey",208.1,0.232,0.852,"1021.267912",0.547,0.486,3.55
"440",2018,"new mexico",856.6,0.244,0.731,"17.23355539",0.369,0.491,1.15
"441",2018,"new york",350.5,0.22,0.794,"358.2111447",0.553,0.484,2.87
"442",2018,"north carolina",377.6,0.237,0.794,"192.935952",0.629,0.481,2.35
"443",2018,"north dakota",280.6,0.242,0.847,"10.75103963",0.839,0.509,2.25
"444",2018,"ohio",279.9,0.235,0.794,"260.7737028",0.788,0.489,1.27
"445",2018,"oklahoma",466.1,0.259,0.796,"56.41109315",0.653,0.49,2.24
"446",2018,"oregon",285.5,0.218,0.786,"42.59763771",0.752,0.494,1.53
"447",2018,"pennsylvania",306,0.22,0.811,"278.0878968",0.763,0.487,1.88
"448",2018,"rhode island",219.1,0.205,0.789,"684.3462783",0.715,0.486,2.34
"449",2018,"south carolina",488.3,0.234,0.785,"158.7797314",0.638,0.48,2.48
"450",2018,"south dakota",404.7,0.258,0.817,"11.44036257",0.816,0.501,1.92
"451",2018,"tennessee",623.7,0.237,0.784,"160.6399487",0.738,0.485,2.56
"452",2018,"texas",410.9,0.275,0.827,"106.8587954",0.414,0.492,1.56
"453",2018,"utah",233.1,0.311,0.854,"37.23459015",0.78,0.503,1.51
"454",2018,"vermont",172,0.195,0.797,"65.13092762",0.929,0.494,2.19
"455",2018,"virginia",200,0.236,0.823,"199.1276447",0.615,0.485,2.26
"456",2018,"washington",311.5,0.232,0.805,"105.691478",0.679,0.497,1.4
"457",2018,"west virginia",289.9,0.213,0.719,"74.52876599",0.925,0.493,2.58
"458",2018,"wisconsin",295.4,0.231,0.827,"88.76218395",0.812,0.495,2.14
"459",2018,"wyoming",212.2,0.243,0.832,"5.906546165",0.842,0.504,2.53
"460",2019,"alabama",510.8,0.237,0.773,"93.53653186",0.654,0.481,2.19
"461",2019,"alaska",867.1,0.259,0.764,"1.099432809",0.6,0.507,1.73
"462",2019,"arizona",455.3,0.24,0.789,"63.85399596",0.542,0.493,1.78
"463",2019,"arkansas",584.6,0.247,0.78,"56.74803964",0.721,0.484,2.34
"464",2019,"california",441.2,0.237,0.807,"241.3770915",0.364,0.494,2.01
"465",2019,"colorado",381,0.231,0.83,"55.32245855",0.678,0.501,2.17
"466",2019,"connecticut",183.6,0.217,0.808,"643.205304",0.657,0.487,2.01
"467",2019,"delaware",422.6,0.218,0.8,"391.2269988",0.614,0.482,2.44
"468",2019,"district of columbia",1049,0.195,0.764,"10378.66176",0.367,0.475,5.99
"469",2019,"florida",378.4,0.209,0.795,"326.6178564",0.53,0.485,2.14
"470",2019,"georgia",340.7,0.253,0.81,"178.6692974",0.52,0.482,1.99
"471",2019,"hawaii",285.5,0.228,0.799,"129.5162825",0.204,0.488,1.95
"472",2019,"idaho",223.8,0.267,0.824,"21.38430518",0.816,0.499,1.64
"473",2019,"illinois",406.9,0.237,0.824,"218.8041061",0.609,0.487,2.31
"474",2019,"indiana",370.8,0.246,0.805,"184.8495058",0.786,0.49,1.19
"475",2019,"iowa",266.6,0.244,0.832,"56.06720807",0.853,0.495,1.67
"476",2019,"kansas",410.8,0.257,0.836,"35.40817716",0.757,0.49,2.33
"477",2019,"kentucky",217.1,0.237,0.764,"110.5640715",0.845,0.49,1.63
"478",2019,"louisiana",549.3,0.25,0.75,"88.75470617",0.588,0.481,2.58
"479",2019,"maine",115.2,0.19,0.784,"37.99355568",0.932,0.484,1.63
"480",2019,"maryland",454.1,0.233,0.839,"487.3190392",0.499,0.48,2.72
"481",2019,"massachusetts",327.6,0.209,0.82,"653.0702103",0.705,0.486,2.36
"482",2019,"michigan",437.4,0.227,0.787,"103.2617511",0.749,0.49,1.72
"483",2019,"minnesota",236.4,0.243,0.836,"64.87107757",0.791,0.496,1.67
"484",2019,"mississippi",277.9,0.254,0.742,"61.45005368",0.566,0.475,0.93
"485",2019,"missouri",495,0.236,0.803,"88.04607859",0.794,0.487,2.3
"486",2019,"montana",404.9,0.226,0.785,"7.268620783",0.861,0.499,1.83
"487",2019,"nebraska",300.9,0.26,0.86,"25.00915344",0.785,0.497,1.88
"488",2019,"nevada",493.8,0.235,0.804,"27.85656405",0.478,0.497,1.81
"489",2019,"new hampshire",152.5,0.201,0.832,"145.4391914",0.898,0.494,2.05
"490",2019,"new jersey",206.9,0.23,0.851,"1018.249455",0.545,0.487,4.23
"491",2019,"new mexico",832.2,0.24,0.746,"17.24507772",0.367,0.488,0.82
"492",2019,"new york",358.6,0.217,0.796,"356.5862157",0.552,0.484,2.89
"493",2019,"north carolina",371.8,0.235,0.795,"194.8769765",0.627,0.48,2.29
"494",2019,"north dakota",284.6,0.245,0.839,"10.77911681",0.841,0.505,2.24
"495",2019,"ohio",293.2,0.234,0.799,"260.7660733",0.786,0.489,1.02
"496",2019,"oklahoma",431.8,0.256,0.796,"56.60983705",0.65,0.49,2.33
"497",2019,"oregon",284.4,0.214,0.775,"42.87233048",0.75,0.492,1.47
"498",2019,"pennsylvania",306.4,0.219,0.807,"277.9777869",0.76,0.487,1.89
"499",2019,"rhode island",221.1,0.207,0.811,"685.6705502",0.705,0.489,2.38
"500",2019,"south carolina",511.3,0.23,0.783,"160.7968145",0.637,0.477,2.33
"501",2019,"south dakota",399,0.257,0.847,"11.47179574",0.819,0.504,1.93
"502",2019,"tennessee",595.2,0.235,0.798,"162.0438022",0.736,0.484,2.59
"503",2019,"texas",418.9,0.272,0.827,"107.9535101",0.411,0.491,1.79
"504",2019,"utah",235.6,0.308,0.856,"37.76291271",0.778,0.5,1.55
"505",2019,"vermont",202.2,0.195,0.785,"64.890703",0.928,0.494,2.26
"506",2019,"virginia",208,0.234,0.827,"199.5445704",0.613,0.484,2.27
"507",2019,"washington",293.9,0.23,0.808,"106.8037392",0.675,0.497,1.45
"508",2019,"west virginia",316.6,0.212,0.731,"73.96397028",0.925,0.491,2.35
"509",2019,"wisconsin",293.2,0.23,0.831,"88.897551",0.811,0.493,2.18
"510",2019,"wyoming",217.4,0.251,0.835,"5.916994674",0.838,0.509,2.39
